श्रीः	4	1	दा
स्नु	4	1	द
चारु	8	2	दा द
मधु	8	2	द दा
मही	8	2	द दा
स्त्री	8	2	दा दा
पाञ्चालि	12	3	दा दा द
बलाका	12	3	द दा दा
मन्दरि	12	3	दा द दा
मृगी	12	3	दा द दा
मृगेन्दु	12	3	द दा द
रमणः	12	3	द दा दा
हरणि	12	3	द दा द
अनृजु	16	4	दा द दा द
ऋजु	16	4	द दा द दा
कन्या	16	4	दा दा दा दा
कला	16	4	द दा द दा
कारु	16	4	द दा दा द
क्रीडा	16	4	द दा दा दा
तावुरि	16	4	दा दा द दा
दोला	16	4	द दा दा दा
धरा	16	4	दा दा द दा
धारि	16	4	दा द दा द
नन्दः	16	4	दा द दा दा
पटु	16	4	द दा द दा
मुग्धम्	16	4	दा दा दा द
वला	16	4	दा द दा दा
वारि	16	4	द दा दा द
सती	16	4	द दा द दा
कणिका	20	5	दा दा द दा दा
कण्ठी	20	5	द दा द दा दा
कललि	20	5	द दा द दा दा
कल्कि	20	5	दा द दा द दा
किञ्जल्कि	20	5	दा दा द दा द
कुम्भारि	20	5	दा दा दा दा द
क्षुत्	20	5	दा द दा द दा
क्षुपम्	20	5	द दा द दा द
छिद्रम्	20	5	दा दा द दा द
जतु	20	5	द दा दा द दा
नरी	20	5	द दा दा द दा
नाली	20	5	द दा दा दा दा
पङ्क्तिः	20	5	दा द दा दा दा
पालि	20	5	द दा दा दा द
पांशु	20	5	द दा द दा द
प्रगुणम्	20	5	द दा दा दा दा
प्रिया	20	5	द दा दा द दा
भ्रूः	20	5	द दा दा दा द
मण्डलम्	20	5	दा द दा द दा
मालीनम्	20	5	दा दा दा द दा
लोलम्	20	5	दा दा द दा दा
वरीयः	20	5	द दा दा द दा
वार्द्धि	20	5	द दा द दा द
विट्	20	5	दा द दा दा द
वैनसम्	20	5	दा द दा द दा
शिला	20	5	द दा द दा दा
सुलूः	20	5	द दा द दा दा
सूरिणी	20	5	दा द दा दा दा
हलि	20	5	द दा द दा द
हासिका	20	5	दा दा दा द दा
ह्रीः	20	5	दा द दा दा द
अतिकलि	24	6	दा दा द दा द दा
अनिभृतम्	24	6	द दा द दा दा द
अभिख्या	24	6	द दा दा दा दा दा
अमति	24	6	दा द दा द दा द
अयमितम्	24	6	द दा द दा द दा
अरजस्का	24	6	द दा द दा दा दा
अर्ति	24	6	द दा दा द दा द
अवोढा	24	6	दा दा दा दा द दा
आर्भवम्	24	6	दा द दा द दा द
इन्धा	24	6	दा दा द दा द दा
ईतिः	24	6	दा द दा द दा दा
उपवलि	24	6	द दा द दा द दा
कच्छपी	24	6	द दा दा दा द दा
कञ्जा	24	6	द दा द दा दा दा
कमनी	24	6	द दा दा द दा दा
करेणुः	24	6	दा द दा दा दा दा
कर्मदा	24	6	दा द दा द दा दा
कंसरि	24	6	दा दा दा दा द दा
कुही	24	6	द दा द दा द दा
क्षमापालि	24	6	द दा द दा दा द
गुणवती	24	6	द दा द दा दा दा
ढुण्ढि	24	6	द दा दा दा दा द
तनुमध्या	24	6	दा दा द दा दा दा
तन्त्री	24	6	दा दा दा द दा दा
तिलका	24	6	द दा दा द दा दा
नन्दि	24	6	दा द दा दा द दा
निरसिका	24	6	द दा द दा द दा
निस्का	24	6	दा दा दा द दा दा
पन्था	24	6	द दा दा दा दा दा
पिकाली	24	6	दा द दा द दा दा
पुटमर्दि	24	6	द दा द दा दा द
प्रतरि	24	6	दा द दा द दा द
प्रोथा	24	6	दा दा दा द दा द
मङ्कुरम्	24	6	दा दा दा द दा द
मधुमारकम्	24	6	द दा दा द दा द
मन्त्रिका	24	6	दा द दा दा दा द
मन्थानकम्	24	6	दा दा द दा दा द
मशगा	24	6	द दा दा द दा दा
मालतिका	24	6	द दा द दा दा द
मृदुकीला	24	6	द दा दा दा द दा
राढि	24	6	दा द दा दा दा द
वभ्रूः	24	6	दा दा द दा दा दा
वलीमुखी	24	6	द दा द दा द दा
वसुमती	24	6	दा दा द दा द दा
विजोहा	24	6	दा द दा दा द दा
विद्युल्लेखा	24	6	दा दा दा दा दा दा
विन्दु	24	6	द दा दा दा दा द
विससि	24	6	द दा दा द दा द
वृत्तहारि	24	6	द दा दा द दा द
शङ्खद्युति	24	6	द दा दा दा द दा
शशिवदना	24	6	द दा द दा दा दा
शुनकम्	24	6	दा द दा दा द दा
सरि	24	6	द दा द दा द दा
सावटु	24	6	द दा द दा द दा
साहूति	24	6	दा दा दा दा दा द
सिन्धुरया	24	6	दा द दा दा दा दा
सुदायि	24	6	द दा द दा द दा
सोपधि	24	6	दा द दा दा द दा
सोमराजी	24	6	द दा दा द दा दा
सोमश्रुति	24	6	द दा दा दा द दा
सौरभि	24	6	दा द दा द दा दा
स्थाली	24	6	दा दा द दा द दा
हाटकशालि	24	6	दा दा द दा दा द
अचटु	28	7	द दा द दा द दा द
अधिकारी	28	7	द दा दा दा द दा दा
अधीरा	28	7	दा द दा दा दा दा दा
अनासादि	28	7	दा द दा द दा दा द
अनु	28	7	द दा द दा दा दा द
अभीकम्	28	7	द दा दा द दा दा दा
अमतिः	28	7	दा दा दा द दा द दा
अम्मेथी	28	7	दा दा दा दा द दा द
अलालापि	28	7	द दा दा द दा दा द
अहतिः	28	7	द दा दा द दा द दा
अहरि	28	7	द दा द दा द दा द
अहिंसा	28	7	दा द दा द दा दा दा
इभभ्रान्ता	28	7	दा दा दा द दा दा दा
उन्दरि	28	7	दा द दा द दा द दा
उपोदरि	28	7	द दा द दा दा द दा
उपोहा	28	7	द दा दा द दा द दा
उलपा	28	7	दा द दा द दा द दा
ऊपिकम्	28	7	द दा दा दा दा द दा
ऋचा	28	7	द दा द दा दा दा द
कठोद्गता	28	7	द दा दा द दा द दा
करभित्	28	7	द दा दा द दा दा दा
कल्पमुखी	28	7	दा द दा दा दा द दा
कंसासारि	28	7	द दा दा दा दा दा द
कामोद्धता	28	7	दा दा द दा दा द दा
कार्पिका	28	7	दा द दा द दा द दा
कालम्बी	28	7	दा दा दा द दा द दा
काही	28	7	द दा दा दा दा द दा
किणपा	28	7	दा द दा द दा दा दा
किर्मीरम्	28	7	दा दा दा दा द दा दा
किशलयम्	28	7	द दा द दा दा दा द
कुठारिका	28	7	द दा द दा दा द दा
कुमारललिता	28	7	द दा द दा द दा दा
कुरदि	28	7	द दा द दा द दा द
केशवती	28	7	द दा दा दा द दा दा
कोशि	28	7	दा द दा द दा द दा
क्रोडान्तिकम्	28	7	दा दा द दा द दा द
खरकरा	28	7	द दा द दा द दा दा
खर्परि	28	7	द दा द दा दा द दा
खर्विणी	28	7	दा द दा दा दा दा द
गुञ्जा	28	7	दा दा द दा दा दा द
गूर्णिका	28	7	दा द दा दा दा द दा
गृहिणी	28	7	द दा दा दा दा दा द
गोधि	28	7	द दा दा द दा दा द
चामरम्	28	7	दा द दा द दा द दा
चिररुचिः	28	7	द दा दा द दा द दा
जासरि	28	7	दा द दा द दा द दा
दृतिः	28	7	द दा द दा द दा दा
देवलम्	28	7	दा दा दा द दा दा द
दोषा	28	7	दा दा द दा दा द दा
धनधरि	28	7	द दा दा द दा द दा
नन्दथु	28	7	दा द दा द दा दा द
नर्हि	28	7	द दा दा द दा दा द
नवसरा	28	7	दा दा दा द दा द दा
निम्नाशया	28	7	दा दा द दा दा दा दा
निर्वाधिका	28	7	दा दा द दा द दा दा
नीहारी	28	7	दा दा दा दा दा दा द
पद्धरि	28	7	द दा दा दा दा द दा
पद्या	28	7	द दा द दा दा दा दा
परभानु	28	7	द दा दा द दा दा द
परभृतम्	28	7	द दा द दा दा द दा
पुरटि	28	7	द दा द दा दा द दा
पुरोहिता	28	7	द दा द दा द दा दा
पूर्णा	28	7	दा दा द दा दा द दा
पौरसरि	28	7	दा द दा दा द दा द
प्रतर्दि	28	7	द दा द दा द दा द
प्रहाणः	28	7	द दा दा दा दा दा दा
प्रोञ्छिता	28	7	द दा दा दा द दा द
बहुलया	28	7	दा द दा द दा द दा
भीमार्जनम्	28	7	दा दा द दा द दा दा
भूरिधामा	28	7	द दा दा दा द दा दा
भूरिमधु	28	7	दा दा दा दा द दा द
भूरिवसु	28	7	द दा दा दा द दा द
मणिमुखी	28	7	द दा द दा द दा द
मदलेखा	28	7	दा दा दा द दा दा दा
मधुमती	28	7	द दा द दा द दा दा
मयूरी	28	7	द दा दा दा द दा द
महनीया	28	7	द दा दा द दा दा दा
महोद्धता	28	7	द दा दा द दा द दा
महोधिका	28	7	द दा द दा द दा दा
महोन्मुखी	28	7	दा दा दा द दा द दा
मायाविनी	28	7	द दा दा दा दा द दा
मीनपदी	28	7	दा द दा दा द दा द
मुरजिका	28	7	द दा द दा दा द दा
मुशकि	28	7	दा दा द दा द दा द
मुहुरा	28	7	द दा दा द दा द दा
मृष्टपादा	28	7	दा द दा दा दा द दा
मेथिका	28	7	दा द दा द दा दा द
मौरलिकम्	28	7	दा द दा दा द दा दा
मौलिस्रक्	28	7	दा दा दा द दा दा द
यमनकम्	28	7	द दा दा द दा द दा
रसधारि	28	7	द दा दा द दा दा दा
राजराजी	28	7	दा दा द दा दा द दा
रुचिरम्	28	7	दा द दा द दा दा दा
लोलतनु	28	7	द दा दा दा द दा द
वयस्यः	28	7	द दा दा दा द दा दा
वरजापि	28	7	दा द दा द दा दा द
वरशशि	28	7	दा द दा द दा द दा
वर्करिता	28	7	दा दा दा दा द दा दा
वर्द्धिष्णु	28	7	दा दा द दा दा दा द
वहिर्वलि	28	7	द दा द दा दा द दा
वासकि	28	7	द दा द दा दा द दा
विरोहि	28	7	द दा द दा द दा द
वीरवटु	28	7	द दा द दा द दा द
वृन्दा	28	7	दा दा द दा द दा द
वेधाः	28	7	दा दा द दा दा दा दा
व्याहारि	28	7	दा द दा दा दा दा द
शन्तनु	28	7	दा द दा दा दा द दा
शम्बूकः	28	7	द दा दा दा दा दा दा
शरगीतिः	28	7	दा द दा द दा दा दा
शिप्रा	28	7	दा दा दा दा दा दा दा
श्रोणी	28	7	द दा द दा दा दा द
सम्पाकः	28	7	दा दा दा दा दा द दा
सरलाङ्घ्रि	28	7	दा दा द दा द दा द
सामिका	28	7	दा द दा दा द दा द
सुमोहिता	28	7	द दा द दा दा दा दा
सुरि	28	7	द दा द दा दा दा दा
सैरवी	28	7	दा द दा दा दा दा दा
सौरकान्ता	28	7	दा द दा दा द दा दा
स्तरधि	28	7	द दा द दा द दा द
स्थूला	28	7	दा दा द दा द दा दा
स्वनकरी	28	7	द दा द दा द दा दा
स्विदा	28	7	द दा द दा द दा दा
हर्षिणी	28	7	दा द दा दा द दा द
हंसमाला	28	7	दा द दा दा द दा दा
हिन्दीरम्	28	7	दा दा दा दा दा द दा
हीरम्	28	7	दा दा द दा द दा दा
होडपदा	28	7	दा द दा दा द दा दा
होला	28	7	द दा द दा दा दा दा
अखनिः	32	8	द दा द दा दा द दा दा
अतिजनि	32	8	दा दा दा दा द दा द दा
अतिमोहा	32	8	द दा दा दा द दा दा दा
अनिर्भारः	32	8	द दा दा दा दा दा दा दा
अनृतनर्म	32	8	द दा दा दा द दा दा द
अप्रीता	32	8	द दा द दा दा दा द दा
अमना	32	8	द दा दा द दा दा द दा
अमरन्दि	32	8	दा दा द दा द दा दा द
अमानिका	32	8	द दा द दा द दा दा द
अरालि	32	8	द दा द दा दा द दा दा
अरि	32	8	दा द दा द दा द दा दा
आकतनु	32	8	द दा द दा दा द दा द
आख्र्टम्	32	8	दा द दा द दा द दा द
इन्द्रफला	32	8	दा द दा दा दा दा दा दा
ईडा	32	8	दा दा द दा द दा द दा
उपलिनी	32	8	द दा द दा द दा द दा
करञ्जि	32	8	द दा द दा द दा दा द
कराली	32	8	दा दा द दा दा द दा दा
कलिला	32	8	द दा दा द दा दा द दा
किष्कु	32	8	दा दा द दा दा द दा द
कुररिका	32	8	द दा द दा द दा दा दा
कुरुचरी	32	8	दा द दा दा द दा द दा
कुलचारि	32	8	द दा द दा द दा दा द
कुलाधारी	32	8	द दा दा दा द दा दा दा
कुशकम्	32	8	दा द दा द दा द दा द
कृतयुः	32	8	द दा द दा द दा द दा
कृष्णगतिका	32	8	दा द दा द दा द दा दा
कौचमारः	32	8	द दा दा दा दा द दा दा
क्षरम्	32	8	द दा द दा द दा द दा
गजगतिः	32	8	द दा द दा द दा द दा
गोपावेदी	32	8	द दा द दा दा दा दा दा
चतुरीहा	32	8	द दा द दा द दा दा दा
चयनम्	32	8	द दा दा द दा द दा द
चित्रपदा	32	8	दा द दा दा द दा दा दा
तुङ्गा	32	8	द दा द दा द दा दा दा
दिगीशः	32	8	द दा दा द दा द दा दा
नखपदा	32	8	द दा द दा द दा दा द
नागारि	32	8	द दा दा द दा दा दा द
नाराचिका	32	8	दा दा द दा द दा द दा
निरुदम्	32	8	द दा दा द दा द दा द
पञ्चशिखा	32	8	द दा दा द दा दा दा दा
पञ्जरि	32	8	दा द दा दा दा दा द दा
परिधारा	32	8	द दा दा दा द दा दा दा
पाकलि	32	8	द दा द दा द दा द दा
पाञ्चालाङ्घ्रिः	32	8	द दा द दा दा दा दा दा
पारान्तचारी	32	8	द दा दा दा दा द दा दा
प्रतिसीरा	32	8	दा दा दा दा द दा दा दा
प्रमाणिका	32	8	द दा द दा द दा द दा
भार्ङ्गी	32	8	द दा द दा द दा दा दा
भाषा	32	8	द दा दा दा द दा द दा
भूमधारी	32	8	द दा दा द दा दा दा दा
मनोला	32	8	द दा दा द दा दा दा दा
मन्थरि	32	8	दा दा दा द दा दा द दा
मरु	32	8	द दा द दा द दा द दा
माणवकम्	32	8	दा द दा दा दा द दा दा
माण्डवकम्	32	8	द दा द दा दा द दा दा
मौलिमालिका	32	8	दा द दा द दा दा दा दा
यशस्करी	32	8	द दा द दा द दा दा दा
युगधारि	32	8	द दा दा द दा दा दा दा
रुद्राली	32	8	द दा द दा द दा दा दा
लक्ष्मी	32	8	दा द दा दा द दा दा द
लसदसु	32	8	द दा द दा द दा द दा
वलीकेन्दु	32	8	द दा दा दा द दा दा द
वातुलि	32	8	द दा दा द दा दा द दा
वात्या	32	8	दा द दा द दा दा दा दा
वान्तभारः	32	8	द दा द दा दा द दा दा
वारिशाला	32	8	द दा द दा दा द दा दा
विद्या	32	8	दा दा द दा दा द दा दा
विद्युन्माला	32	8	दा दा दा दा दा दा दा दा
विराजिकरा	32	8	द दा द दा दा दा दा दा
विहावा	32	8	द दा दा द दा दा द दा
वृतुमुखी	32	8	द दा द दा द दा दा दा
वृन्तम्	32	8	द दा दा दा दा दा द दा
वेशि	32	8	दा द दा द दा द दा द
शल्लकप्लुतम्	32	8	द दा दा दा द दा द दा
शाखोटकि	32	8	द दा द दा दा दा द दा
शिखिलिखिता	32	8	दा दा दा द दा द दा दा
श्रद्धरा	32	8	दा द दा द दा द दा दा
सन्ध्या	32	8	दा दा द दा द दा दा दा
समानिका	32	8	दा द दा द दा द दा द
सरघा	32	8	द दा दा दा दा द दा दा
सारावनदा	32	8	दा दा द दा दा द दा दा
सिन्धुक्	32	8	दा दा द दा द दा द दा
सिंहलेखा	32	8	दा द दा द दा द दा दा
सृतमधु	32	8	द दा दा दा द दा द दा
हठिनी	32	8	दा दा दा द दा द दा दा
हरित्	32	8	द दा द दा द दा दा द
हरिपदम्	32	8	द दा द दा द दा द दा
हंसरुतम्	32	8	दा दा दा द दा द दा दा
हेमरूपम्	32	8	दा द दा दा द दा द दा
अनवीरा	36	9	द दा दा दा द दा द दा दा
अयनपताका	36	9	दा दा दा द दा द दा दा दा
अर्धकला	36	9	द दा दा द दा दा द दा दा
अर्धक्षामा	36	9	दा दा दा दा दा द दा दा दा
अवनिजा	36	9	द दा द दा दा द दा द दा
आकेकरम्	36	9	दा दा द दा द दा द दा दा
उदरश्रि	36	9	द दा दा द दा दा दा दा दा
कठिनास्थि	36	9	दा द दा द दा द दा दा द
करशया	36	9	द दा द दा द दा दा द दा
कर्मिष्ठा	36	9	दा द दा द दा दा दा दा दा
कलहम्	36	9	द दा दा दा द दा दा दा दा
कामा	36	9	दा दा द दा द दा द दा दा
कांसीकम्	36	9	दा दा दा द दा द दा दा दा
कीटमाला	36	9	द दा दा द दा द दा दा द
कुहू	36	9	द दा द दा दा द दा दा द
खेलाढ्यम्	36	9	दा दा दा द दा दा दा दा दा
चुलकम्	36	9	द दा द दा द दा द दा द
तोमरम्	36	9	द दा दा द दा द दा दा द
दधि	36	9	दा द दा दा द दा दा द दा
धृतहाला	36	9	दा दा दा दा द दा दा दा दा
धौनिकम्	36	9	दा द दा द दा द दा द दा
निभालिता	36	9	द दा दा दा दा द दा द दा
निर्विन्ध्या	36	9	द दा द दा द दा दा दा दा
निषधम्	36	9	दा द दा दा द दा द दा दा
प्रवह्लिका	36	9	दा द दा द दा द दा द दा
प्रियतिलका	36	9	दा द दा दा द दा द दा दा
बिम्बम्	36	9	द दा द दा द दा द दा दा
भद्रिका	36	9	दा द दा द दा द दा द दा
भुजगशिशुभृता	36	9	द दा द दा द दा दा दा दा
भुजङ्गसङ्गता	36	9	द दा दा द दा द दा द दा
भौरिकम्	36	9	दा द दा दा द दा दा द दा
मणिमध्यम्	36	9	दा द दा दा दा दा द दा दा
मदनकम्	36	9	द दा द दा द दा द दा दा
मदनोद्धुरा	36	9	दा द दा दा द दा दा द दा
मधुमल्ली	36	9	द दा दा दा द दा दा द दा
मसृणम्	36	9	द दा द दा द दा दा दा द
मायासारी	36	9	द दा द दा दा दा दा दा दा
मुखला	36	9	द दा द दा दा दा द दा दा
मेघालोकः	36	9	द दा दा दा दा दा दा दा दा
रञ्जकम्	36	9	दा द दा द दा दा द दा दा
रम्भा	36	9	दा दा द दा द दा दा दा दा
रवोन्मुखी	36	9	दा दा द दा दा द दा द दा
रूपामाली	36	9	दा दा दा दा दा दा दा दा दा
लीला	36	9	द दा द दा दा दा द दा द
वन्दारुः	36	9	दा दा दा द दा दा दा द दा
वल्गा	36	9	दा दा द दा दा द दा दा द
वारिधियानम्	36	9	दा द दा दा दा द दा दा द
विकचवती	36	9	द दा द दा दा दा दा द दा
विशल्यम्	36	9	द दा दा द दा दा द दा दा
वीरा	36	9	दा दा दा दा द दा द दा दा
वैसारुः	36	9	दा दा द दा द दा दा दा दा
शम्बरधारी	36	9	दा द दा दा दा द दा दा दा
शरलीढा	36	9	द दा द दा दा द दा दा दा
शशिकरी	36	9	द दा दा द दा द दा दा द
सम्बुद्धिः	36	9	द दा दा दा दा द दा दा दा
सहेलिका	36	9	द दा द दा द दा दा द दा
सुगन्धिः	36	9	द दा दा द दा द दा दा दा
स्फुटघटिता	36	9	द दा द दा दा दा द दा द
हलमुखी	36	9	दा द दा द दा द दा द दा
हलोद्गता	36	9	द दा द दा दा द दा द दा
वासववन्दिता	38	10	दा दा दा द दा दा द दा द दा
वैसारी	38	9	दा दा द दा दा द दा द दा
अक्षरावली	40	10	दा द दा द दा दा द दा द दा
अचलपङ्क्तिः	40	10	दा द दा द दा द दा द दा दा
अतैलम्	40	10	द दा द दा दा द दा दा द दा
अनुचायिता	40	10	द दा द दा द दा द दा द दा
अमृतगतिः	40	10	द दा द दा दा द दा द दा दा
असितधारा	40	10	द दा दा द दा द दा द दा दा
अहिला	40	10	दा दा द दा द दा द दा द दा
आलोलघटिका	40	10	द दा दा द दा दा द दा द दा
इन्द्रः	40	10	द दा द दा दा द दा दा दा दा
उदितम्	40	10	द दा दा द दा दा द दा दा दा
उन्नालम्	40	10	दा दा द दा द दा द दा दा दा
उपधाय्या	40	10	दा द दा द दा द दा द दा दा
उपसंकुला	40	10	द दा दा द दा द दा दा द दा
ऋतम्	40	10	द दा द दा द दा द दा दा द
कर्णपालिका	40	10	दा द दा द दा दा द दा द दा
कलापान्तरिता	40	10	द दा दा द दा दा द दा दा दा
काण्डमुखी	40	10	द दा द दा द दा दा द दा दा
कामचारि	40	10	दा दा द दा द दा दा द दा द
कामनिभा	40	10	दा दा दा द दा दा दा दा द दा
कीलालम्	40	10	दा द दा दा दा दा दा दा द दा
कुप्यम्	40	10	दा द दा द दा दा द दा द दा
कूलम्	40	10	दा दा द दा द दा दा दा दा दा
कृकपादि	40	10	द दा द दा द दा द दा दा द
कृतकवलि	40	10	द दा द दा द दा द दा द दा
कृतमणिता	40	10	दा द दा द दा द दा द दा दा
केरम्	40	10	दा द दा दा द दा दा द दा दा
खेटकम्	40	10	दा द दा द दा द दा दा द दा
खौरलि	40	10	द दा द दा दा दा दा दा द दा
गणदेहा	40	10	द दा दा दा दा दा द दा दा दा
गहना	40	10	दा द दा द दा द दा द दा दा
घटिका	40	10	दा दा द दा द दा द दा द दा
चम्पकमाला	40	10	दा द दा दा दा दा द दा दा दा
चरपदम्	40	10	द दा द दा दा द दा दा द दा
चारुचारणम्	40	10	दा द दा द दा द दा द दा द
चितिभृतम्	40	10	द दा द दा द दा द दा द दा
छलितकम्	40	10	द दा द दा दा द दा द दा दा
जरा	40	10	द दा द दा दा द दा दा द दा
तनिमा	40	10	द दा द दा द दा द दा दा दा
द्वारवहा	40	10	दा द दा दा दा द दा दा दा दा
धमनिका	40	10	द दा दा द दा द दा द दा दा
धूम्राली	40	10	द दा दा द दा दा दा दा दा दा
नमेरुः	40	10	दा दा द दा दा द दा द दा दा
नरगा	40	10	द दा द दा दा दा द दा दा दा
निर्मेधा	40	10	द दा द दा दा द दा दा दा दा
नीरनिधिः	40	10	द दा द दा दा द दा द दा द
नीराञ्जलिः	40	10	दा दा द दा द दा दा दा द दा
नीरोहा	40	10	द दा दा दा द दा दा दा दा दा
नेमधारि	40	10	द दा द दा द दा दा द दा द
पणवः	40	10	दा दा दा द दा द दा दा द दा
पद्मावर्त्तः	40	10	दा दा दा दा दा दा दा दा दा दा
परिचारवती	40	10	दा दा द दा द दा दा द दा दा
प्रभासिता	40	10	दा दा दा द दा दा द दा द दा
प्रभासिता	40	10	द दा दा द दा दा द दा द दा
प्रवादपदा	40	10	द दा दा द दा द दा द दा दा
प्रसरा	40	10	दा दा दा द दा दा द दा दा दा
फलधरम्	40	10	द दा द दा द दा दा द दा दा
फलिनी	40	10	द दा द दा दा दा दा द दा दा
बलधारी	40	10	द दा दा दा द दा द दा दा दा
बोधातुरा	40	10	द दा दा दा दा दा द दा दा दा
भिन्नपदम्	40	10	दा द दा दा द दा द दा द दा
मकरमुखी	40	10	द दा द दा द दा द दा द दा
मत्ता	40	10	दा दा दा दा द दा द दा दा दा
मध्याधारा	40	10	दा दा दा दा द दा दा दा दा दा
मनोरमा	40	10	द दा द दा द दा द दा द दा
मयूरसारिणी	40	10	दा द दा द दा द दा द दा दा
महिमावसायि	40	10	द दा दा दा द दा दा द दा द
रसभूम	40	10	द दा दा द दा द दा द दा द
लुलितम्	40	10	द दा दा द दा दा द दा दा द
वडिशभेदिनी	40	10	द दा द दा द दा द दा द दा
वनिताविनोदि	40	10	द दा द दा द दा दा द दा द
वर्मिता	40	10	दा द दा द दा द दा दा द दा
वर्हातुरा	40	10	दा दा द दा द दा दा दा द दा
वंशारोपी	40	10	द दा दा दा द दा दा दा दा दा
वारवती	40	10	द दा दा दा द दा दा द दा दा
विरलम्	40	10	दा द दा द दा दा दा द दा दा
विराट्	40	10	दा दा दा द दा दा द दा द दा
विरेकि	40	10	दा द दा द दा द दा द दा द
विशदच्छायः	40	10	द दा दा दा दा द दा दा दा दा
विशालप्रभम्	40	10	द दा द दा दा द दा दा द दा
विशालान्तिकम्	40	10	दा दा द दा दा द दा दा द दा
विश्वप्रमा	40	10	दा दा द दा दा द दा दा द दा
विश्वमुखी	40	10	दा द दा दा द दा दा द दा दा
विस्रंसि	40	10	द दा द दा द दा दा दा द दा
वीरान्ता	40	10	द दा द दा द दा दा दा दा दा
शरत्	40	10	द दा द दा द दा दा द दा दा
शेफाली	40	10	द दा दा दा दा दा दा दा दा दा
सरसमुखी	40	10	दा दा द दा द दा द दा दा द
सराविका	40	10	द दा द दा द दा द दा द दा
सहजा	40	10	द दा दा द दा दा द दा द दा
संहतिका	40	10	द दा दा द दा द दा दा द दा
सुखेला	40	10	द दा दा द दा द दा द दा दा
सुरयानवती	40	10	द दा दा द दा दा दा द दा दा
सुराक्षी	40	10	द दा द दा दा दा द दा दा दा
सुषमा	40	10	दा दा द दा दा दा दा द दा दा
हीरलम्बि	40	10	दा द दा दा द दा दा द दा द
हीराङ्गी	40	10	दा दा दा द दा द दा दा दा दा
हेमहासः	40	10	दा द दा दा द दा दा द दा दा
असुधा	42	11	द दा दा दा द दा दा द दा द दा
करधा	42	10	दा दा दा द दा दा द दा द दा
कान्ता	42	11	दा दा दा द दा दा द दा द दा दा
केतुः	42	11	दा द दा दा द दा द दा द दा दा
केतुमती	42	10	द दा दा द दा द दा द दा दा
भद्रविराट्	42	10	दा दा द दा दा द दा द दा दा
युद्धविराट्	42	11	दा दा दा द दा दा द दा द दा दा
वर्गवती	42	11	दा द दा दा द दा दा द दा दा दा
वेगवती	42	10	द दा दा द दा दा द दा दा दा
वैयाली	42	11	द दा द दा द दा दा द दा द दा
समुद्रकान्ता	42	10	दा दा द दा दा द दा द दा दा
सुधा	42	10	दा दा दा द दा दा द दा द दा
सुन्दरी	42	11	द दा दा दा द दा दा द दा द दा
सुन्दरी	42	10	द दा दा द दा दा द दा द दा
अगरिम्	44	11	द दा द दा द दा द दा द दा द
अनुकूला	44	11	दा द दा दा दा द दा द दा दा दा
अनूपकम्	44	12	द दा द दा दा द दा दा द दा द दा
अन्तर्वनिता	44	11	दा दा दा द दा दा दा दा दा दा दा
अपयोधा	44	11	द दा दा दा द दा दा दा दा दा दा
अमन्दपादः	44	11	दा द दा द दा दा द दा द दा दा
अमालीनम्	44	11	द दा दा द दा दा दा दा दा दा दा
अमोघमालिका	44	11	द दा द दा द दा द दा दा दा दा
अयवती	44	11	द दा दा दा दा दा द दा द दा दा
अरुन्तुदः	44	10	द दा दा द दा दा द दा द दा
अर्थशिखा	44	11	दा द दा द दा द दा दा द दा दा
अवहित्रा	44	11	दा द दा दा द दा दा द दा दा दा
आख्यानकी	44	11	दा दा द दा दा द दा दा द दा दा
आराधिनी	44	11	दा दा द दा दा दा दा दा दा दा दा
आशापादः	44	11	दा दा दा दा द दा द दा दा द दा
इन्द्रवज्रा	44	11	दा दा द दा दा द दा दा द दा दा
ईहामृगी	44	11	दा दा द दा द दा दा दा द दा दा
उदितदिनेशः	44	11	द दा दा द दा द दा दा दा दा दा
उदितविजोहा	44	11	दा दा द दा दा द दा द दा दा दा
उद्धतिकरी	44	11	दा द दा द दा दा दा दा दा दा दा
उपचित्रम्	44	11	द दा दा द दा दा द दा दा द दा
उपचित्रा	44	11	द दा दा द दा दा द दा दा द दा
उपदारिका	44	11	दा द दा द दा द दा द दा द दा
उपस्थितम्	44	11	द दा द दा द दा दा दा द दा दा
उपस्थिता	44	11	दा दा द दा दा द दा दा द दा दा
उपहितचण्डी	44	11	द दा दा दा द दा द दा दा दा दा
उपेन्द्रवज्रा	44	11	द दा द दा दा द दा दा द दा दा
औपगवम्	44	11	द दा द दा द दा दा द दा द दा
औपगवीतम्	44	11	दा द दा दा द दा दा द दा द दा
कडारम्	44	11	द दा दा द दा द दा दा दा दा दा
कनककामिनी	44	11	द दा द दा दा द दा द दा द दा
कनकमञ्जरी	44	11	द दा द दा द दा दा द दा द दा
कन्दविनोदः	44	11	दा द दा दा दा दा द दा दा दा दा
करभोद्धता	44	11	दा द दा दा दा द दा द दा द दा
करीरिता	44	12	द दा दा दा द दा द दा द दा द दा
कर्णिनी	44	11	दा द दा द दा द दा द दा दा दा
कलस्वनवंशः	44	11	दा द दा दा द दा दा दा द दा दा
कलितकमलविलासः	44	11	द दा द दा द दा दा दा दा दा दा
कामुकलेखा	44	11	दा द दा दा दा दा द दा दा दा द
कालवर्म	44	11	द दा द दा द दा द दा द दा द
कुशलकलावतिका	44	11	दा दा दा द दा द दा दा द दा दा
कूलचारिणी	44	11	दा द दा द दा द दा दा दा दा दा
केलिचरम्	44	11	द दा द दा दा दा द दा द दा द
क्रोशितकुशला	44	11	दा द दा द दा दा द दा दा दा दा
खटका	44	11	द दा द दा दा द दा दा द दा दा
गम्भारि	44	11	दा द दा दा द दा दा द दा दा द
गल्लकम्	44	11	द दा द दा द दा द दा दा द दा
गह्वरम्	44	11	दा द दा दा द दा दा द दा द दा
जवनशालिनी	44	11	द दा दा द दा दा द दा दा द दा
जालपादः	44	11	दा दा द दा दा दा दा द दा दा दा
जिह्माशया	44	11	दा दा द दा द दा द दा द दा दा
दमनकम्	44	11	द दा द दा द दा द दा द दा दा
दामघटिता	44	11	द दा द दा द दा दा द दा द दा
दारिका	44	11	द दा दा द दा द दा द दा द दा
दारुदेहा	44	11	दा द दा दा द दा दा द दा दा दा
दोधकम्	44	11	दा द दा दा द दा दा द दा दा दा
नवनीलता	44	10	द दा दा द दा दा द दा द दा
नाभसम्	44	11	द दा द दा दा द दा द दा द दा
निरवधिगतिः	44	11	द दा द दा द दा दा द दा द दा
नीला	44	11	दा दा द दा द दा दा द दा द दा
पञ्चशाखी	44	11	द दा द दा द दा द दा द दा दा
पटुपट्टिका	44	11	द दा दा द दा द दा दा द दा दा
परिमलललितम्	44	11	द दा द दा द दा दा दा द दा दा
पातशीला	44	12	द दा दा द दा द दा दा दा द दा दा
पिचुलम्	44	11	द दा दा द दा दा द दा द दा द
प्रतारिता	44	11	द दा दा द दा द दा द दा द दा
प्रपातावतारम्	44	11	द दा दा द दा दा दा द दा द दा
प्रफुल्लकदली	44	11	द दा द दा द दा दा दा दा दा दा
प्रसृमरकरा	44	11	द दा द दा द दा द दा दा द दा
प्राकारबन्धः	44	11	दा दा द दा दा द दा दा द दा दा
भद्रा	44	11	दा दा द दा दा द दा दा द दा दा
भारती	44	11	दा दा दा दा दा दा दा दा दा दा दा
भुजगहारिणी	44	11	द दा द दा द दा द दा दा द दा
भुजङ्गी	44	11	द दा दा द दा दा द दा दा द दा
भुजलता	44	11	द दा द दा द दा दा दा द दा दा
भूरिघटकम्	44	11	दा दा दा द दा द दा दा दा दा दा
भ्रमरविलसिता	44	11	दा दा दा दा द दा द दा द दा दा
मदनमाला	44	11	द दा द दा द दा द दा द दा दा
मदनया	44	11	द दा द दा द दा दा दा द दा दा
मात्रा	44	11	दा दा दा द दा द दा द दा दा दा
मालविका	44	11	दा दा द दा दा द दा द दा द दा
मेघध्वनिपूरः	44	11	दा दा द दा दा दा दा दा दा दा दा
मोटनकम्	44	11	दा दा द दा दा द दा दा द दा दा
रथपदम्	44	11	द दा द दा द दा द दा दा दा दा
रथोद्धता	44	11	दा द दा द दा द दा द दा द दा
रोधकम्	44	11	द दा द दा द दा दा द दा दा दा
लक्षणलीला	44	11	दा द दा दा दा द दा दा दा दा दा
ललितागमनम्	44	11	द दा दा द दा दा द दा दा दा दा
ललितालबालम्	44	11	द दा दा द दा द दा दा दा दा दा
वर्णबलाका	44	11	द दा दा द दा दा दा द दा दा दा
वल्लवीविलासः	44	11	दा द दा द दा दा द दा दा दा दा
वातोर्मी	44	11	दा दा दा दा द दा दा दा द दा दा
वारयात्रिकम्	44	11	दा द दा दा द दा दा द दा द दा
वार्त्ताहारी	44	11	द दा द दा दा द दा दा दा दा दा
विकसितपद्मावली	44	11	द दा द दा दा दा द दा दा दा दा
विपरीताख्यानकी	44	11	द दा द दा दा द दा दा द दा दा
विमला	44	11	द दा दा द दा दा द दा द दा दा
विलम्बितमध्या	44	11	दा दा दा द दा दा द दा दा दा दा
विलुलितमञ्जरी	44	11	द दा द दा दा द दा दा दा दा दा
विश्वविराट्	44	11	दा दा दा द दा दा द दा द दा दा
विष्टम्भः	44	11	द दा दा द दा दा द दा दा दा दा
विहारिणी	44	11	द दा दा द दा द दा दा द दा दा
वीवधः	44	11	द दा द दा दा द दा द दा द दा
शल्कशकलम्	44	11	दा द दा द दा द दा दा द दा दा
शालभञ्जिका	44	11	द दा दा द दा द दा द दा द दा
शालिनी	44	11	दा दा दा दा दा द दा दा द दा दा
शेषापीडम्	44	11	दा दा दा दा द दा द दा दा द दा
श्रमितशिखण्डी	44	11	दा द दा द दा दा दा द दा दा दा
श्रितकमला	44	11	दा द दा दा द दा द दा दा दा दा
श्रुतकीर्त्तिः	44	11	द दा द दा दा दा दा द दा दा दा
संपातशीला	44	10	दा दा द दा दा दा दा द दा दा
समयवती	44	11	दा दा द दा द दा दा दा द दा दा
समित्	44	11	द दा द दा दा दा द दा द दा दा
सम्मदमालिका	44	11	द दा द दा द दा द दा दा द दा
सरोजवनिका	44	11	द दा द दा द दा द दा द दा दा
संश्रयश्रीः	44	11	दा दा द दा दा द दा दा द दा द
संसृतशोभासारः	44	11	द दा दा दा दा द दा दा दा दा दा
सान्द्रपदम्	44	11	दा द दा दा दा द दा द दा दा द
सामपदा	44	11	दा दा दा द दा दा द दा द दा दा
सारिका	44	11	दा द दा द दा द दा द दा द दा
सीधुः	44	11	द दा दा दा द दा दा द दा द दा
सुभद्रिका	44	11	द दा द दा द दा दा द दा द दा
सुमुखी	44	11	द दा द दा दा द दा दा द दा दा
सुवृत्तिः	44	11	द दा दा द दा द दा द दा दा दा
सेनिका	44	11	दा द दा द दा द दा द दा द दा
सैनिकम्	44	11	द दा द दा द दा द दा द दा द
सौभगकला	44	11	दा द दा द दा द दा द दा द दा
सौरभवर्द्धिनी	44	11	द दा द दा दा दा द दा दा द दा
स्वागता	44	11	दा द दा द दा द दा द दा दा दा
हरिकान्ता	44	11	द दा दा दा द दा दा दा द दा दा
हंसी	44	11	द दा द दा दा द दा दा द दा दा
अकुसुमचरम्	46	12	दा द दा द दा द दा दा द दा दा दा
अपरवक्त्रम्	46	11	द दा द दा द दा दा द दा द दा
अलिपदम्	46	13	दा द दा दा द दा द दा द दा दा द दा
अवाचीकृतवदना	46	12	दा दा द दा द दा दा द दा द दा दा
असुराढ्या	46	11	दा दा दा द दा दा द दा द दा दा
ईहा	46	12	द दा द दा दा द दा दा द दा दा दा
उपाढ्यम्	46	12	दा द दा दा द दा दा द दा द दा दा
उपाढ्यम्	46	11	द दा द दा द दा द दा द दा दा
उपोद्गता	46	12	द दा दा दा द दा दा द दा द दा दा
उपोद्गता	46	11	द दा दा द दा दा द दा द दा दा
कमलाकरा	46	11	दा द दा दा द दा दा द दा दा दा
किन्नटकः	46	11	दा दा द दा दा द दा दा द दा दा
किलिकिता	46	11	दा द दा द दा द दा द दा द दा
किलिकिता	46	12	द दा द दा द दा द दा द दा द दा
किंशुकावली	46	13	दा दा दा द दा द दा दा द दा द दा दा
कोरकिता	46	11	दा द दा दा द दा दा द दा दा दा
जारिणी	46	10	द दा द दा दा द दा दा द दा
द्रुतमध्या	46	11	दा द दा दा द दा दा द दा दा दा
नटकः	46	12	द दा दा द दा दा द दा दा द दा दा
परवक्त्रम्	46	12	द दा द दा दा द दा दा द दा द दा
पाटलिका	46	12	द दा द दा दा दा द दा द दा दा दा
प्रमालिका	46	12	द दा दा दा द दा दा द दा द दा दा
मृदुमालती	46	12	द दा द दा दा द दा दा द दा द दा
लुप्ता	46	12	द दा दा दा द दा दा द दा दा द दा
वसन्तमालिका	46	11	द दा दा द दा दा द दा द दा दा
विमानिनी	46	12	दा दा दा द दा द दा दा द दा द दा
विमानिनी	46	11	द दा दा दा द दा दा द दा द दा
शिशिरशिखा	46	11	द दा द दा द दा दा द दा द दा
शुकावली	46	10	दा दा द दा दा द दा द दा दा
साचीकृतवदना	46	11	द दा द दा दा दा दा द दा दा दा
सुराढ्या	46	12	द दा द दा द दा दा द दा द दा दा
हरिणीप्लुता	46	12	द दा द दा द दा दा द दा दा द दा
हरिणीप्लुता	46	11	द दा दा द दा दा द दा दा द दा
हरिलुप्ता	46	11	द दा दा द दा दा द दा दा द दा
अकोषकृष्टा	48	14	द दा दा दा द दा दा द दा द दा द दा दा
अतिवासिता	48	12	द दा दा द दा दा दा द दा द दा दा
अनीचकम्	48	12	द दा द दा द दा द दा द दा द दा
अन्तर्विकासवासकः	48	12	दा दा द दा द दा द दा द दा द दा
अरिला	48	12	द दा दा दा द दा दा द दा दा द दा
अर्जितफलिका	48	12	दा द दा द दा दा दा द दा द दा दा
अर्दितपादम्	48	12	दा द दा द दा द दा दा द दा दा दा
अर्पितमदना	48	12	दा द दा द दा दा द दा द दा दा दा
अर्भकपङ्क्तिः	48	12	द दा दा दा द दा दा द दा द दा दा
अविरलरतिका	48	12	दा द दा द दा द दा दा द दा द दा
असुधारा	48	12	द दा द दा द दा दा द दा द दा दा
आधिदैवी	48	12	द दा दा दा दा दा द दा दा द दा दा
इन्दुवंशा	48	12	दा दा द दा दा द दा दा द दा द दा
उज्ज्वला	48	12	द दा द दा द दा दा द दा दा द दा
उदयनमुखी	48	12	द दा द दा द दा द दा द दा द दा
उदर्करचिता	48	12	द दा दा द दा दा द दा द दा द दा
उपधानम्	48	12	द दा द दा द दा द दा द दा दा दा
उपमेया	48	12	द दा द दा दा द दा दा द दा द दा
उपलेखा	48	12	द दा दा दा द दा द दा द दा द दा
उपसरसीकम्	48	12	द दा दा दा द दा द दा द दा दा दा
उलपोहा	48	12	दा द दा दा द दा दा द दा द दा दा
करमाला	48	12	द दा दा दा द दा दा दा द दा दा दा
कलवल्लिविहङ्गः	48	12	द दा द दा दा द दा दा दा द दा दा
कामाक्षी	48	13	द दा दा द दा दा द दा द दा द दा दा
कासारक्रान्ता	48	12	दा दा दा दा दा द दा दा द दा दा दा
किंशुकास्तरणम्	48	12	दा द दा द दा दा द दा दा दा दा दा
कुमारगतिः	48	12	द दा द दा द दा दा द दा द दा दा
कुमुदिनीविकाशः	48	12	द दा द दा दा द दा द दा द दा दा
कुम्भोध्नी	48	12	दा दा दा दा द दा द दा द दा दा दा
कुरङ्गावतारः	48	12	द दा दा द दा दा द दा दा द दा दा
कुसुमविचित्रा	48	12	द दा द दा दा दा द दा द दा दा दा
कृतकतिका	48	12	द दा द दा द दा द दा द दा द दा
गलितनाला	48	12	द दा द दा द दा द दा दा दा द दा
चन्द्रवर्त्म	48	12	दा द दा द दा द दा द दा द दा दा
छलितकपदम्	48	12	दा दा द दा द दा द दा द दा दा दा
जलधरमाला	48	12	दा दा दा दा द दा द दा दा दा दा दा
जलोद्धतगतिः	48	12	द दा द दा द दा द दा द दा द दा
ज्वलिता	48	12	द दा दा द दा द दा द दा द दा दा
तरलनयनम्	48	12	द दा द दा द दा द दा द दा द दा
तामरसम्	48	12	द दा द दा दा द दा दा द दा दा दा
तोटकम्	48	12	द दा दा द दा दा द दा दा द दा दा
दोर्लीला	48	12	द दा दा द दा दा द दा दा दा दा दा
द्रुतपदम्	48	12	द दा द दा द दा द दा द दा दा दा
द्रुतविलम्बितम्	48	12	द दा द दा द दा दा द दा दा द दा
धवलकरी	48	12	द दा द दा द दा दा द दा दा दा दा
धृष्टपदम्	48	12	दा द दा दा द दा द दा द दा दा दा
नगमहिता	48	12	द दा दा दा द दा दा द दा द दा दा
नयमालिनी	48	12	द दा द दा दा द दा द दा द दा दा
निमग्नकीला	48	12	द दा द दा दा द दा दा द दा दा द
नीरान्तिकम्	48	12	दा दा द दा द दा द दा द दा दा दा
नीलगिरिका	48	12	दा द दा द दा द दा द दा द दा दा
पथिकान्ता	48	12	दा द दा द दा द दा दा द दा दा दा
परितोषा	48	12	द दा दा द दा द दा दा द दा दा दा
परिपुङ्खिता	48	12	दा द दा द दा दा द दा द दा द दा
परिमितविजया	48	12	द दा द दा द दा दा द दा द दा दा
परिलेखः	48	12	द दा द दा दा द दा दा द दा दा दा
पिकालिका	48	12	दा द दा द दा द दा दा द दा द दा
पुटः	48	12	द दा द दा द दा दा दा दा द दा दा
प्रभा	48	12	द दा द दा द दा दा द दा दा द दा
प्रमिताक्षरा	48	12	द दा दा द दा द दा द दा द दा दा
प्रसृमरमरालिका	48	12	द दा द दा द दा द दा द दा द दा
प्रियंवदः	48	12	द दा द दा द दा द दा द दा द दा
बद्धा	48	11	दा दा दा दा द दा द दा द दा दा
बधिरा	48	12	द दा दा दा द दा दा द दा द दा दा
बलोर्जिता	48	12	द दा द दा दा द दा द दा द दा दा
भसलविनोदिता	48	12	द दा द दा द दा द दा द दा द दा
भासितभरणम्	48	12	दा द दा द दा दा दा दा दा दा दा दा
भासितसरणिः	48	12	दा द दा द दा द दा द दा द दा दा
भुजङ्गजुषी	48	12	दा द दा द दा दा दा द दा द दा दा
भुजङ्गप्रयातम्	48	12	द दा दा द दा दा द दा दा द दा दा
मणिमाला	48	12	दा दा द दा दा दा दा दा द दा दा दा
मत्ताली	48	12	दा दा दा दा दा द दा दा दा दा दा दा
मलयसुरभिः	48	12	दा दा दा द दा द दा द दा दा दा दा
मालती	48	12	द दा द दा दा द दा दा द दा द दा
मिथुनमाली	48	12	द दा द दा द दा दा दा दा दा दा दा
मिहिरा	48	12	द दा द दा द दा द दा दा द दा दा
मुकुलितकलिकावली	48	12	दा द दा द दा द दा द दा दा द दा
मोदकम्	48	12	दा द दा दा द दा दा द दा दा द दा
मौक्तिकदाम	48	12	द दा द दा दा द दा दा द दा दा द
रसिकपरिचिता	48	12	द दा दा दा दा द दा द दा द दा दा
राधिका	48	12	द दा दा दा द दा दा द दा दा द दा
रूपावलिः	48	12	दा दा द दा द दा द दा द दा द दा
ललना	48	12	दा द दा दा दा दा द दा दा द दा दा
ललामललिताधरा	48	12	द दा द दा द दा द दा द दा द दा
ललितम्	48	12	द दा द दा द दा दा दा दा दा द दा
ललिता	48	12	दा दा द दा द दा द दा द दा द दा
लीढालर्कः	48	12	दा दा दा दा दा द दा द दा द दा दा
लीलारत्नम्	48	12	दा दा दा दा दा दा द दा दा दा दा दा
लुम्बाक्षी	48	12	द दा दा द दा दा द दा द दा दा दा
वनिताभरणम्	48	12	दा द दा दा द दा द दा दा द दा दा
वनिताविलोकः	48	12	दा दा द दा दा द दा द दा द दा दा
वरत्रा	48	12	दा द दा द दा द दा दा द दा दा दा
वलभी	48	12	दा द दा दा द दा दा द दा द दा दा
वंशस्थम्	48	12	द दा द दा दा द दा दा द दा द दा
वसनविशाला	48	12	द दा द दा द दा द दा दा दा दा दा
वसन्तहासः	48	12	दा दा दा दा द दा द दा दा द दा दा
वासरमणिका	48	12	दा द दा द दा दा द दा दा दा द दा
विकत्थनम्	48	12	द दा द दा दा द दा द दा द दा दा
विकलवकुलवल्ली	48	12	द दा द दा द दा दा दा द दा दा द
विजयपरिचया	48	12	द दा द दा द दा दा दा द दा दा दा
विद्याधारः	48	12	दा दा दा दा दा दा दा दा दा दा दा दा
विद्रुमदोला	48	12	द दा द दा दा दा दा दा द दा दा दा
विधारिता	48	12	द दा द दा दा द दा दा द दा द दा
विपुलपालिका	48	12	दा द दा द दा द दा द दा दा द दा
विप्लुतशिखा	48	12	दा द दा द दा द दा द दा दा द दा
वियद्वाणी	48	12	द दा दा दा द दा दा द दा द दा दा
वियद्वाणी	48	12	दा दा दा द दा दा द दा द दा दा दा
वियोगवती	48	12	द दा द दा दा द दा द दा द दा दा
विरतप्रभा	48	12	दा द दा दा द दा द दा द दा द दा
विरतिमहती	48	12	दा दा द दा द दा द दा द दा दा दा
विरला	48	12	द दा दा द दा द दा दा द दा द दा
विरलोद्धता	48	12	दा दा दा द दा दा द दा द दा द दा
विलासवापी	48	10	दा दा द दा दा द दा द दा दा
विवरविलसितम्	48	12	दा दा द दा द दा द दा दा दा दा दा
विशालाम्भोजाली	48	12	दा दा द दा द दा द दा दा दा दा दा
विशिखलता	48	12	द दा द दा दा द दा द दा दा द दा
विषमव्याली	48	12	द दा द दा द दा दा दा दा दा दा दा
वीणादण्डम्	48	12	द दा द दा द दा द दा दा दा दा दा
वीरणमाला	48	12	दा द दा दा दा द दा द दा द दा दा
वैश्वदेवी	48	12	दा दा दा दा दा दा द दा दा द दा दा
व्यायोगवती	48	12	दा दा द दा दा द दा द दा द दा दा
शम्पा	48	12	दा दा द दा द दा दा दा दा दा दा दा
शरमेया	48	12	द दा दा दा द दा द दा द दा दा दा
शिशिरा	48	12	दा दा द दा दा द दा दा द दा द दा
शुद्धान्तम्	48	12	द दा द दा द दा द दा दा दा दा दा
सङ्गमवती	48	12	दा द दा द दा द दा द दा द दा दा
समयप्रहिता	48	12	द दा दा द दा दा द दा दा द दा दा
सम्मदवदना	48	12	दा द दा दा द दा दा द दा द दा दा
सरसीकम्	48	12	दा दा द दा द दा द दा द दा दा दा
सरोजावाली	48	12	द दा दा द दा दा दा द दा दा द दा
साक्षी	48	12	द दा दा द दा दा द दा द दा दा दा
सारङ्गः	48	12	दा दा द दा दा द दा दा द दा दा द
सिक्तमणिमाला	48	12	दा द दा द दा दा दा दा द दा दा दा
सुखशैलम्	48	12	दा दा दा दा द दा दा दा द दा दा दा
सुतलम्	48	12	द दा दा दा द दा द दा दा दा द दा
सुभद्रावतरणिः	48	12	दा दा दा दा दा द दा दा द दा द दा
सुवनमालिका	48	12	दा दा द दा द दा द दा द दा द दा
सुविहिता	48	12	द दा दा द दा दा द दा द दा द दा
स्रग्विणी	48	12	दा द दा दा द दा दा द दा दा द दा
स्वरवर्षिणी	48	12	द दा दा द दा द दा दा द दा दा दा
अञ्चिताग्रा	50	13	द दा द दा दा द दा दा द दा द दा दा
अप्रमाथिनी	50	12	द दा दा दा द दा दा द दा द दा दा
अमरावती	50	13	द दा द दा द दा द दा द दा द दा दा
अमरावती	50	12	दा द दा द दा द दा द दा द दा द
चमूरुः	50	13	द दा दा द दा द दा दा द दा द दा दा
चमूरुभीरुः	50	12	दा द दा द दा द दा दा द दा द दा
पद्मावती	50	13	द दा दा द दा द दा द दा द दा दा दा
पद्मावती	50	12	दा दा द दा द दा द दा द दा दा दा
पुष्पिताग्रा	50	12	द दा द दा द दा दा द दा द दा दा
प्रमाथिनी	50	13	द दा द दा दा द दा दा द दा द दा दा
अखण्डमण्डनम्	52	13	द दा द दा द दा दा द दा द दा द दा
अट्टासिनी	52	13	दा दा द दा द दा दा द दा द दा दा द
अडमरुः	52	13	द दा द दा द दा द दा द दा द दा द
अतिरंहः	52	13	द दा द दा दा द दा दा द दा द दा दा
अतिसुरहिता	52	13	दा दा द दा द दा द दा द दा द दा दा
अनङ्गपदम्	52	13	दा द दा दा द दा दा द दा दा द दा दा
अनिरया	52	13	द दा द दा द दा द दा दा द दा द दा
अनिलोद्धतमुखी	52	13	द दा द दा द दा दा द दा द दा द दा
अभिरामा	52	13	द दा दा दा द दा दा दा द दा द दा दा
अभीरुका	52	13	द दा द दा द दा द दा द दा द दा दा
अभ्रभ्रमशीला	52	13	दा दा द दा दा दा द दा दा दा द दा दा
अमितनगानिका	52	13	दा द दा द दा दा द दा द दा दा द दा
अम्बुदावली	52	13	द दा दा द दा दा द दा दा द दा द दा
अर्धकुसुमिता	52	13	दा द दा द दा दा द दा द दा द दा दा
अर्धरुतम्	52	13	दा द दा द दा द दा दा दा द दा द दा
अल्परुतम्	52	13	दा द दा द दा द दा दा द दा दा द दा
अशनिः	52	13	द दा द दा द दा दा दा द दा द दा द
अशोकपुष्पम्	52	13	द दा द दा द दा दा द दा द दा द दा
आनता	52	13	दा दा दा द दा द दा द दा दा द दा दा
आननमूलम्	52	13	दा द दा दा दा द दा दा दा द दा दा दा
आपणिका	52	13	द दा द दा दा द दा दा द दा दा द दा
उदात्तहासः	52	13	द दा द दा दा द दा द दा द दा द दा
उपगतशिखा	52	13	द दा द दा द दा द दा द दा दा द दा
उपचितरतिका	52	13	दा द दा द दा द दा दा द दा दा द दा
उपसरसी	52	13	द दा दा द दा द दा दा द दा द दा दा
उल्काभासः	52	13	दा दा दा दा दा द दा द दा दा दा दा दा
कठिनी	52	13	द दा द दा द दा द दा द दा दा द दा
कनककेतकी	52	13	दा दा द दा द दा द दा द दा दा द दा
कनकिता	52	13	दा द दा दा द दा द दा द दा द दा दा
कन्दः	52	13	द दा दा द दा दा द दा दा द दा दा द
करपल्लवोद्गता	52	13	द दा दा द दा दा द दा दा द दा द दा
कर्मठः	52	13	दा द दा दा द दा दा द दा दा द दा दा
कलना	52	13	द दा दा द दा द दा द दा द दा दा दा
कलनायिका	52	13	द दा द दा दा द दा द दा द दा द दा
कलनावती	52	13	द दा दा द दा द दा द दा द दा द दा
कलहंसः	52	13	द दा दा द दा द दा द दा द दा दा दा
कलाधामम्	52	13	दा द दा दा द दा द दा द दा दा दा दा
कलापतिप्रभा	52	13	दा द दा द दा द दा द दा द दा द दा
किरातः	52	13	द दा द दा दा द दा दा द दा दा द दा
कीरलेखा	52	13	द दा द दा द दा द दा द दा द दा दा
कुबेरकटिका	52	13	द दा दा द दा दा द दा द दा द दा दा
कोमलकल्पकलिका	52	13	द दा दा द दा दा द दा दा द दा द दा
गरुदवारिता	52	13	द दा द दा द दा द दा द दा दा द दा
गुणसारिका	52	13	द दा द दा दा द दा दा द दा दा द दा
चञ्चरीकावली	52	13	द दा दा दा दा दा दा द दा दा द दा दा
चण्डी	52	13	द दा द दा द दा द दा दा द दा दा दा
चन्द्रहासकरा	52	13	दा द दा द दा दा द दा द दा दा द दा
चन्द्रिका	52	13	द दा द दा द दा दा दा द दा दा द दा
जगत्समानिका	52	13	द दा दा द दा दा द दा द दा द दा दा
तारकम्	52	13	द दा दा द दा दा द दा दा द दा दा दा
दर्पमाला	52	13	द दा दा द दा दा दा द दा दा द दा दा
द्रुतलम्बिनी	52	13	द दा दा द दा दा द दा द दा दा द दा
धीरावर्त्तः	52	13	दा दा दा दा दा द दा दा दा द दा दा दा
धीरावर्त्तः	52	13	दा दा दा दा द दा द दा दा दा दा दा दा
नरावलिः	52	13	दा दा द दा द दा द दा द दा द दा दा
निर्मधुवारि	52	13	दा दा द दा द दा दा द दा द दा दा द
पङ्कजधारिणी	52	13	दा दा दा द दा दा द दा द दा द दा दा
पङ्कवती	52	13	दा द दा द दा द दा दा द दा दा द दा
पङ्कावलिः	52	13	दा द दा द दा द दा दा दा द दा द दा
परगतिः	52	13	दा द दा द दा द दा द दा द दा द दा
परिवृढम्	52	13	द दा द दा दा द दा दा द दा दा द दा
पारावतः	52	13	दा दा द दा दा द दा दा द दा दा द दा
पृषद्वती	52	13	दा दा द दा द दा दा द दा द दा द दा
प्रज्ञामूलम्	52	13	दा दा दा दा द दा द दा द दा दा दा दा
प्रपातलिका	52	13	दा द दा द दा दा द दा द दा द दा दा
प्रबोधफलिता	52	13	दा द दा द दा द दा द दा द दा द दा
प्रभावती	52	13	दा दा द दा द दा द दा दा द दा द दा
प्रमोदः	52	13	द दा द दा द दा दा द दा दा द दा दा
प्रमोदतिलका	52	13	दा दा द दा द दा द दा द दा दा द दा
प्रवाहिका	52	13	द दा द दा दा द दा दा द दा दा द दा
प्रहर्षिणी	52	13	दा दा दा द दा द दा दा द दा द दा दा
भसलमदम्	52	13	दा द दा द दा दा द दा द दा दा द दा
भाजनशीला	52	13	दा दा द दा दा दा दा द दा दा द दा दा
भुजङ्गभृता	52	13	द दा दा द दा दा द दा दा द दा दा दा
मञ्जुभाषिणी	52	13	द दा दा द दा द दा द दा द दा द दा
मञ्जुमालती	52	13	दा द दा द दा द दा द दा द दा द दा
मत्तमयूरः	52	13	दा दा दा दा दा द दा दा दा द दा दा दा
मदनजवनिका	52	13	द दा द दा दा दा द दा द दा द दा दा
मधुवारि	52	13	द दा दा द दा द दा द दा द दा द दा
मयूखसरणिः	52	13	दा द दा द दा दा द दा द दा द दा दा
मर्मस्फुरम्	52	13	दा दा द दा द दा द दा द दा दा द दा
माणविकाविकाषः	52	13	दा दा द दा द दा दा द दा दा द दा दा
मृगेन्द्रमुखम्	52	13	द दा द दा दा द दा दा द दा द दा दा
रसधारा	52	13	द दा द दा दा दा द दा द दा दा दा दा
रुचिमुखी	52	13	द दा द दा द दा द दा दा द दा दा दा
रुचिरा	52	13	द दा द दा द दा द दा दा द दा द दा
रुचिवर्णा	52	13	द दा द दा द दा द दा द दा द दा दा
लवलीलता	52	13	दा द दा दा द दा द दा द दा द दा दा
लीलालोलः	52	13	दा दा दा दा द दा द दा दा दा दा दा दा
लोध्रशिखा	52	13	दा दा दा द दा दा द दा दा द दा दा दा
वरिवशिता	52	13	द दा दा द दा दा द दा द दा द दा दा
वामवदना	52	13	दा द दा द दा द दा दा द दा दा द दा
वासविलासवती	52	13	दा द दा दा द दा दा द दा दा दा दा दा
विदला	52	13	द दा द दा द दा दा दा द दा द दा दा
विधुरवितानम्	52	13	द दा द दा द दा दा द दा द दा दा दा
विनताक्षी	52	13	द दा दा दा द दा द दा द दा द दा दा
विपन्नकदनम्	52	13	द दा द दा द दा द दा द दा दा दा दा
विभा	52	13	द दा द दा दा दा दा दा द दा दा दा दा
विमुखी	52	13	द दा द दा द दा दा द दा द दा दा दा
विरोधिनी	52	13	द दा द दा द दा द दा दा द दा द दा
वृद्धवामा	52	13	दा दा द दा दा द दा दा द दा दा द दा
शलभलोला	52	13	द दा दा द दा दा द दा द दा द दा दा
शिशुमुखी	52	13	द दा द दा द दा द दा द दा दा द दा
श्रद्धरान्ता	52	13	दा द दा दा द दा दा द दा दा द दा दा
सव्याली	52	13	दा दा दा दा दा दा दा दा दा दा दा दा दा
सारसनावलिः	52	13	द दा द दा द दा द दा द दा दा द दा
सार्द्धपदा	52	13	दा द दा द दा दा द दा दा द दा द दा
सुकर्णपूरम्	52	13	द दा द दा द दा द दा द दा द दा दा
सुखकारिका	52	13	द दा दा द दा द दा दा द दा दा दा द
सुरहिता	52	13	द दा द दा द दा द दा दा द दा दा दा
स्विन्नशरीरम्	52	13	दा द दा दा दा द दा दा द दा दा द दा
हरवनिता	52	13	द दा द दा द दा द दा द दा द दा दा
अतिप्रतिविनीता	54	14	द दा दा दा द दा दा द दा द दा द दा दा
अनालेपनम्	54	14	द दा द दा द दा द दा दा द दा दा द दा
आलेपनम्	54	13	द दा द दा दा द दा दा द दा दा द दा
प्रतिविनीता	54	13	द दा द दा दा दा द दा द दा द दा दा
बृहच्छरावती	54	15	द दा दा दा द दा द दा द दा दा द दा द दा
मदाक्रान्ता	54	13	द दा दा द दा दा द दा द दा द दा दा
लास्यलीला	54	14	दा द दा द दा दा दा दा द दा दा द दा दा
लास्यलीलालयः	54	13	दा दा द दा दा दा दा द दा दा द दा दा
शरावती	54	12	द दा द दा द दा दा द दा द दा दा
सम्मदाक्रान्ता	54	14	दा दा दा द दा दा द दा द दा द दा दा दा
अकहरि	56	14	द दा द दा द दा द दा द दा द दा द दा
अञ्चलवती	56	14	दा द दा द दा द दा दा द दा द दा द दा
अनन्तदामा	56	14	द दा द दा द दा द दा दा द दा द दा दा
अनिन्दगुर्विन्दुः	56	14	द दा द दा दा दा दा दा द दा द दा दा दा
अपराजिता	56	14	द दा द दा द दा दा द दा द दा दा द दा
अर्कशेषा	56	14	दा द दा द दा द दा द दा द दा द दा दा
अलकालिका	56	14	दा दा द दा द दा दा द दा द दा दा द दा
अलोला	56	14	दा दा दा द दा दा दा दा दा दा द दा दा दा
असम्बाधा	56	14	दा दा दा दा दा द दा द दा द दा दा दा दा
अहीनताली	56	12	दा दा दा द दा द दा दा द दा द दा
इन्द्रवदना	56	14	दा द दा द दा द दा द दा द दा द दा दा
उन्नर्म	56	14	दा द दा दा द दा द दा दा द दा दा दा द
उपकारिका	56	14	द दा दा द दा द दा दा द दा द दा दा द
कर्णिशरः	56	14	दा द दा दा द दा दा द दा दा दा द दा दा
कलहेतिका	56	14	द दा दा द दा द दा दा द दा द दा द दा
कलाधरः	56	14	दा द दा दा द दा द दा द दा द दा द दा
कल्पकान्ता	56	14	दा द दा दा दा द दा दा द दा दा द दा दा
कल्पमीलिता	56	14	दा द दा दा द दा दा द दा दा द दा द दा
काकिणिका	56	14	द दा द दा दा द दा द दा द दा द दा दा
कामला	56	14	द दा द दा द दा दा दा दा द दा दा द दा
कामशाला	56	14	दा द दा दा द दा दा द दा दा द दा दा द
कारविणी	56	14	दा द दा द दा द दा द दा द दा द दा दा
कालध्वानम्	56	14	दा दा दा दा दा दा द दा द दा दा दा दा दा
कुडङ्गिका	56	14	द दा द दा द दा द दा द दा द दा द दा
कुररीरुता	56	14	द दा द दा दा द दा द दा द दा द दा दा
कुसुम्भिनी	56	14	द दा द दा द दा द दा दा द दा द दा दा
कूर्चललितम्	56	14	दा द दा दा द दा दा द दा दा द दा द दा
कृतमालम्	56	14	दा दा द दा दा द दा दा दा दा द दा दा दा
क्रीडायतनम्	56	14	द दा दा द दा दा द दा दा दा दा द दा दा
गगनगतिका	56	14	दा द दा द दा दा द दा द दा द दा द दा
गगनोद्गता	56	14	दा द दा द दा द दा द दा द दा दा द दा
चक्रम्	56	14	दा द दा द दा द दा द दा द दा द दा दा
चूडापीडम्	56	14	दा दा दा दा द दा द दा द दा दा दा दा दा
चेलाञ्चलम्	56	14	दा दा द दा द दा द दा दा द दा द दा दा
जलदरसिता	56	14	द दा द दा द दा द दा दा द दा दा द दा
जाहमुखी	56	14	दा द दा दा द दा दा द दा दा द दा दा दा
दृप्तदेहा	56	14	द दा दा दा द दा दा दा द दा दा द दा दा
धीरध्वानम्	56	14	दा दा दा दा दा दा दा दा दा द दा दा दा दा
नान्दीमुखी	56	14	द दा द दा द दा दा दा द दा दा द दा दा
नासाभरणम्	56	14	दा दा द दा दा दा दा द दा दा दा द दा दा
निर्मुक्तमाला	56	14	दा दा दा दा द दा दा द दा द दा द दा दा
निर्यत्पारावारः	56	14	दा दा दा दा दा द दा दा द दा दा द दा दा
पथ्या	56	14	द दा दा द दा द दा द दा द दा दा द दा
परिणाही	56	14	दा दा दा दा द दा द दा दा दा द दा दा दा
परीवाहः	56	14	द दा द दा दा द दा दा द दा दा द दा दा
पारावारः	56	14	दा दा द दा द दा द दा द दा दा दा दा दा
पुष्पशकटिका	56	14	दा द दा द दा दा दा दा द दा दा द दा दा
प्रतिभादर्शनम्	56	14	द दा दा दा द दा दा दा द दा द दा दा दा
प्रपन्नपानीयम्	56	14	दा दा द दा दा दा दा दा द दा द दा दा दा
प्रपातः	56	14	द दा दा द दा दा द दा दा द दा दा द दा
प्रहरणकलिका	56	14	द दा द दा द दा दा द दा द दा द दा दा
बभ्रुलक्ष्मीः	56	14	दा द दा दा द दा दा दा द दा दा द दा दा
बिम्बालक्ष्यम्	56	14	दा दा दा दा द दा दा दा द दा दा द दा दा
भूरिशिखा	56	14	द दा दा द दा दा दा दा दा दा दा द दा दा
मदावदाता	56	14	द दा दा दा द दा दा द दा द दा द दा दा
मधुपालि	56	14	द दा दा द दा दा द दा दा द दा दा द दा
मन्मथः	56	14	द दा दा द दा दा दा द दा दा द दा दा दा
रतिरेख	56	14	दा दा द दा दा दा दा द दा दा द दा दा दा
ललितपताका	56	14	द दा द दा द दा द दा दा द दा दा दा दा
वशमूलम्	56	14	द दा दा दा द दा द दा दा द दा द दा दा
वंशोत्तंसा	56	14	दा दा द दा दा दा द दा दा दा दा दा दा दा
वसन्ततिलका	56	14	दा दा द दा द दा द दा द दा दा द दा दा
वाटिकाविकाशः	56	14	दा द दा द दा द दा दा दा द दा द दा दा
वासन्ती	56	14	दा दा दा दा दा द दा द दा दा दा दा दा दा
वितानिता	56	14	द दा द दा द दा द दा द दा द दा द दा
विनन्दिनी	56	14	द दा दा द दा दा द दा दा द दा दा द दा
विन्ध्यारूढम्	56	14	दा दा दा दा द दा दा दा दा दा दा द दा दा
विपाकवती	56	14	द दा द दा द दा द दा द दा दा द दा दा
विलम्बनीया	56	14	द दा द दा द दा द दा दा द दा द दा दा
विशम्भरि	56	14	द दा द दा द दा द दा दा द दा द दा द
शारदचन्द्रः	56	14	दा दा द दा दा दा द दा दा दा द दा दा दा
सङ्कल्पासारः	56	14	दा दा दा दा दा दा दा दा दा दा दा दा दा दा
सम्बोधा	56	14	द दा द दा दा द दा द दा द दा दा दा दा
सरमासरणिः	56	14	द दा दा द दा दा दा दा द दा दा द दा दा
सुधाधरा	56	14	दा द दा द दा द दा दा द दा द दा द दा
हीनताली	56	16	द दा दा दा द दा द दा दा द दा द दा द दा दा
हेतिः	56	14	द दा द दा दा द दा दा द दा द दा दा द
हेममिहिका	56	14	दा द दा द दा द दा दा द दा द दा दा द
अपरप्रीणिता	58	16	द दा द दा द दा द दा दा दा दा द दा दा द दा
अवरोधवनिता	58	14	द दा द दा द दा दा द दा दा द दा द दा
अवरोधवनिता	58	15	द दा दा द दा दा द दा द दा द दा द दा दा
परप्रीणिता	58	13	द दा द दा द दा दा दा द दा दा द दा
प्रमोदपदम्	58	15	द दा द दा दा द दा दा द दा द दा द दा दा
प्रमोदपरिणीता	58	14	द दा द दा द दा दा द दा द दा द दा दा
आनद्धम्	60	15	दा द दा द दा द दा द दा दा दा द दा दा दा
ऊहिनी	60	15	दा द दा द दा दा द दा दा द दा द दा दा द
एला	60	15	द दा दा द दा द दा द दा द दा द दा दा दा
कर्णलता	60	15	द दा दा दा द दा दा द दा द दा दा द दा दा
कुमारलीला	60	15	दा दा दा द दा द दा द दा दा द दा द दा दा
क्रीडितकटका	60	15	दा द दा द दा दा द दा दा दा दा दा दा दा दा
चमरीचरम्	60	15	द दा द दा द दा दा द दा द दा द दा द दा
चार्वटकम्	60	15	दा दा दा दा द दा दा द दा दा दा दा दा दा दा
चित्रा	60	15	दा दा दा दा दा दा दा दा दा द दा दा द दा दा
जननिधिवेला	60	15	द दा द दा दा दा द दा दा दा दा दा द दा दा
तूणकम्	60	15	दा द दा द दा द दा द दा द दा द दा द दा
दीपकम्	60	15	दा द दा दा दा द दा द दा दा दा द दा दा दा
धोरितम्	60	15	दा द दा द दा द दा द दा दा द दा द दा दा
निशिपालम्	60	15	दा द दा द दा द दा द दा द दा द दा द दा
नूतनम्	60	15	दा द दा द दा द दा द दा दा द दा दा द दा
परिमलम्	60	15	द दा द दा दा दा द दा द दा दा द दा दा दा
प्रभद्रकम्	60	15	द दा द दा दा द दा द दा द दा द दा द दा
प्लवङ्गमः	60	15	दा द दा दा द दा दा दा द दा द दा दा द दा
बहुलाभ्रम्	60	15	द दा दा दा द दा द दा दा दा द दा दा दा दा
भ्रमरावलिका	60	15	द दा दा द दा दा द दा दा द दा दा द दा दा
मणिहंसः	60	15	द दा दा द दा द दा दा द दा द दा दा द दा
मदनमालिका	60	15	द दा द दा द दा द दा द दा द दा दा द दा
मयूवदना	60	15	दा द दा द दा द दा दा द दा द दा दा द दा
मालिनी	60	15	द दा द दा द दा दा दा दा द दा दा द दा दा
मितसक्थि	60	15	द दा द दा द दा द दा दा द दा द दा दा द
लास्यकारी	60	15	दा द दा दा द दा दा द दा दा द दा दा द दा
लीलाचन्द्रम्	60	15	दा दा दा दा दा दा दा दा द दा दा दा द दा दा
लीलालेखः	60	15	दा दा दा दा दा दा दा दा दा दा दा दा दा दा दा
वज्राली	60	15	दा दा द दा दा दा दा दा दा दा दा दा दा दा दा
वाणीभूषा	60	15	दा दा दा दा दा दा दा दा द दा द दा दा दा दा
विपिनतिलकम्	60	15	द दा द दा द दा द दा द दा द दा दा द दा
विशकलिता	60	15	दा दा दा दा द दा द दा दा दा द दा द दा दा
शङ्कावली	60	15	दा दा द दा द दा दा द दा द दा द दा द दा
शरकल्पा	60	15	द दा द दा द दा द दा दा द दा द दा दा दा
शरहतिः	60	15	द दा द दा द दा द दा द दा द दा द दा द
शशिकला	60	15	द दा द दा द दा द दा द दा द दा द दा दा
शान्तसुरभिः	60	15	दा द दा द दा द दा द दा द दा दा द दा दा
शीर्शविरहिता	60	15	दा दा द दा दा दा दा द दा दा द दा द दा दा
सारिणी	60	15	दा द दा द दा द दा द दा द दा द दा द दा
सिंहपुच्छम्	60	15	द दा दा द दा दा द दा दा द दा दा द दा दा
स्फोटकृईडम्	60	15	द दा द दा दा दा दा दा दा दा दा दा दा दा दा
अनासववासिता	62	16	द दा दा दा द दा दा द दा द दा द दा द दा दा
आसववासिता	62	15	द दा द दा द दा द दा द दा द दा द दा दा
अचलधृतिः	64	16	द दा द दा द दा द दा द दा द दा द दा द दा
अनिलोहा	64	16	द दा दा दा द दा दा दा द दा दा दा द दा दा दा
अभिधात्री	64	16	द दा दा द दा दा द दा दा द दा द दा द दा दा
आरभटी	64	16	दा द दा दा द दा द दा द दा दा द दा दा दा दा
ऋषभगजविलसितम्	64	16	दा द दा दा द दा द दा द दा द दा द दा द दा
कमलपरम्	64	16	द दा द दा दा दा द दा द दा दा दा दा द दा दा
कलधौतपदम्	64	16	द दा दा द दा दा द दा दा द दा दा द दा दा दा
कलहकरम्	64	16	द दा द दा द दा द दा द दा द दा दा द दा दा
कल्पधारि	64	16	दा द दा दा द दा दा द दा द दा द दा द दा द
कल्पाहारी	64	16	द दा द दा द दा द दा द दा द दा दा दा दा दा
कुल्यावर्त्तम्	64	16	दा दा दा दा दा दा द दा दा दा द दा दा दा द दा
खगतिः	64	16	दा द दा दा द दा दा द दा दा द दा दा द दा दा
गरुडरुतम्	64	16	द दा द दा दा द दा द दा द दा द दा दा द दा
चकिता	64	16	दा द दा द दा दा दा दा दा दा दा द दा द दा दा
चन्द्रापीडम्	64	16	दा दा दा दा दा दा दा दा दा दा दा दा दा दा दा दा
चित्रम्	64	16	दा द दा द दा द दा द दा द दा द दा द दा द
तरवारिका	64	16	द दा द दा द दा द दा दा द दा द दा दा द दा
त्रोटकम्	64	16	द दा द दा दा द दा द दा दा द दा दा द दा दा
दन्तालिका	64	16	दा दा द दा दा दा दा द दा दा दा दा द दा दा द
नरशिखी	64	16	द दा द दा द दा द दा द दा द दा द दा द दा
नराचः	64	16	द दा द दा द दा द दा द दा द दा द दा द दा
परिखायतनम्	64	16	द दा दा द दा दा द दा दा दा द दा द दा दा दा
प्रतीपवल्ली	64	16	द दा दा द दा दा दा द दा दा द दा द दा दा दा
प्रवरललितम्	64	16	द दा दा दा दा दा द दा द दा द दा दा द दा दा
भीमावर्त्तः	64	16	दा दा दा दा द दा द दा द दा द दा द दा दा दा
भोगावलिः	64	16	दा दा द दा द दा द दा द दा दा दा द दा दा दा
मदनललिता	64	16	दा दा दा दा द दा द दा द दा दा दा द दा द दा
मार्दङ्गी	64	14	द दा दा द दा द दा द दा द दा द दा दा
मार्दङ्गी	64	18	दा दा दा द दा द दा दा द दा द दा द दा द दा दा दा
मालावलयम्	64	16	दा दा दा दा द दा द दा दा दा द दा द दा दा दा
माल्योपस्थम्	64	16	द दा द दा द दा द दा द दा दा दा दा दा दा दा
वक्रावलोकः	64	16	द दा द दा द दा दा दा दा दा द दा दा द दा दा
वलिवदनम्	64	16	द दा द दा दा दा दा दा दा दा द दा द दा दा दा
वाणिनी	64	16	द दा द दा दा द दा द दा द दा द दा द दा दा
वासववासिनी	64	16	द दा द दा दा द दा द दा द दा द दा दा द दा
वासिनी	64	16	दा दा द दा दा द दा द दा द दा द दा दा द दा
शिशुभरणम्	64	16	द दा द दा द दा द दा द दा द दा द दा दा दा
सारवरोहा	64	16	दा द दा दा दा द दा द दा दा दा द दा द दा दा
सूतशिखा	64	16	दा दा द दा दा दा द दा दा दा द दा द दा दा दा
अचलनयनम्	68	17	द दा द दा द दा द दा द दा द दा द दा द दा द
अतिशायिनी	68	17	द दा दा द दा दा द दा द दा द दा द दा द दा दा
कर्णस्फोटम्	68	17	द दा द दा दा दा दा दा द दा द दा दा दा दा दा द
कान्तारम्	68	17	द दा दा दा दा दा द दा द दा द दा दा द दा दा द
कामरूपम्	68	17	दा दा दा दा द दा दा द दा द दा द दा दा द दा दा
कालसारोद्धतः	68	17	द दा द दा दा द दा दा द दा द दा द दा दा द दा
कासारम्	68	17	दा दा दा दा दा दा दा दा द दा द दा दा दा द दा दा
क्रूराशनम्	68	17	दा दा द दा द दा दा दा द दा द दा द दा दा दा दा
तितिक्षा	68	17	दा द दा द दा द दा दा दा द दा द दा द दा दा दा
नर्दटकम्	68	17	द दा द दा दा द दा द दा द दा द दा दा द दा दा
पृथ्वी	68	17	द दा द दा द दा द दा द दा द दा द दा दा द दा
प्रतीहारः	68	17	दा द दा दा द दा दा द दा दा द दा दा द दा दा द
फल्गुः	68	17	द दा दा दा द दा द दा दा दा द दा द दा दा दा द
बालविक्रीडितम्	68	17	दा द दा द दा दा द दा द दा द दा द दा दा द दा
भाराक्रान्ता	68	17	दा दा दा दा द दा द दा द दा द दा द दा दा द दा
मन्दाक्रान्ता	68	17	दा दा दा दा द दा द दा द दा दा द दा दा द दा दा
मानाक्रान्ता	68	17	दा दा दा दा दा दा दा दा दा दा दा दा दा दा दा दा दा
मालाधरः	68	17	द दा द दा द दा द दा द दा द दा द दा दा द दा
वल्वजम्	68	17	दा द दा दा द दा दा दा द दा द दा द दा दा दा दा
वंशपत्रपतितम्	68	17	दा द दा दा द दा द दा द दा द दा द दा द दा दा
वंशलः	68	17	दा द दा दा दा द दा दा द दा दा द दा दा द दा दा
वाहान्तरितम्	68	17	दा दा द दा द दा दा द दा दा द दा द दा द दा दा
विधुरविरहिता	68	17	द दा दा दा दा द दा दा दा दा द दा द दा द दा दा
विरुदरुतम्	68	17	दा दा दा दा द दा द दा दा दा द दा दा दा द दा दा
वीरविश्रामः	68	17	द दा द दा द दा दा द दा द दा द दा द दा दा दा
शायिनी	68	17	द दा द दा द दा द दा द दा द दा द दा द दा दा
शिखरिणी	68	17	द दा दा दा दा दा द दा द दा द दा दा द दा द दा
शुकवनिता	68	17	द दा दा द दा दा दा द दा दा द दा द दा द दा दा
सलेखा	68	17	द दा द दा द दा दा दा दा द दा द दा द दा दा दा
हारिणी	68	17	दा दा दा दा द दा द दा द दा दा दा द दा दा द दा
अर्धान्तरालापि	72	18	दा दा द दा दा द दा दा द दा दा द दा दा द दा दा द
अश्वगतिः	72	18	दा द दा दा द दा दा द दा दा द दा दा द दा द दा दा
कुसुमितलतावेल्लिता	72	18	दा दा दा दा दा द दा द दा द दा दा द दा दा द दा दा
क्रीडचन्द्रम्	72	18	द दा दा द दा दा द दा दा द दा दा द दा दा द दा दा
क्रोडक्रीडम्	72	18	दा दा दा दा द दा द दा द दा द दा दा द दा दा द दा
चन्द्रलेखा	72	18	दा दा दा दा द दा द दा द दा दा दा द दा दा द दा दा
तुमुलकम्	72	18	द दा द दा द दा द दा द दा द दा द दा द दा द दा
दण्डी	72	18	दा दा द दा द दा दा दा द दा द दा दा दा द दा द दा
नन्दनम्	72	18	द दा द दा दा द दा द दा द दा द दा द दा दा द दा
नाराचम्	72	18	द दा द दा द दा दा द दा दा द दा दा द दा दा द दा
नीलशार्दूलम्	72	18	द दा द दा द दा दा दा दा द दा दा द दा दा द दा दा
पतङ्गपादः	72	18	द दा द दा दा द दा दा द दा दा द दा दा द दा दा द
परामोदः	72	18	द दा दा द दा दा द दा दा द दा द दा द दा दा दा दा
परिपोषकम्	72	18	द दा दा द दा दा द दा दा द दा दा द दा दा द दा दा
पर्विणी	72	18	द दा द दा द दा दा द दा द दा द दा द दा दा द दा
पार्थिवम्	72	18	द दा द दा द दा द दा द दा द दा द दा द दा द दा
मञ्जीरा	72	18	दा दा दा दा दा दा दा द दा दा दा दा द दा दा दा दा दा
मत्तकोकिलम्	72	18	दा द दा द दा दा द दा द दा दा द दा द दा दा द दा
वसुपदमञ्जरी	72	18	द दा द दा दा द दा द दा द दा द दा दा द दा द दा
विलुलितवनमाला	72	18	द दा द दा द दा दा दा दा द दा द दा द दा दा दा दा
शार्दूलललितम्	72	18	दा दा दा द दा दा द दा द दा द दा दा दा द दा द दा
षट्पदेरितम्	72	18	द दा द दा द दा द दा द दा द दा द दा द दा द दा
सत्केतुः	72	18	दा दा दा द दा द दा द दा द दा द दा द दा द दा दा
सिन्धुसौवीरम्	72	18	दा द दा दा द दा दा द दा दा द दा दा द दा दा द दा
हरिणप्लुतम्	72	18	दा दा दा द दा दा द दा द दा दा द दा द दा दा द दा
हीरकहारधरम्	72	18	दा द दा दा द दा दा द दा दा द दा दा द दा दा द दा
कलापदीपकम्	76	19	दा द दा द दा द दा द दा द दा द दा द दा द दा द दा
कल्पलतापताकिनी	76	19	दा दा दा द दा द दा द दा द दा दा द दा दा द दा द दा
किरणकीर्त्तिः	76	19	दा दा द दा दा द दा दा द दा द दा द दा द दा द दा दा
ग्रावास्तरणम्	76	19	दा दा दा दा द दा द दा दा दा द दा दा दा दा दा द दा दा
छाया	76	19	द दा दा दा दा दा द दा द दा द दा दा दा द दा दा द दा
झिल्लीलीला	76	19	द दा द दा दा दा दा दा दा दा दा दा द दा द दा दा दा दा
टङ्कणम्	76	19	दा द दा द दा द दा द दा द दा द दा द दा द दा द दा
धवलम्	76	19	द दा द दा द दा द दा द दा द दा द दा द दा द दा दा
निर्गलितमेखला	76	19	द दा द दा द दा दा द दा द दा द दा द दा द दा द दा
प्रपञ्चचामरम्	76	19	द दा द दा द दा दा द दा द दा द दा द दा द दा द दा
फुल्लदाम	76	19	दा दा दा दा दा द दा द दा द दा दा दा द दा दा द दा दा
माराभिसरणम्	76	19	दा दा द दा द दा दा दा दा दा द दा द दा दा द दा दा दा
मेघविस्फूर्जिता	76	19	द दा दा दा दा दा द दा द दा द दा दा द दा दा द दा दा
लोललोलम्बलीलम्	76	19	दा द दा दा द दा दा द दा दा द दा दा द दा दा द दा दा
विधुनिधुवनम्	76	19	दा दा दा द दा द दा द दा दा दा द दा द दा दा दा दा दा
शम्भुः	76	19	द दा दा दा दा द दा दा दा दा द दा दा दा दा दा दा दा दा
शार्दूलविक्रीडितम्	76	19	दा दा दा द दा दा द दा द दा द दा दा दा द दा दा द दा
शिलीमुखोज्जृम्भितम्	76	19	दा दा दा द दा दा द दा द दा द दा द दा द दा दा द दा
सुरसा	76	19	दा दा दा दा द दा दा द दा द दा द दा दा दा द दा द दा
अवन्ध्योपचारः	80	20	द दा दा द दा दा द दा दा द दा दा द दा दा द दा दा द दा
ईदृषम्	80	20	दा द दा द दा द दा द दा द दा द दा द दा द दा द दा द
उत्पलमालिका	80	20	दा द दा दा द दा द दा द दा द दा दा द दा दा द दा द दा
गीतिका	80	20	द दा दा द दा द दा दा द दा द दा दा द दा द दा दा द दा
भारावतारः	80	20	द दा द दा दा द दा दा द दा द दा द दा द दा दा द दा दा
भूरिशोभा	80	20	दा दा दा दा दा दा द दा द दा द दा दा दा द दा दा द दा दा
भेकालोकः	80	20	दा द दा दा दा दा दा दा दा दा दा द दा द दा द दा दा दा दा
मत्तेभविक्रीडितम्	80	20	द दा दा दा द दा दा द दा द दा द दा दा दा द दा दा द दा
वाणीवाणः	80	20	दा दा दा दा द दा द दा दा दा द दा दा दा द दा दा दा दा दा
विष्वग्वितानम्	80	20	दा दा द दा द दा द दा द दा द दा दा दा द दा दा द दा दा
वीरविमानम्	80	20	दा द दा दा द दा दा द दा दा द दा दा द दा दा द दा दा दा
शोभा	80	20	द दा दा दा दा दा द दा द दा द दा दा दा द दा दा द दा दा
संलक्ष्यलीला	80	20	द दा द दा द दा द दा द दा द दा द दा द दा दा द दा दा
सुवदना	80	20	दा दा दा दा द दा दा द दा द दा द दा दा दा दा द दा द दा
सौरभशोभासारः	80	20	दा द दा दा दा दा दा दा द दा द दा द दा दा द दा द दा दा
अशोकलोकः	84	21	दा दा दा दा दा दा दा दा दा दा दा दा दा दा द दा द दा दा दा दा
कनकमालिका	84	21	दा द दा द दा द दा द दा द दा द दा द दा द दा द दा द दा
कमलशिखा	84	21	द दा द दा दा दा दा दा दा दा द दा द दा दा द दा दा द दा दा
कलमतल्लिका	84	21	द दा द दा द दा द दा द दा द दा द दा द दा द दा दा द दा
तडिदम्बरम्	84	21	दा द दा दा द दा दा द दा दा द दा दा द दा दा द दा दा द दा
तल्पकतल्लजम्	84	21	दा द दा दा द दा दा द दा दा द दा दा द दा द दा द दा दा दा
दूरावलोकः	84	21	दा दा दा दा द दा दा द दा द दा द दा दा दा दा द दा दा द दा
प्रतिमा	84	21	द दा दा द दा दा द दा दा द दा दा द दा दा द दा दा द दा दा
मन्दाक्षमन्दरम्	84	21	द दा द दा द दा दा दा दा दा दा दा द दा द दा द दा दा दा दा
ललितललाम	84	21	द दा द दा दा द दा दा द दा दा द दा दा द दा दा द दा द दा
विद्यदाली	84	21	द दा दा द दा दा द दा दा द दा दा द दा दा द दा दा द दा दा
शरकाण्डप्रकाण्डम्	84	21	द दा दा दा द दा द दा द दा द दा दा द दा दा द दा दा द दा
सरसी	84	21	द दा द दा दा द दा द दा द दा द दा दा द दा दा द दा द दा
स्रग्धरा	84	21	दा दा दा दा द दा दा द दा द दा द दा दा दा द दा दा द दा दा
अचलविरतिः	88	22	द दा द दा द दा द दा द दा द दा द दा द दा द दा द दा द दा
अयमानम्	88	22	द दा दा द दा दा द दा दा द दा दा द दा दा द दा दा द दा दा दा
अर्भकमाला	88	22	दा द दा दा दा द दा द दा दा दा द दा द दा दा दा दा द दा दा दा
कङ्कणक्वाणः	88	22	दा द दा दा द दा दा द दा दा द दा दा द दा दा द दा दा द दा दा
कङ्कणक्वाणवाणी	88	22	दा दा दा दा द दा दा द दा दा द दा दा द दा दा द दा दा द दा दा
द्रुतमुखम्	88	22	द दा द दा द दा द दा द दा द दा दा दा दा दा द दा द दा दा दा
निष्कलकण्ठी	88	22	दा द दा दा दा दा द दा दा दा दा द दा दा दा द दा दा दा द दा दा
भद्रकम्	88	22	दा द दा दा द दा द दा द दा द दा द दा द दा द दा द दा द दा
भस्त्रानिस्तरणम्	88	22	दा दा दा द दा दा दा द दा द दा द दा दा द दा द दा द दा दा दा
भीमाभोगः	88	22	दा दा दा दा दा द दा दा द दा दा दा दा दा दा दा द दा दा द दा दा
भुजङ्गोद्धतम्	88	22	दा दा द दा द दा दा द दा दा द दा द दा दा दा द दा द दा द दा
भोगावली	88	22	दा दा द दा द दा दा द दा द दा दा द दा द दा द दा द दा द दा
मदिरा	88	22	दा द दा दा द दा दा द दा दा द दा दा द दा दा द दा दा द दा दा
वनवासिनी	88	22	द दा दा द दा दा द दा द दा द दा दा द दा द दा द दा द दा द
वासकलीला	88	22	दा द दा दा दा दा द दा दा दा दा द दा दा दा दा द दा दा दा दा दा
वीरनीराजना	88	22	द दा दा द दा दा द दा दा द दा दा दा द दा दा द दा दा द दा दा
सितस्तवकः	88	22	दा दा द दा द दा द दा दा द दा द दा द दा दा द दा द दा द दा
स्वर्णाभरणम्	88	22	द दा दा द दा दा द दा दा द दा दा द दा द दा दा दा दा द दा दा
अद्रितनया	92	23	द दा द दा दा द दा द दा द दा द दा द दा द दा द दा द दा द दा
अमरचमरी	92	23	द दा द दा द दा द दा द दा द दा द दा द दा द दा द दा द दा दा
इन्द्रविमानम्	92	23	दा द दा दा दा द दा द दा दा दा दा दा द दा द दा द दा द दा दा दा
गोत्रगरीयः	92	23	दा द दा दा दा द दा द दा दा दा द दा दा दा द दा द दा दा द दा दा
चकोरः	92	23	दा द दा दा द दा दा द दा दा द दा दा द दा दा द दा दा द दा दा द
परिधानीयम्	92	23	द दा द दा द दा दा द दा दा दा द दा दा द दा दा दा द दा दा दा दा
पारावारान्तस्थम्	92	23	दा दा दा दा दा दा दा दा दा द दा दा दा द दा द दा दा दा दा द दा दा
पुलकाञ्चितम्	92	23	दा द दा द दा दा द दा द दा दा दा द दा द दा द दा दा द दा दा दा
मत्तगजेन्द्रः	92	23	दा द दा दा द दा दा द दा दा द दा दा द दा दा द दा दा द दा दा दा
मत्ताक्रीडम्	92	23	दा दा दा दा दा दा दा दा द दा द दा द दा द दा द दा द दा द दा दा
मन्थरायनम्	92	23	द दा द दा द दा द दा द दा द दा दा द दा दा द दा दा द दा दा दा
मानवती	92	23	द दा द दा दा द दा दा द दा दा द दा दा द दा दा द दा दा द दा दा
रामाबद्धम्	92	23	दा दा दा दा द दा द दा दा दा द दा दा दा द दा द दा दा दा द दा दा
विपुलायितम्	92	23	दा दा दा द दा द दा दा द दा द दा द दा द दा दा द दा द दा द दा
विलम्बललितम्	92	23	द दा द दा द दा द दा द दा द दा द दा द दा द दा द दा द दा दा
विलासवासः	92	23	दा द दा द दा दा दा द दा दा द दा द दा दा द दा द दा द दा दा दा
श्रवणाभरणम्	92	23	द दा द दा दा द दा दा द दा दा द दा दा द दा दा द दा दा द दा दा
संभृतशरधिः	92	23	दा द दा द दा द दा दा दा दा द दा द दा द दा दा दा द दा दा दा द
अतुलपुलकम्	96	24	द दा द दा द दा द दा द दा द दा द दा द दा द दा द दा द दा द दा
अधीरकरीरम्	96	24	दा दा दा द दा द दा द दा दा द दा द दा दा द दा द दा दा द दा दा दा
अनामयम्	96	24	द दा द दा दा द दा दा द दा दा द दा दा द दा दा द दा दा द दा दा द
अर्दितम्	96	24	दा द दा दा द दा दा द दा दा द दा दा द दा दा द दा द दा द दा दा दा
उत्कटपट्टिका	96	24	दा दा द दा दा द दा द दा द दा द दा द दा द दा दा दा द दा दा द दा
कोकपदम्	96	24	दा द दा दा दा दा द दा दा दा द दा द दा द दा द दा द दा द दा दा दा
गङ्गोदकम्	96	24	दा द दा दा द दा दा द दा दा द दा दा द दा दा द दा दा द दा दा द दा
तन्वी	96	24	दा द दा दा दा द दा द दा द दा दा दा द दा दा द दा द दा द दा दा दा
द्विमिला	96	24	द दा दा द दा दा द दा दा द दा दा द दा दा द दा दा द दा दा द दा दा
धौरेयम्	96	24	दा द दा दा द दा द दा दा द दा दा द दा द दा द दा द दा दा दा दा दा
पार्षतसरणम्	96	24	दा द दा द दा द दा दा दा दा दा दा द दा द दा द दा द दा द दा दा दा
भासमानबिम्बम्	96	24	दा द दा द दा द दा द दा द दा दा द दा द दा द दा द दा दा द दा दा
भुजङ्गः	96	24	द दा दा द दा दा द दा दा द दा दा द दा दा द दा दा द दा दा द दा दा
मेदुरदन्तम्	96	24	दा द दा दा द दा दा द दा दा द दा दा द दा दा द दा दा द दा दा द दा
वंशलोन्नता	96	24	दा द दा द दा द दा द दा दा दा दा दा दा दा द दा द दा द दा दा दा दा
विगाहितगेहम्	96	24	द दा द दा द दा द दा द दा दा दा दा दा दा द दा द दा दा द दा दा दा
वेल्लितवेलम्	96	24	दा द दा दा द दा दा द दा दा दा दा द दा दा द दा द दा द दा द दा दा
शम्बरम्	96	24	द दा द दा द दा दा द दा दा द दा द दा द दा द दा दा द दा दा द दा
समाहितम्	96	24	द दा द दा दा द दा दा द दा दा द दा दा द दा दा द दा दा द दा दा दा
अभ्रब्रमणम्	100	25	दा दा द दा द दा दा दा दा द दा दा द दा द दा द दा द दा द दा द दा दा
अलका	100	25	द दा द दा द दा द दा द दा द दा द दा द दा द दा द दा द दा द दा दा
कुमुदमाला	100	25	द दा द दा दा द दा द दा दा द दा द दा दा द दा द दा दा द दा द दा दा
क्रोशपदा	100	25	दा द दा दा दा दा द दा दा दा द दा द दा द दा द दा द दा द दा द दा दा
चित्तचिन्तामणिः	100	25	दा द दा दा द दा दा द दा द दा द दा दा द दा दा द दा दा द दा दा द दा
नीपवनीयकम्	100	25	दा द दा द दा द दा द दा द दा दा दा द दा द दा दा द दा दा द दा दा दा
भाविनीविलसितम्	100	25	दा द दा द दा द दा द दा द दा द दा द दा द दा द दा द दा द दा द दा
भास्करम्	100	25	दा द दा द दा द दा दा द दा दा दा दा द दा द दा द दा द दा द दा दा दा
मल्लपल्लीप्रकाशम्	100	25	द दा दा द दा दा द दा दा द दा दा द दा दा द दा दा द दा दा द दा दा द
मुदिरम्	100	25	द दा दा द दा दा द दा दा द दा दा द दा दा द दा दा द दा दा द दा दा दा
रसिकरसाला	100	25	द दा द दा द दा द दा दा द दा दा दा द दा दा दा द दा द दा द दा दा दा
विरहविरहस्यम्	100	25	दा दा दा द दा द दा द दा दा दा द दा दा दा द दा द दा द दा द दा दा दा
विशेषकबलितम्	100	25	द दा द दा द दा दा दा दा दा दा दा द दा द दा दा द दा दा द दा द दा दा
व्याकोशकोशलम्	100	25	दा दा द दा द दा द दा दा दा द दा द दा दा द दा दा द दा दा द दा द दा
शरभूरिणी	100	25	दा द दा द दा दा द दा द दा दा द दा द दा दा द दा द दा दा द दा दा दा
शिविका	100	25	दा द दा दा द दा दा द दा दा द दा दा द दा दा द दा दा द दा दा द दा दा
सौदामनदाम	100	25	द दा दा द दा दा द दा दा द दा दा द दा द दा दा द दा दा दा द दा दा द
ह्रीणहैयङ्गवीनम्	100	25	दा द दा दा द दा दा द दा दा द दा दा द दा दा द दा दा द दा दा द दा दा
अपवाहः	104	26	दा दा दा द दा द दा द दा द दा द दा द दा द दा द दा द दा द दा दा दा दा
अशोकानोकहम्	104	26	दा दा दा दा द दा द दा द दा द दा द दा द दा द दा दा दा द दा दा द दा दा
आभासमानम्	104	26	द दा दा द दा दा द दा दा द दा दा दा दा द दा दा द दा दा द दा दा द दा दा
उज्झितकदनम्	104	26	दा द दा द दा द दा दा द दा दा द दा दा द दा द दा द दा द दा द दा दा दा
कर्णाटकम्	104	26	दा दा द दा द दा द दा द दा द दा द दा द दा द दा द दा द दा द दा द दा
काकलीकलकोकिलः	104	26	दा द दा द दा दा द दा द दा दा द दा द दा दा द दा द दा दा द दा द दा दा
कुम्भकम्	104	26	द दा द दा द दा दा द दा दा द दा दा द दा दा द दा दा द दा दा द दा दा द
कुहककुहरम्	104	26	द दा द दा द दा दा दा दा द दा दा द दा द दा द दा दा दा दा द दा दा द दा
चारुगतिः	104	26	द दा द दा द दा द दा दा दा दा दा द दा द दा दा द दा द दा द दा द दा दा
जीमूतध्वानम्	104	26	दा दा दा दा दा दा दा दा दा दा दा दा दा दा दा दा दा दा दा दा दा दा दा दा दा दा
तनुकिलकिञ्चितम्	104	26	दा दा दा दा दा दा दा दा दा द दा द दा दा द दा द दा दा दा द दा दा दा दा दा
प्रियजीवितम्	104	26	दा द दा दा द दा दा द दा दा द दा दा द दा दा द दा दा द दा दा द दा दा दा
भसलशलाका	104	26	दा दा दा दा द दा द दा दा दा दा दा द दा द दा दा दा दा दा द दा द दा दा दा
भुजङ्गविजृम्भितम्	104	26	दा दा दा दा दा दा दा दा द दा द दा द दा द दा द दा दा द दा द दा दा द दा
वशंवदः	104	26	द दा दा द दा दा द दा दा द दा दा द दा दा द दा दा द दा दा द दा दा द दा
विकुण्ठकण्ठः	104	26	दा द दा द दा द दा द दा द दा द दा द दा द दा द दा द दा द दा द दा दा
विनयविलासः	104	26	द दा द दा दा दा द दा द दा दा दा द दा द दा दा दा द दा द दा दा दा दा दा
विनिद्रसिन्धुरः	104	26	दा द दा दा द दा दा द दा दा द दा द दा द दा द दा द दा द दा द दा द दा
विरामवाटिका	104	26	द दा द दा दा द दा द दा द दा दा द दा द दा दा द दा द दा द दा द दा दा
विश्वविश्वासः	104	26	दा दा दा द दा दा द दा दा द दा दा दा द दा दा दा दा दा दा द दा दा द दा दा
विषाणाश्रितम्	104	26	द दा दा द दा द दा द दा दा द दा द दा द दा दा द दा द दा द दा दा द दा
वीरविक्रान्तः	104	26	दा दा दा द दा द दा दा द दा दा द दा दा द दा दा द दा दा द दा दा द दा दा
शकुन्तकुन्तलः	104	26	दा दा दा दा द दा दा द दा द दा द दा द दा दा द दा द दा द दा द दा द दा
शृखलवलयितम्	104	26	दा द दा द दा द दा द दा दा द दा दा दा दा द दा द दा द दा द दा द दा दा
सूरसूचकः	104	26	दा दा दा द दा दा द दा द दा द दा द दा दा द दा दा द दा दा द दा दा द दा
