सन्तति,स्त्री।,वंशः,,समूहः,द्रव्यम्,पृथ्वी,चलसजीवः,मनुष्यः,,,"सन्तति,गोत्र,जनन,कुल,अभिजन,अन्वय,वंश,अन्ववाय,सन्तान,अनूक,निधन",,"सगोत्रः,ब्राह्मणादिवर्णचतुष्टयवाचकः"
गोत्र,नपुं।,वंशः,,समूहः,द्रव्यम्,पृथ्वी,चलसजीवः,मनुष्यः,,,"सन्तति,गोत्र,जनन,कुल,अभिजन,अन्वय,वंश,अन्ववाय,सन्तान,अनूक,निधन",,"सगोत्रः,ब्राह्मणादिवर्णचतुष्टयवाचकः"
जनन,नपुं।,वंशः,,समूहः,द्रव्यम्,पृथ्वी,चलसजीवः,मनुष्यः,,,"सन्तति,गोत्र,जनन,कुल,अभिजन,अन्वय,वंश,अन्ववाय,सन्तान,अनूक,निधन",,"सगोत्रः,ब्राह्मणादिवर्णचतुष्टयवाचकः"
कुल,नपुं।,वंशः,,समूहः,द्रव्यम्,पृथ्वी,चलसजीवः,मनुष्यः,,,"सन्तति,गोत्र,जनन,कुल,अभिजन,अन्वय,वंश,अन्ववाय,सन्तान,अनूक,निधन",,"सगोत्रः,ब्राह्मणादिवर्णचतुष्टयवाचकः"
अभिजन,पुं।,वंशः,,समूहः,द्रव्यम्,पृथ्वी,चलसजीवः,मनुष्यः,,,"सन्तति,गोत्र,जनन,कुल,अभिजन,अन्वय,वंश,अन्ववाय,सन्तान,अनूक,निधन",,"सगोत्रः,ब्राह्मणादिवर्णचतुष्टयवाचकः"
अन्वय,पुं।,वंशः,,समूहः,द्रव्यम्,पृथ्वी,चलसजीवः,मनुष्यः,,,"सन्तति,गोत्र,जनन,कुल,अभिजन,अन्वय,वंश,अन्ववाय,सन्तान,अनूक,निधन",,"सगोत्रः,ब्राह्मणादिवर्णचतुष्टयवाचकः"
वंश,पुं।,वंशः,,समूहः,द्रव्यम्,पृथ्वी,चलसजीवः,मनुष्यः,,,"सन्तति,गोत्र,जनन,कुल,अभिजन,अन्वय,वंश,अन्ववाय,सन्तान,अनूक,निधन",,"सगोत्रः,ब्राह्मणादिवर्णचतुष्टयवाचकः"
अन्ववाय,पुं।,वंशः,,समूहः,द्रव्यम्,पृथ्वी,चलसजीवः,मनुष्यः,,,"सन्तति,गोत्र,जनन,कुल,अभिजन,अन्वय,वंश,अन्ववाय,सन्तान,अनूक,निधन",,"सगोत्रः,ब्राह्मणादिवर्णचतुष्टयवाचकः"
सन्तान,पुं।,वंशः,,समूहः,द्रव्यम्,पृथ्वी,चलसजीवः,मनुष्यः,,,"सन्तति,गोत्र,जनन,कुल,अभिजन,अन्वय,वंश,अन्ववाय,सन्तान,अनूक,निधन",,"सगोत्रः,ब्राह्मणादिवर्णचतुष्टयवाचकः"
वर्ण,पुं।,ब्राह्मणादिवर्णचतुष्टयवाचकः,,,द्रव्यम्,पृथ्वी,चलसजीवः,मनुष्यः,,,"वर्ण,वर्ण",,
चातुर्वर्ण्य,नपुं।,विप्रक्षत्रियविट्शूद्राणां_सामान्यनाम,,नाम,,,,,,,चातुर्वर्ण्य,,
राजबीजिन्,पुं।,राजवंशोत्पन्नः,,,द्रव्यम्,पृथ्वी,चलसजीवः,मनुष्यः,,,"राजबीजिन्,राजवंश्य",,
राजवंश्य,पुं।,राजवंशोत्पन्नः,,,द्रव्यम्,पृथ्वी,चलसजीवः,मनुष्यः,,,"राजबीजिन्,राजवंश्य",,
बीज्य,पुं।,कुलोत्पन्नः,,,द्रव्यम्,पृथ्वी,चलसजीवः,मनुष्यः,,,"बीज्य,कुलसम्भव",,
कुलसम्भव,पुं।,कुलोत्पन्नः,,,द्रव्यम्,पृथ्वी,चलसजीवः,मनुष्यः,,,"बीज्य,कुलसम्भव",,
महाकुल,पुं।,कुलीनः,,,द्रव्यम्,पृथ्वी,चलसजीवः,मनुष्यः,,,"महाकुल,कुलीन,आर्य,सभ्य,सज्जन,साधु",,
कुलीन,वि।,कुलीनः,,,द्रव्यम्,पृथ्वी,चलसजीवः,मनुष्यः,,,"महाकुल,कुलीन,आर्य,सभ्य,सज्जन,साधु",,
आर्य,पुं।,कुलीनः,,,द्रव्यम्,पृथ्वी,चलसजीवः,मनुष्यः,,,"महाकुल,कुलीन,आर्य,सभ्य,सज्जन,साधु",,
सभ्य,पुं।,कुलीनः,,,द्रव्यम्,पृथ्वी,चलसजीवः,मनुष्यः,,,"महाकुल,कुलीन,आर्य,सभ्य,सज्जन,साधु",,
सज्जन,पुं।,कुलीनः,,,द्रव्यम्,पृथ्वी,चलसजीवः,मनुष्यः,,,"महाकुल,कुलीन,आर्य,सभ्य,सज्जन,साधु",,
साधु,वि।,कुलीनः,,,द्रव्यम्,पृथ्वी,चलसजीवः,मनुष्यः,,,"महाकुल,कुलीन,आर्य,सभ्य,सज्जन,साधु",,
ब्रह्मचारिन्,पुं।,ब्रह्मचर्याश्रमी,,,द्रव्यम्,पृथ्वी,चलसजीवः,मनुष्यः,,,ब्रह्मचारिन्,,ब्राह्मणः
गृहिन्,पुं।,गृहस्थाश्रमी,,,द्रव्यम्,पृथ्वी,चलसजीवः,मनुष्यः,,,गृहिन्,,
वानप्रस्थ,पुं।,वानप्रस्थाश्रमी,,,द्रव्यम्,पृथ्वी,चलसजीवः,मनुष्यः,,,वानप्रस्थ,,
भिक्षु,पुं।,संन्यासाश्रमी,,,द्रव्यम्,पृथ्वी,चलसजीवः,मनुष्यः,,,भिक्षु,,संन्यासी
आश्रम,पुं-नपुं।,ब्रह्मचर्यादिचतुष्टयस्य_नाम,,नाम,,,,,,,आश्रम,,"ब्रह्मचर्याश्रमी,गृहस्थाश्रमी,वानप्रस्थाश्रमी,संन्यासाश्रमी"
द्विजाति,पुं।,ब्राह्मणः,,,द्रव्यम्,पृथ्वी,चलसजीवः,मनुष्यः,,,"द्विजाति,अग्रजन्मन्,भूदेव,वाडव,विप्र,ब्राह्मण,द्विज,ब्रह्मन्",,"यागादिषट्कर्मयुक्तविप्रः,यागे_यजमानः"
अग्रजन्मन्,पुं।,ब्राह्मणः,,,द्रव्यम्,पृथ्वी,चलसजीवः,मनुष्यः,,,"द्विजाति,अग्रजन्मन्,भूदेव,वाडव,विप्र,ब्राह्मण,द्विज,ब्रह्मन्",,"यागादिषट्कर्मयुक्तविप्रः,यागे_यजमानः"
भूदेव,पुं।,ब्राह्मणः,,,द्रव्यम्,पृथ्वी,चलसजीवः,मनुष्यः,,,"द्विजाति,अग्रजन्मन्,भूदेव,वाडव,विप्र,ब्राह्मण,द्विज,ब्रह्मन्",,"यागादिषट्कर्मयुक्तविप्रः,यागे_यजमानः"
वाडव,पुं।,ब्राह्मणः,,,द्रव्यम्,पृथ्वी,चलसजीवः,मनुष्यः,,,"द्विजाति,अग्रजन्मन्,भूदेव,वाडव,विप्र,ब्राह्मण,द्विज,ब्रह्मन्",,"यागादिषट्कर्मयुक्तविप्रः,यागे_यजमानः"
विप्र,पुं।,ब्राह्मणः,,,द्रव्यम्,पृथ्वी,चलसजीवः,मनुष्यः,,,"द्विजाति,अग्रजन्मन्,भूदेव,वाडव,विप्र,ब्राह्मण,द्विज,ब्रह्मन्",,"यागादिषट्कर्मयुक्तविप्रः,यागे_यजमानः"
ब्राह्मण,पुं।,ब्राह्मणः,,,द्रव्यम्,पृथ्वी,चलसजीवः,मनुष्यः,,,"द्विजाति,अग्रजन्मन्,भूदेव,वाडव,विप्र,ब्राह्मण,द्विज,ब्रह्मन्",,"यागादिषट्कर्मयुक्तविप्रः,यागे_यजमानः"
षट्कर्मन्,पुं।,यागादिषट्कर्मयुक्तविप्रः,,,द्रव्यम्,पृथ्वी,चलसजीवः,मनुष्यः,,,षट्कर्मन्,,
विद्वस्,पुं।,विद्वान्,,,द्रव्यम्,पृथ्वी,चलसजीवः,मनुष्यः,,,"भाव,विद्वस्,विपश्चित्,दोषज्ञ,सत्,सुधी,कोविद,बुध,धीर,मनीषिन्,ज्ञ,प्राज्ञ,सङ्ख्यावत्,पण्डित,कवि,धीमत्,सूरिन्,कृतिन्,कृष्टि,लब्धवर्ण,विचक्षण,दूरदर्शिन्,दीर्घदर्शिन्,व्यक्त,विशारद,वृद्धि",,
विपश्चित्,पुं।,विद्वान्,,,द्रव्यम्,पृथ्वी,चलसजीवः,मनुष्यः,,,"भाव,विद्वस्,विपश्चित्,दोषज्ञ,सत्,सुधी,कोविद,बुध,धीर,मनीषिन्,ज्ञ,प्राज्ञ,सङ्ख्यावत्,पण्डित,कवि,धीमत्,सूरिन्,कृतिन्,कृष्टि,लब्धवर्ण,विचक्षण,दूरदर्शिन्,दीर्घदर्शिन्,व्यक्त,विशारद,वृद्धि",,
दोषज्ञ,पुं।,विद्वान्,,,द्रव्यम्,पृथ्वी,चलसजीवः,मनुष्यः,,,"भाव,विद्वस्,विपश्चित्,दोषज्ञ,सत्,सुधी,कोविद,बुध,धीर,मनीषिन्,ज्ञ,प्राज्ञ,सङ्ख्यावत्,पण्डित,कवि,धीमत्,सूरिन्,कृतिन्,कृष्टि,लब्धवर्ण,विचक्षण,दूरदर्शिन्,दीर्घदर्शिन्,व्यक्त,विशारद,वृद्धि",,
सत्,पुं।,विद्वान्,,,द्रव्यम्,पृथ्वी,चलसजीवः,मनुष्यः,,,"भाव,विद्वस्,विपश्चित्,दोषज्ञ,सत्,सुधी,कोविद,बुध,धीर,मनीषिन्,ज्ञ,प्राज्ञ,सङ्ख्यावत्,पण्डित,कवि,धीमत्,सूरिन्,कृतिन्,कृष्टि,लब्धवर्ण,विचक्षण,दूरदर्शिन्,दीर्घदर्शिन्,व्यक्त,विशारद,वृद्धि",,
सुधी,पुं।,विद्वान्,,,द्रव्यम्,पृथ्वी,चलसजीवः,मनुष्यः,,,"भाव,विद्वस्,विपश्चित्,दोषज्ञ,सत्,सुधी,कोविद,बुध,धीर,मनीषिन्,ज्ञ,प्राज्ञ,सङ्ख्यावत्,पण्डित,कवि,धीमत्,सूरिन्,कृतिन्,कृष्टि,लब्धवर्ण,विचक्षण,दूरदर्शिन्,दीर्घदर्शिन्,व्यक्त,विशारद,वृद्धि",,
कोविद,पुं।,विद्वान्,,,द्रव्यम्,पृथ्वी,चलसजीवः,मनुष्यः,,,"भाव,विद्वस्,विपश्चित्,दोषज्ञ,सत्,सुधी,कोविद,बुध,धीर,मनीषिन्,ज्ञ,प्राज्ञ,सङ्ख्यावत्,पण्डित,कवि,धीमत्,सूरिन्,कृतिन्,कृष्टि,लब्धवर्ण,विचक्षण,दूरदर्शिन्,दीर्घदर्शिन्,व्यक्त,विशारद,वृद्धि",,
बुध,पुं।,विद्वान्,,,द्रव्यम्,पृथ्वी,चलसजीवः,मनुष्यः,,,"भाव,विद्वस्,विपश्चित्,दोषज्ञ,सत्,सुधी,कोविद,बुध,धीर,मनीषिन्,ज्ञ,प्राज्ञ,सङ्ख्यावत्,पण्डित,कवि,धीमत्,सूरिन्,कृतिन्,कृष्टि,लब्धवर्ण,विचक्षण,दूरदर्शिन्,दीर्घदर्शिन्,व्यक्त,विशारद,वृद्धि",,
धीर,पुं।,विद्वान्,,,द्रव्यम्,पृथ्वी,चलसजीवः,मनुष्यः,,,"भाव,विद्वस्,विपश्चित्,दोषज्ञ,सत्,सुधी,कोविद,बुध,धीर,मनीषिन्,ज्ञ,प्राज्ञ,सङ्ख्यावत्,पण्डित,कवि,धीमत्,सूरिन्,कृतिन्,कृष्टि,लब्धवर्ण,विचक्षण,दूरदर्शिन्,दीर्घदर्शिन्,व्यक्त,विशारद,वृद्धि",,
मनीषिन्,पुं।,विद्वान्,,,द्रव्यम्,पृथ्वी,चलसजीवः,मनुष्यः,,,"भाव,विद्वस्,विपश्चित्,दोषज्ञ,सत्,सुधी,कोविद,बुध,धीर,मनीषिन्,ज्ञ,प्राज्ञ,सङ्ख्यावत्,पण्डित,कवि,धीमत्,सूरिन्,कृतिन्,कृष्टि,लब्धवर्ण,विचक्षण,दूरदर्शिन्,दीर्घदर्शिन्,व्यक्त,विशारद,वृद्धि",,
ज्ञ,पुं।,विद्वान्,,,द्रव्यम्,पृथ्वी,चलसजीवः,मनुष्यः,,,"भाव,विद्वस्,विपश्चित्,दोषज्ञ,सत्,सुधी,कोविद,बुध,धीर,मनीषिन्,ज्ञ,प्राज्ञ,सङ्ख्यावत्,पण्डित,कवि,धीमत्,सूरिन्,कृतिन्,कृष्टि,लब्धवर्ण,विचक्षण,दूरदर्शिन्,दीर्घदर्शिन्,व्यक्त,विशारद,वृद्धि",,
प्राज्ञ,पुं।,विद्वान्,,,द्रव्यम्,पृथ्वी,चलसजीवः,मनुष्यः,,,"भाव,विद्वस्,विपश्चित्,दोषज्ञ,सत्,सुधी,कोविद,बुध,धीर,मनीषिन्,ज्ञ,प्राज्ञ,सङ्ख्यावत्,पण्डित,कवि,धीमत्,सूरिन्,कृतिन्,कृष्टि,लब्धवर्ण,विचक्षण,दूरदर्शिन्,दीर्घदर्शिन्,व्यक्त,विशारद,वृद्धि",,
सङ्ख्यावत्,पुं।,विद्वान्,,,द्रव्यम्,पृथ्वी,चलसजीवः,मनुष्यः,,,"भाव,विद्वस्,विपश्चित्,दोषज्ञ,सत्,सुधी,कोविद,बुध,धीर,मनीषिन्,ज्ञ,प्राज्ञ,सङ्ख्यावत्,पण्डित,कवि,धीमत्,सूरिन्,कृतिन्,कृष्टि,लब्धवर्ण,विचक्षण,दूरदर्शिन्,दीर्घदर्शिन्,व्यक्त,विशारद,वृद्धि",,
पण्डित,पुं।,विद्वान्,,,द्रव्यम्,पृथ्वी,चलसजीवः,मनुष्यः,,,"भाव,विद्वस्,विपश्चित्,दोषज्ञ,सत्,सुधी,कोविद,बुध,धीर,मनीषिन्,ज्ञ,प्राज्ञ,सङ्ख्यावत्,पण्डित,कवि,धीमत्,सूरिन्,कृतिन्,कृष्टि,लब्धवर्ण,विचक्षण,दूरदर्शिन्,दीर्घदर्शिन्,व्यक्त,विशारद,वृद्धि",,
कवि,पुं।,विद्वान्,,,द्रव्यम्,पृथ्वी,चलसजीवः,मनुष्यः,,,"भाव,विद्वस्,विपश्चित्,दोषज्ञ,सत्,सुधी,कोविद,बुध,धीर,मनीषिन्,ज्ञ,प्राज्ञ,सङ्ख्यावत्,पण्डित,कवि,धीमत्,सूरिन्,कृतिन्,कृष्टि,लब्धवर्ण,विचक्षण,दूरदर्शिन्,दीर्घदर्शिन्,व्यक्त,विशारद,वृद्धि",,
धीमत्,पुं।,विद्वान्,,,द्रव्यम्,पृथ्वी,चलसजीवः,मनुष्यः,,,"भाव,विद्वस्,विपश्चित्,दोषज्ञ,सत्,सुधी,कोविद,बुध,धीर,मनीषिन्,ज्ञ,प्राज्ञ,सङ्ख्यावत्,पण्डित,कवि,धीमत्,सूरिन्,कृतिन्,कृष्टि,लब्धवर्ण,विचक्षण,दूरदर्शिन्,दीर्घदर्शिन्,व्यक्त,विशारद,वृद्धि",,
सूरिन्,पुं।,विद्वान्,,,द्रव्यम्,पृथ्वी,चलसजीवः,मनुष्यः,,,"भाव,विद्वस्,विपश्चित्,दोषज्ञ,सत्,सुधी,कोविद,बुध,धीर,मनीषिन्,ज्ञ,प्राज्ञ,सङ्ख्यावत्,पण्डित,कवि,धीमत्,सूरिन्,कृतिन्,कृष्टि,लब्धवर्ण,विचक्षण,दूरदर्शिन्,दीर्घदर्शिन्,व्यक्त,विशारद,वृद्धि",,
कृतिन्,पुं।,विद्वान्,,,द्रव्यम्,पृथ्वी,चलसजीवः,मनुष्यः,,,"भाव,विद्वस्,विपश्चित्,दोषज्ञ,सत्,सुधी,कोविद,बुध,धीर,मनीषिन्,ज्ञ,प्राज्ञ,सङ्ख्यावत्,पण्डित,कवि,धीमत्,सूरिन्,कृतिन्,कृष्टि,लब्धवर्ण,विचक्षण,दूरदर्शिन्,दीर्घदर्शिन्,व्यक्त,विशारद,वृद्धि",,
कृष्टि,पुं।,विद्वान्,,,द्रव्यम्,पृथ्वी,चलसजीवः,मनुष्यः,,,"भाव,विद्वस्,विपश्चित्,दोषज्ञ,सत्,सुधी,कोविद,बुध,धीर,मनीषिन्,ज्ञ,प्राज्ञ,सङ्ख्यावत्,पण्डित,कवि,धीमत्,सूरिन्,कृतिन्,कृष्टि,लब्धवर्ण,विचक्षण,दूरदर्शिन्,दीर्घदर्शिन्,व्यक्त,विशारद,वृद्धि",,
लब्धवर्ण,पुं।,विद्वान्,,,द्रव्यम्,पृथ्वी,चलसजीवः,मनुष्यः,,,"भाव,विद्वस्,विपश्चित्,दोषज्ञ,सत्,सुधी,कोविद,बुध,धीर,मनीषिन्,ज्ञ,प्राज्ञ,सङ्ख्यावत्,पण्डित,कवि,धीमत्,सूरिन्,कृतिन्,कृष्टि,लब्धवर्ण,विचक्षण,दूरदर्शिन्,दीर्घदर्शिन्,व्यक्त,विशारद,वृद्धि",,
विचक्षण,पुं।,विद्वान्,,,द्रव्यम्,पृथ्वी,चलसजीवः,मनुष्यः,,,"भाव,विद्वस्,विपश्चित्,दोषज्ञ,सत्,सुधी,कोविद,बुध,धीर,मनीषिन्,ज्ञ,प्राज्ञ,सङ्ख्यावत्,पण्डित,कवि,धीमत्,सूरिन्,कृतिन्,कृष्टि,लब्धवर्ण,विचक्षण,दूरदर्शिन्,दीर्घदर्शिन्,व्यक्त,विशारद,वृद्धि",,
दूरदर्शिन्,पुं।,विद्वान्,,,द्रव्यम्,पृथ्वी,चलसजीवः,मनुष्यः,,,"भाव,विद्वस्,विपश्चित्,दोषज्ञ,सत्,सुधी,कोविद,बुध,धीर,मनीषिन्,ज्ञ,प्राज्ञ,सङ्ख्यावत्,पण्डित,कवि,धीमत्,सूरिन्,कृतिन्,कृष्टि,लब्धवर्ण,विचक्षण,दूरदर्शिन्,दीर्घदर्शिन्,व्यक्त,विशारद,वृद्धि",,
दीर्घदर्शिन्,पुं।,विद्वान्,,,द्रव्यम्,पृथ्वी,चलसजीवः,मनुष्यः,,,"भाव,विद्वस्,विपश्चित्,दोषज्ञ,सत्,सुधी,कोविद,बुध,धीर,मनीषिन्,ज्ञ,प्राज्ञ,सङ्ख्यावत्,पण्डित,कवि,धीमत्,सूरिन्,कृतिन्,कृष्टि,लब्धवर्ण,विचक्षण,दूरदर्शिन्,दीर्घदर्शिन्,व्यक्त,विशारद,वृद्धि",,
श्रोत्रिय,पुं।,सम्पूर्णशाखाध्यायिः,,वृत्तिः,द्रव्यम्,पृथ्वी,चलसजीवः,मनुष्यः,,,"श्रोत्रिय,छान्दस",,
छान्दस,पुं।,सम्पूर्णशाखाध्यायिः,,वृत्तिः,द्रव्यम्,पृथ्वी,चलसजीवः,मनुष्यः,,,"श्रोत्रिय,छान्दस",,
मीमांसक,वि।,मीमांसाशास्त्रवेत्ता,,वृत्तिः,द्रव्यम्,पृथ्वी,चलसजीवः,मनुष्यः,,,"मीमांसक,जैमिनीय",,
जैमिनीय,पुं।,मीमांसाशास्त्रवेत्ता,,वृत्तिः,द्रव्यम्,पृथ्वी,चलसजीवः,मनुष्यः,,,"मीमांसक,जैमिनीय",,
वेदान्तिन्,पुं।,वेदान्तशास्त्रज्ञः,,वृत्तिः,द्रव्यम्,पृथ्वी,चलसजीवः,मनुष्यः,,,"वेदान्तिन्,ब्रह्मवादिन्",,
ब्रह्मवादिन्,पुं।,वेदान्तशास्त्रज्ञः,,वृत्तिः,द्रव्यम्,पृथ्वी,चलसजीवः,मनुष्यः,,,"वेदान्तिन्,ब्रह्मवादिन्",,
वैशेषिक,पुं।,सप्तपदार्थवादिनः,,वृत्तिः,द्रव्यम्,पृथ्वी,चलसजीवः,मनुष्यः,,,"वैशेषिक,औलूक्य",,
औलूक्य,पुं।,सप्तपदार्थवादिनः,,वृत्तिः,द्रव्यम्,पृथ्वी,चलसजीवः,मनुष्यः,,,"वैशेषिक,औलूक्य",,
सौगत,पुं।,शून्यमतावलम्बी_नास्तिकः,,वृत्तिः,द्रव्यम्,पृथ्वी,चलसजीवः,मनुष्यः,,,"सौगत,शून्यवादिन्",,देहात्मवादिनश्चार्वाकः
शून्यवादिन्,पुं।,शून्यमतावलम्बी_नास्तिकः,,वृत्तिः,द्रव्यम्,पृथ्वी,चलसजीवः,मनुष्यः,,,"सौगत,शून्यवादिन्",,देहात्मवादिनश्चार्वाकः
नैयायिक,पुं।,न्यायशास्त्रज्ञः,,वृत्तिः,द्रव्यम्,पृथ्वी,चलसजीवः,मनुष्यः,,,"नैयायिक,अक्षपाद",,
अक्षपाद,पुं।,न्यायशास्त्रज्ञः,,वृत्तिः,द्रव्यम्,पृथ्वी,चलसजीवः,मनुष्यः,,,"नैयायिक,अक्षपाद",,
स्याद्वादिन्,पुं।,स्याद्वादिः,,वृत्तिः,द्रव्यम्,पृथ्वी,चलसजीवः,मनुष्यः,,,"स्याद्वादिन्,आर्हक",,
आर्हक,पुं।,स्याद्वादिः,,वृत्तिः,द्रव्यम्,पृथ्वी,चलसजीवः,मनुष्यः,,,"स्याद्वादिन्,आर्हक",,
चार्वाक,पुं।,देहात्मवादिनश्चार्वाकः,,वृत्तिः,द्रव्यम्,पृथ्वी,चलसजीवः,मनुष्यः,,,"चार्वाक,लौकायतिक",,
लौकायतिक,पुं।,देहात्मवादिनश्चार्वाकः,,वृत्तिः,द्रव्यम्,पृथ्वी,चलसजीवः,मनुष्यः,,,"चार्वाक,लौकायतिक",,
साङ्ख्य,पुं।,साङ्ख्यशास्त्रज्ञः,,वृत्तिः,द्रव्यम्,पृथ्वी,चलसजीवः,मनुष्यः,,,"साङ्ख्य,कापिल",,
कापिल,पुं।,साङ्ख्यशास्त्रज्ञः,,वृत्तिः,द्रव्यम्,पृथ्वी,चलसजीवः,मनुष्यः,,,"साङ्ख्य,कापिल",,
उपाध्याय,पुं।,अध्यापकः,,वृत्तिः,द्रव्यम्,पृथ्वी,चलसजीवः,मनुष्यः,,,"उपाध्याय,अध्यापक",विद्योपदेष्टृभार्या,संस्कारादिकर्तुर्गुरुः
अध्यापक,पुं।,अध्यापकः,,वृत्तिः,द्रव्यम्,पृथ्वी,चलसजीवः,मनुष्यः,,,"उपाध्याय,अध्यापक",विद्योपदेष्टृभार्या,संस्कारादिकर्तुर्गुरुः
गुरु,पुं।,संस्कारादिकर्तुर्गुरुः,,वृत्तिः,द्रव्यम्,पृथ्वी,चलसजीवः,मनुष्यः,,,"गुरु,देशिक,तीर्थ",,
मन्त्रव्याख्याकृत्,पुं।,मन्त्रव्याख्याकर्ता,,वृत्तिः,द्रव्यम्,पृथ्वी,चलसजीवः,मनुष्यः,,,"मन्त्रव्याख्याकृत्,आचार्य",आचार्यभार्या,
आचार्य,पुं।,मन्त्रव्याख्याकर्ता,,वृत्तिः,द्रव्यम्,पृथ्वी,चलसजीवः,मनुष्यः,,,"मन्त्रव्याख्याकृत्,आचार्य",आचार्यभार्या,
व्रतिन्,पुं।,यागे_यजमानः,,वृत्तिः,द्रव्यम्,पृथ्वी,चलसजीवः,मनुष्यः,,,"व्रतिन्,यष्टृ,यजमान",यज्ञः,"सोमयाजिः,यजनशीलः,विधिवद्_होता,बृहस्पतियागकर्ता,विश्वजिदादियज्ञकर्ता,यजुर्वेदकर्मकर्ता,सामवेदकर्मकर्ता,ऋग्वेदकर्मकर्ता"
यष्टृ,पुं।,यागे_यजमानः,,वृत्तिः,द्रव्यम्,पृथ्वी,चलसजीवः,मनुष्यः,,,"व्रतिन्,यष्टृ,यजमान",यज्ञः,"सोमयाजिः,यजनशीलः,विधिवद्_होता,बृहस्पतियागकर्ता,विश्वजिदादियज्ञकर्ता,यजुर्वेदकर्मकर्ता,सामवेदकर्मकर्ता,ऋग्वेदकर्मकर्ता"
यजमान,पुं।,यागे_यजमानः,,वृत्तिः,द्रव्यम्,पृथ्वी,चलसजीवः,मनुष्यः,,,"व्रतिन्,यष्टृ,यजमान",यज्ञः,"सोमयाजिः,यजनशीलः,विधिवद्_होता,बृहस्पतियागकर्ता,विश्वजिदादियज्ञकर्ता,यजुर्वेदकर्मकर्ता,सामवेदकर्मकर्ता,ऋग्वेदकर्मकर्ता"
दीक्षित,पुं।,सोमयाजिः,,वृत्तिः,द्रव्यम्,पृथ्वी,चलसजीवः,मनुष्यः,,,"दीक्षित,सोमपीथिन्,सोमप,धर्म",,
इज्याशील,पुं।,यजनशीलः,,,द्रव्यम्,पृथ्वी,चलसजीवः,मनुष्यः,,,"इज्याशील,यायजूक",यज्ञः,
यायजूक,पुं।,यजनशीलः,,,द्रव्यम्,पृथ्वी,चलसजीवः,मनुष्यः,,,"इज्याशील,यायजूक",यज्ञः,
यज्वन्,पुं।,विधिवद्_होता,,वृत्तिः,द्रव्यम्,पृथ्वी,चलसजीवः,मनुष्यः,,,यज्वन्,,
स्थपति,पुं।,बृहस्पतियागकर्ता,,वृत्तिः,द्रव्यम्,पृथ्वी,चलसजीवः,मनुष्यः,,,स्थपति,,
सोमपीथिन्,पुं।,सोमयाजिः,,वृत्तिः,द्रव्यम्,पृथ्वी,चलसजीवः,मनुष्यः,,,"दीक्षित,सोमपीथिन्,सोमप,धर्म",,
सोमप,पुं।,सोमयाजिः,,वृत्तिः,द्रव्यम्,पृथ्वी,चलसजीवः,मनुष्यः,,,"दीक्षित,सोमपीथिन्,सोमप,धर्म",,
सर्ववेदस्,पुं।,विश्वजिदादियज्ञकर्ता,,वृत्तिः,द्रव्यम्,पृथ्वी,चलसजीवः,मनुष्यः,,,सर्ववेदस्,,
अनूचान,पुं।,साङ्गवेदाध्येता,,वृत्तिः,द्रव्यम्,पृथ्वी,चलसजीवः,मनुष्यः,,,अनूचान,,
समावृत्त,पुं।,गुरुकुलवासान्निवृत्तः,,वृत्तिः,द्रव्यम्,पृथ्वी,चलसजीवः,मनुष्यः,,,समावृत्त,,
सुत्वन्,पुं।,अवभृतस्नातकः,,वृत्तिः,द्रव्यम्,पृथ्वी,चलसजीवः,मनुष्यः,,,सुत्वन्,,
छात्र,पुं।,शिष्यः,,वृत्तिः,द्रव्यम्,पृथ्वी,चलसजीवः,मनुष्यः,,,"छात्र,अन्तेवासिन्,शिष्य",,"साङ्गवेदाध्येता,गुरुकुलवासान्निवृत्तः,अवभृतस्नातकः,प्रथमारब्धवेदाः,समशाखाध्येता,सहाध्यायी"
अन्तेवासिन्,पुं।,शिष्यः,,वृत्तिः,द्रव्यम्,पृथ्वी,चलसजीवः,मनुष्यः,,,"छात्र,अन्तेवासिन्,शिष्य",,"साङ्गवेदाध्येता,गुरुकुलवासान्निवृत्तः,अवभृतस्नातकः,प्रथमारब्धवेदाः,समशाखाध्येता,सहाध्यायी"
शिष्य,पुं।,शिष्यः,,वृत्तिः,द्रव्यम्,पृथ्वी,चलसजीवः,मनुष्यः,,,"छात्र,अन्तेवासिन्,शिष्य",,"साङ्गवेदाध्येता,गुरुकुलवासान्निवृत्तः,अवभृतस्नातकः,प्रथमारब्धवेदाः,समशाखाध्येता,सहाध्यायी"
शैक्ष,पुं।,प्रथमारब्धवेदाः,,,अपौरुषेयः,,,,,,"शैक्ष,प्राथमकल्पिक",,
प्राथमकल्पिक,पुं।,प्रथमारब्धवेदाः,,,अपौरुषेयः,,,,,,"शैक्ष,प्राथमकल्पिक",,
सब्रह्मचारिन्,पुं।,समशाखाध्येता,,वृत्तिः,द्रव्यम्,पृथ्वी,चलसजीवः,मनुष्यः,,,सब्रह्मचारिन्,,
सतीर्थ्य,पुं।,सहाध्यायी,,वृत्तिः,द्रव्यम्,पृथ्वी,चलसजीवः,मनुष्यः,,,"सतीर्थ्य,एकगुरु",,
एकगुरु,पुं।,सहाध्यायी,,वृत्तिः,द्रव्यम्,पृथ्वी,चलसजीवः,मनुष्यः,,,"सतीर्थ्य,एकगुरु",,
अग्निचित्,पुं।,अग्न्युपासकः,,वृत्तिः,द्रव्यम्,पृथ्वी,चलसजीवः,मनुष्यः,,,अग्निचित्,,
ऐतिह्य,नपुं।,परम्परोपदेशः,,,पौरुषेयः,,,,,,"ऐतिह्य,इतिह",,
इतिह,अव्य।,परम्परोपदेशः,,,पौरुषेयः,,,,,,"ऐतिह्य,इतिह",,
उपज्ञा,स्त्री।,आद्यज्ञानम्,,,गुणः,बुद्धिः,,,,,उपज्ञा,,ज्ञात्वा_प्रथमारम्भः
उपक्रम,पुं।,ज्ञात्वा_प्रथमारम्भः,,,द्रव्यम्,कालः,,,,,उपक्रम,,
यज्ञ,पुं।,यज्ञः,,,क्रिया,,,,,,"यज्ञ,सव,अध्वर,याग,सप्ततन्तु,मख,क्रतु,इष्टि,वितान,स्तोम,मन्यु,संस्तर,स्वरु,सत्र,हव","यज्ञस्थानम्,यागादौ_हूयमानकाष्ठम्,यागे_यजमानः,हविर्गेहपूर्वभागे_निर्मितप्रकोष्टः,यागार्थं_संस्कृतभूमिः,अरणिः,यागवेदिकायाम्_दक्षिणभागे_स्थिताग्निः,अग्निसमिन्धने_प्रयुक्ता_ऋक्,हव्यपाकः,अग्निसंरक्षणाय_रचितमृगत्वचव्यजनम्,स्रुवादियज्ञपात्राणि,यज्ञपात्रम्,क्रतावभिमन्त्रितपशुः,यज्ञार्थं_पशुहननम्,यज्ञहतपशुः,हविः,अवभृतस्नानम्,क्रतुद्रव्यादिः,यज्ञकर्मः,पूर्तकर्मः,यज्ञशेषः,भोजनशेषः,सोमलताकण्डनम्,अघमर्षणमन्त्रः,यज्ञोपवीतम्,विपरीतधृतयज्ञोपवीतम्,कण्डलम्बितयज्ञोपवीतम्,यज्ञे_स्तावकद्विजावस्थानभूमिः,यज्ञियतरोः_शाखा,यूपखण्डः,यागे_यजमानः,यूपकटकः,अग्निसमिन्धने_प्रयुक्ता_ऋक्,हव्यपाकः,अग्निसंरक्षणाय_रचितमृगत्वचव्यजनम्,दधिमिशृतघृतम्,क्षीरान्नम्,देवान्नम्,पित्रन्नम्,यज्ञपात्रम्,क्रतावभिमन्त्रितपशुः,यज्ञार्थं_पशुहननम्,यज्ञहतपशुः,हविः,अग्नावर्पितम्,अवभृतस्नानम्,क्रतुद्रव्यादिः,पूर्तकर्मः,यज्ञशेषः,दानम्,अर्घ्यार्थजलम्,यजनशीलः","ब्रह्मयज्ञः,देवयज्ञः,मनुष्ययज्ञः,पितृयज्ञः,भूतयज्ञः,दर्शयागः,पौर्णमासयागः"
सव,पुं।,यज्ञः,,,क्रिया,,,,,,"यज्ञ,सव,अध्वर,याग,सप्ततन्तु,मख,क्रतु,इष्टि,वितान,स्तोम,मन्यु,संस्तर,स्वरु,सत्र,हव","यज्ञस्थानम्,यागादौ_हूयमानकाष्ठम्,यागे_यजमानः,हविर्गेहपूर्वभागे_निर्मितप्रकोष्टः,यागार्थं_संस्कृतभूमिः,अरणिः,यागवेदिकायाम्_दक्षिणभागे_स्थिताग्निः,अग्निसमिन्धने_प्रयुक्ता_ऋक्,हव्यपाकः,अग्निसंरक्षणाय_रचितमृगत्वचव्यजनम्,स्रुवादियज्ञपात्राणि,यज्ञपात्रम्,क्रतावभिमन्त्रितपशुः,यज्ञार्थं_पशुहननम्,यज्ञहतपशुः,हविः,अवभृतस्नानम्,क्रतुद्रव्यादिः,यज्ञकर्मः,पूर्तकर्मः,यज्ञशेषः,भोजनशेषः,सोमलताकण्डनम्,अघमर्षणमन्त्रः,यज्ञोपवीतम्,विपरीतधृतयज्ञोपवीतम्,कण्डलम्बितयज्ञोपवीतम्,यज्ञे_स्तावकद्विजावस्थानभूमिः,यज्ञियतरोः_शाखा,यूपखण्डः,यागे_यजमानः,यूपकटकः,अग्निसमिन्धने_प्रयुक्ता_ऋक्,हव्यपाकः,अग्निसंरक्षणाय_रचितमृगत्वचव्यजनम्,दधिमिशृतघृतम्,क्षीरान्नम्,देवान्नम्,पित्रन्नम्,यज्ञपात्रम्,क्रतावभिमन्त्रितपशुः,यज्ञार्थं_पशुहननम्,यज्ञहतपशुः,हविः,अग्नावर्पितम्,अवभृतस्नानम्,क्रतुद्रव्यादिः,पूर्तकर्मः,यज्ञशेषः,दानम्,अर्घ्यार्थजलम्,यजनशीलः","ब्रह्मयज्ञः,देवयज्ञः,मनुष्ययज्ञः,पितृयज्ञः,भूतयज्ञः,दर्शयागः,पौर्णमासयागः"
अध्वर,पुं।,यज्ञः,,,क्रिया,,,,,,"यज्ञ,सव,अध्वर,याग,सप्ततन्तु,मख,क्रतु,इष्टि,वितान,स्तोम,मन्यु,संस्तर,स्वरु,सत्र,हव","यज्ञस्थानम्,यागादौ_हूयमानकाष्ठम्,यागे_यजमानः,हविर्गेहपूर्वभागे_निर्मितप्रकोष्टः,यागार्थं_संस्कृतभूमिः,अरणिः,यागवेदिकायाम्_दक्षिणभागे_स्थिताग्निः,अग्निसमिन्धने_प्रयुक्ता_ऋक्,हव्यपाकः,अग्निसंरक्षणाय_रचितमृगत्वचव्यजनम्,स्रुवादियज्ञपात्राणि,यज्ञपात्रम्,क्रतावभिमन्त्रितपशुः,यज्ञार्थं_पशुहननम्,यज्ञहतपशुः,हविः,अवभृतस्नानम्,क्रतुद्रव्यादिः,यज्ञकर्मः,पूर्तकर्मः,यज्ञशेषः,भोजनशेषः,सोमलताकण्डनम्,अघमर्षणमन्त्रः,यज्ञोपवीतम्,विपरीतधृतयज्ञोपवीतम्,कण्डलम्बितयज्ञोपवीतम्,यज्ञे_स्तावकद्विजावस्थानभूमिः,यज्ञियतरोः_शाखा,यूपखण्डः,यागे_यजमानः,यूपकटकः,अग्निसमिन्धने_प्रयुक्ता_ऋक्,हव्यपाकः,अग्निसंरक्षणाय_रचितमृगत्वचव्यजनम्,दधिमिशृतघृतम्,क्षीरान्नम्,देवान्नम्,पित्रन्नम्,यज्ञपात्रम्,क्रतावभिमन्त्रितपशुः,यज्ञार्थं_पशुहननम्,यज्ञहतपशुः,हविः,अग्नावर्पितम्,अवभृतस्नानम्,क्रतुद्रव्यादिः,पूर्तकर्मः,यज्ञशेषः,दानम्,अर्घ्यार्थजलम्,यजनशीलः","ब्रह्मयज्ञः,देवयज्ञः,मनुष्ययज्ञः,पितृयज्ञः,भूतयज्ञः,दर्शयागः,पौर्णमासयागः"
याग,पुं।,यज्ञः,,,क्रिया,,,,,,"यज्ञ,सव,अध्वर,याग,सप्ततन्तु,मख,क्रतु,इष्टि,वितान,स्तोम,मन्यु,संस्तर,स्वरु,सत्र,हव","यज्ञस्थानम्,यागादौ_हूयमानकाष्ठम्,यागे_यजमानः,हविर्गेहपूर्वभागे_निर्मितप्रकोष्टः,यागार्थं_संस्कृतभूमिः,अरणिः,यागवेदिकायाम्_दक्षिणभागे_स्थिताग्निः,अग्निसमिन्धने_प्रयुक्ता_ऋक्,हव्यपाकः,अग्निसंरक्षणाय_रचितमृगत्वचव्यजनम्,स्रुवादियज्ञपात्राणि,यज्ञपात्रम्,क्रतावभिमन्त्रितपशुः,यज्ञार्थं_पशुहननम्,यज्ञहतपशुः,हविः,अवभृतस्नानम्,क्रतुद्रव्यादिः,यज्ञकर्मः,पूर्तकर्मः,यज्ञशेषः,भोजनशेषः,सोमलताकण्डनम्,अघमर्षणमन्त्रः,यज्ञोपवीतम्,विपरीतधृतयज्ञोपवीतम्,कण्डलम्बितयज्ञोपवीतम्,यज्ञे_स्तावकद्विजावस्थानभूमिः,यज्ञियतरोः_शाखा,यूपखण्डः,यागे_यजमानः,यूपकटकः,अग्निसमिन्धने_प्रयुक्ता_ऋक्,हव्यपाकः,अग्निसंरक्षणाय_रचितमृगत्वचव्यजनम्,दधिमिशृतघृतम्,क्षीरान्नम्,देवान्नम्,पित्रन्नम्,यज्ञपात्रम्,क्रतावभिमन्त्रितपशुः,यज्ञार्थं_पशुहननम्,यज्ञहतपशुः,हविः,अग्नावर्पितम्,अवभृतस्नानम्,क्रतुद्रव्यादिः,पूर्तकर्मः,यज्ञशेषः,दानम्,अर्घ्यार्थजलम्,यजनशीलः","ब्रह्मयज्ञः,देवयज्ञः,मनुष्ययज्ञः,पितृयज्ञः,भूतयज्ञः,दर्शयागः,पौर्णमासयागः"
सप्ततन्तु,पुं।,यज्ञः,,,क्रिया,,,,,,"यज्ञ,सव,अध्वर,याग,सप्ततन्तु,मख,क्रतु,इष्टि,वितान,स्तोम,मन्यु,संस्तर,स्वरु,सत्र,हव","यज्ञस्थानम्,यागादौ_हूयमानकाष्ठम्,यागे_यजमानः,हविर्गेहपूर्वभागे_निर्मितप्रकोष्टः,यागार्थं_संस्कृतभूमिः,अरणिः,यागवेदिकायाम्_दक्षिणभागे_स्थिताग्निः,अग्निसमिन्धने_प्रयुक्ता_ऋक्,हव्यपाकः,अग्निसंरक्षणाय_रचितमृगत्वचव्यजनम्,स्रुवादियज्ञपात्राणि,यज्ञपात्रम्,क्रतावभिमन्त्रितपशुः,यज्ञार्थं_पशुहननम्,यज्ञहतपशुः,हविः,अवभृतस्नानम्,क्रतुद्रव्यादिः,यज्ञकर्मः,पूर्तकर्मः,यज्ञशेषः,भोजनशेषः,सोमलताकण्डनम्,अघमर्षणमन्त्रः,यज्ञोपवीतम्,विपरीतधृतयज्ञोपवीतम्,कण्डलम्बितयज्ञोपवीतम्,यज्ञे_स्तावकद्विजावस्थानभूमिः,यज्ञियतरोः_शाखा,यूपखण्डः,यागे_यजमानः,यूपकटकः,अग्निसमिन्धने_प्रयुक्ता_ऋक्,हव्यपाकः,अग्निसंरक्षणाय_रचितमृगत्वचव्यजनम्,दधिमिशृतघृतम्,क्षीरान्नम्,देवान्नम्,पित्रन्नम्,यज्ञपात्रम्,क्रतावभिमन्त्रितपशुः,यज्ञार्थं_पशुहननम्,यज्ञहतपशुः,हविः,अग्नावर्पितम्,अवभृतस्नानम्,क्रतुद्रव्यादिः,पूर्तकर्मः,यज्ञशेषः,दानम्,अर्घ्यार्थजलम्,यजनशीलः","ब्रह्मयज्ञः,देवयज्ञः,मनुष्ययज्ञः,पितृयज्ञः,भूतयज्ञः,दर्शयागः,पौर्णमासयागः"
मख,पुं।,यज्ञः,,,क्रिया,,,,,,"यज्ञ,सव,अध्वर,याग,सप्ततन्तु,मख,क्रतु,इष्टि,वितान,स्तोम,मन्यु,संस्तर,स्वरु,सत्र,हव","यज्ञस्थानम्,यागादौ_हूयमानकाष्ठम्,यागे_यजमानः,हविर्गेहपूर्वभागे_निर्मितप्रकोष्टः,यागार्थं_संस्कृतभूमिः,अरणिः,यागवेदिकायाम्_दक्षिणभागे_स्थिताग्निः,अग्निसमिन्धने_प्रयुक्ता_ऋक्,हव्यपाकः,अग्निसंरक्षणाय_रचितमृगत्वचव्यजनम्,स्रुवादियज्ञपात्राणि,यज्ञपात्रम्,क्रतावभिमन्त्रितपशुः,यज्ञार्थं_पशुहननम्,यज्ञहतपशुः,हविः,अवभृतस्नानम्,क्रतुद्रव्यादिः,यज्ञकर्मः,पूर्तकर्मः,यज्ञशेषः,भोजनशेषः,सोमलताकण्डनम्,अघमर्षणमन्त्रः,यज्ञोपवीतम्,विपरीतधृतयज्ञोपवीतम्,कण्डलम्बितयज्ञोपवीतम्,यज्ञे_स्तावकद्विजावस्थानभूमिः,यज्ञियतरोः_शाखा,यूपखण्डः,यागे_यजमानः,यूपकटकः,अग्निसमिन्धने_प्रयुक्ता_ऋक्,हव्यपाकः,अग्निसंरक्षणाय_रचितमृगत्वचव्यजनम्,दधिमिशृतघृतम्,क्षीरान्नम्,देवान्नम्,पित्रन्नम्,यज्ञपात्रम्,क्रतावभिमन्त्रितपशुः,यज्ञार्थं_पशुहननम्,यज्ञहतपशुः,हविः,अग्नावर्पितम्,अवभृतस्नानम्,क्रतुद्रव्यादिः,पूर्तकर्मः,यज्ञशेषः,दानम्,अर्घ्यार्थजलम्,यजनशीलः","ब्रह्मयज्ञः,देवयज्ञः,मनुष्ययज्ञः,पितृयज्ञः,भूतयज्ञः,दर्शयागः,पौर्णमासयागः"
क्रतु,पुं।,यज्ञः,,,क्रिया,,,,,,"यज्ञ,सव,अध्वर,याग,सप्ततन्तु,मख,क्रतु,इष्टि,वितान,स्तोम,मन्यु,संस्तर,स्वरु,सत्र,हव","यज्ञस्थानम्,यागादौ_हूयमानकाष्ठम्,यागे_यजमानः,हविर्गेहपूर्वभागे_निर्मितप्रकोष्टः,यागार्थं_संस्कृतभूमिः,अरणिः,यागवेदिकायाम्_दक्षिणभागे_स्थिताग्निः,अग्निसमिन्धने_प्रयुक्ता_ऋक्,हव्यपाकः,अग्निसंरक्षणाय_रचितमृगत्वचव्यजनम्,स्रुवादियज्ञपात्राणि,यज्ञपात्रम्,क्रतावभिमन्त्रितपशुः,यज्ञार्थं_पशुहननम्,यज्ञहतपशुः,हविः,अवभृतस्नानम्,क्रतुद्रव्यादिः,यज्ञकर्मः,पूर्तकर्मः,यज्ञशेषः,भोजनशेषः,सोमलताकण्डनम्,अघमर्षणमन्त्रः,यज्ञोपवीतम्,विपरीतधृतयज्ञोपवीतम्,कण्डलम्बितयज्ञोपवीतम्,यज्ञे_स्तावकद्विजावस्थानभूमिः,यज्ञियतरोः_शाखा,यूपखण्डः,यागे_यजमानः,यूपकटकः,अग्निसमिन्धने_प्रयुक्ता_ऋक्,हव्यपाकः,अग्निसंरक्षणाय_रचितमृगत्वचव्यजनम्,दधिमिशृतघृतम्,क्षीरान्नम्,देवान्नम्,पित्रन्नम्,यज्ञपात्रम्,क्रतावभिमन्त्रितपशुः,यज्ञार्थं_पशुहननम्,यज्ञहतपशुः,हविः,अग्नावर्पितम्,अवभृतस्नानम्,क्रतुद्रव्यादिः,पूर्तकर्मः,यज्ञशेषः,दानम्,अर्घ्यार्थजलम्,यजनशीलः","ब्रह्मयज्ञः,देवयज्ञः,मनुष्ययज्ञः,पितृयज्ञः,भूतयज्ञः,दर्शयागः,पौर्णमासयागः"
पाठ,पुं।,ब्रह्मयज्ञः,,,क्रिया,,,,,,पाठ,,
होम,पुं।,देवयज्ञः,,,क्रिया,,,,,,होम,,
अतिथीनां_सपर्या,स्त्री।,मनुष्ययज्ञः,,,क्रिया,,,,,,अतिथीनां_सपर्या,,
तर्पण,नपुं।,पितृयज्ञः,,,क्रिया,,,,,,तर्पण,,
बलि,पुं।,भूतयज्ञः,,,क्रिया,,,,,,बलि,,
पञ्चमहायज्ञ,पुं।,पाठादयः,,,अपौरुषेयः,,,,,,पञ्चमहायज्ञ,,
समज्या,स्त्री।,सभा,,,द्रव्यम्,पृथ्वी,अचलनिर्जीवः,स्थानम्,मानवनिर्मितिः,,"समज्या,परिषद्,गोष्ठी,सभा,समिति,संसद्,आस्थानी,आस्थान,सदस्,आस्था,प्रतिश्रय",सामाजिकाः,"देवसभा,पानसभा"
परिषद्,स्त्री।,सभा,,,द्रव्यम्,पृथ्वी,अचलनिर्जीवः,स्थानम्,मानवनिर्मितिः,,"समज्या,परिषद्,गोष्ठी,सभा,समिति,संसद्,आस्थानी,आस्थान,सदस्,आस्था,प्रतिश्रय",सामाजिकाः,"देवसभा,पानसभा"
गोष्ठी,स्त्री।,सभा,,,द्रव्यम्,पृथ्वी,अचलनिर्जीवः,स्थानम्,मानवनिर्मितिः,,"समज्या,परिषद्,गोष्ठी,सभा,समिति,संसद्,आस्थानी,आस्थान,सदस्,आस्था,प्रतिश्रय",सामाजिकाः,"देवसभा,पानसभा"
सभा,स्त्री।,सभा,,,द्रव्यम्,पृथ्वी,अचलनिर्जीवः,स्थानम्,मानवनिर्मितिः,,"समज्या,परिषद्,गोष्ठी,सभा,समिति,संसद्,आस्थानी,आस्थान,सदस्,आस्था,प्रतिश्रय",सामाजिकाः,"देवसभा,पानसभा"
समिति,स्त्री।,सभा,,,द्रव्यम्,पृथ्वी,अचलनिर्जीवः,स्थानम्,मानवनिर्मितिः,,"समज्या,परिषद्,गोष्ठी,सभा,समिति,संसद्,आस्थानी,आस्थान,सदस्,आस्था,प्रतिश्रय",सामाजिकाः,"देवसभा,पानसभा"
संसद्,स्त्री।,सभा,,,द्रव्यम्,पृथ्वी,अचलनिर्जीवः,स्थानम्,मानवनिर्मितिः,,"समज्या,परिषद्,गोष्ठी,सभा,समिति,संसद्,आस्थानी,आस्थान,सदस्,आस्था,प्रतिश्रय",सामाजिकाः,"देवसभा,पानसभा"
आस्थानी,स्त्री।,सभा,,,द्रव्यम्,पृथ्वी,अचलनिर्जीवः,स्थानम्,मानवनिर्मितिः,,"समज्या,परिषद्,गोष्ठी,सभा,समिति,संसद्,आस्थानी,आस्थान,सदस्,आस्था,प्रतिश्रय",सामाजिकाः,"देवसभा,पानसभा"
आस्थान,नपुं।,सभा,,,द्रव्यम्,पृथ्वी,अचलनिर्जीवः,स्थानम्,मानवनिर्मितिः,,"समज्या,परिषद्,गोष्ठी,सभा,समिति,संसद्,आस्थानी,आस्थान,सदस्,आस्था,प्रतिश्रय",सामाजिकाः,"देवसभा,पानसभा"
सदस्,स्त्री-नपुं।,सभा,,,द्रव्यम्,पृथ्वी,अचलनिर्जीवः,स्थानम्,मानवनिर्मितिः,,"समज्या,परिषद्,गोष्ठी,सभा,समिति,संसद्,आस्थानी,आस्थान,सदस्,आस्था,प्रतिश्रय",सामाजिकाः,"देवसभा,पानसभा"
प्राग्वंश,पुं।,हविर्गेहपूर्वभागे_निर्मितप्रकोष्टः,,,द्रव्यम्,पृथ्वी,अचलनिर्जीवः,स्थानम्,मानवनिर्मितिः,,प्राग्वंश,,
सदस्य,पुं।,विधिदर्शिनः,,,द्रव्यम्,पृथ्वी,चलसजीवः,मनुष्यः,,,सदस्य,,
सभासद्,पुं।,सामाजिकाः,,,द्रव्यम्,पृथ्वी,चलसजीवः,मनुष्यः,,,"सभासद्,सभास्तार,सभ्य,सामाजिक",,
सभास्तार,पुं।,सामाजिकाः,,,द्रव्यम्,पृथ्वी,चलसजीवः,मनुष्यः,,,"सभासद्,सभास्तार,सभ्य,सामाजिक",,
सभ्य,पुं।,सामाजिकाः,,,द्रव्यम्,पृथ्वी,चलसजीवः,मनुष्यः,,,"सभासद्,सभास्तार,सभ्य,सामाजिक",,
सामाजिक,पुं।,सामाजिकाः,,,द्रव्यम्,पृथ्वी,चलसजीवः,मनुष्यः,,,"सभासद्,सभास्तार,सभ्य,सामाजिक",,
अध्वर्यु,पुं।,यजुर्वेदकर्मकर्ता,,वृत्तिः,द्रव्यम्,पृथ्वी,चलसजीवः,मनुष्यः,,,अध्वर्यु,,
उद्गातृ,पुं।,सामवेदकर्मकर्ता,,वृत्तिः,द्रव्यम्,पृथ्वी,चलसजीवः,मनुष्यः,,,उद्गातृ,,
होतृ,पुं।,ऋग्वेदकर्मकर्ता,,वृत्तिः,द्रव्यम्,पृथ्वी,चलसजीवः,मनुष्यः,,,होतृ,,ऋत्विक्
ऋत्विज्,पुं।,ऋत्विक्,,,द्रव्यम्,पृथ्वी,चलसजीवः,मनुष्यः,,,"ऋत्विज्,याजक",,
याजक,पुं।,ऋत्विक्,,,द्रव्यम्,पृथ्वी,चलसजीवः,मनुष्यः,,,"ऋत्विज्,याजक",,
वेदि,पुं।,यज्ञवेदिः,,,द्रव्यम्,पृथ्वी,अचलनिर्जीवः,स्थानम्,मानवनिर्मितिः,,वेदि,,
स्थण्डिल,नपुं।,यागार्थं_संस्कृतभूमिः,,,द्रव्यम्,पृथ्वी,,,,,"स्थण्डिल,चत्वर","यज्ञवेदिः,यज्ञशालापरितनिबिडवेष्टनम्",
चत्वर,नपुं।,यागार्थं_संस्कृतभूमिः,,,द्रव्यम्,पृथ्वी,,,,,"स्थण्डिल,चत्वर","यज्ञवेदिः,यज्ञशालापरितनिबिडवेष्टनम्",
चषाल,पुं।,यूपकटकः,,,द्रव्यम्,पृथ्वी,अचलनिर्जीवः,अचलनिर्जीववस्तु,,,"चषाल,यूपकटक",यज्ञः,
यूपकटक,पुं।,यूपकटकः,,,द्रव्यम्,पृथ्वी,अचलनिर्जीवः,अचलनिर्जीववस्तु,,,"चषाल,यूपकटक",यज्ञः,
कुम्बा,स्त्री।,यज्ञशालापरितनिबिडवेष्टनम्,,,द्रव्यम्,पृथ्वी,अचलनिर्जीवः,स्थानम्,मानवनिर्मितिः,,कुम्बा,,
यूपाग्र,नपुं।,यूपाग्रम्,,,द्रव्यम्,पृथ्वी,अचलनिर्जीवः,अचलनिर्जीववस्तु,,,"यूपाग्र,तर्मन्",यूपकटकः,
तर्मन्,नपुं।,यूपाग्रम्,,,द्रव्यम्,पृथ्वी,अचलनिर्जीवः,अचलनिर्जीववस्तु,,,"यूपाग्र,तर्मन्",यूपकटकः,
अरणि,स्त्री-पुं।,अरणिः,,,द्रव्यम्,पृथ्वी,अचलसजीवः,वृक्षः,,,"श्रीपर्ण,अग्निमन्थ,कणिका,गणिकारिका,जय,अरणि",अग्निः,अम्ब्वरणिः
दक्षिणाग्नि,पुं।,यागवेदिकायाम्_दक्षिणभागे_स्थिताग्निः,,,इन्धनजम्,,,,,,दक्षिणाग्नि,,
गार्हपत्य,पुं।,गार्हपत्याग्निः,,,इन्धनजम्,,,,,,गार्हपत्य,,
आहवनीय,पुं।,आहवनीयाग्निः,,,इन्धनजम्,,,,,,आहवनीय,,
त्रेता,स्त्री।,दक्षिणगार्हपत्याहवनीयाग्नयः,,,इन्धनजम्,,,,,,त्रेता,,
प्रणीत,पुं।,संस्कृताग्निः,,,इन्धनजम्,,,,,,प्रणीत,,
समूह्य,पुं।,अग्निनाम,,,दहनम्,,,,,,"समूह्य,परिचाय्य,उपचाय्य",,
परिचाय्य,पुं।,अग्निनाम,,,दहनम्,,,,,,"समूह्य,परिचाय्य,उपचाय्य",,
उपचाय्य,पुं।,अग्निनाम,,,दहनम्,,,,,,"समूह्य,परिचाय्य,उपचाय्य",,
आनाय्य,पुं।,दक्षिणाग्नित्वेन_संस्कृत_गार्हपत्याग्निः,,,इन्धनजम्,,,,,,आनाय्य,,
आग्नायी,स्त्री।,अग्नेः_प्रिया,,,द्रव्यम्,पृथ्वी,चलसजीवः,अलौकिकचेतनः,,,"आग्नायी,स्वाहा,हुतभुक्प्रिया",अग्निः,
स्वाहा,स्त्री।,अग्नेः_प्रिया,,,द्रव्यम्,पृथ्वी,चलसजीवः,अलौकिकचेतनः,,,"आग्नायी,स्वाहा,हुतभुक्प्रिया",अग्निः,
हुतभुक्प्रिया,स्त्री।,अग्नेः_प्रिया,,,द्रव्यम्,पृथ्वी,चलसजीवः,अलौकिकचेतनः,,,"आग्नायी,स्वाहा,हुतभुक्प्रिया",अग्निः,
सामिधेनी,स्त्री।,अग्निसमिन्धने_प्रयुक्ता_ऋक्,,,अपौरुषेयः,,,,,,"सामिधेनी,धाय्या",यज्ञः,
धाय्या,स्त्री।,अग्निसमिन्धने_प्रयुक्ता_ऋक्,,,अपौरुषेयः,,,,,,"सामिधेनी,धाय्या",यज्ञः,
गायत्री,स्त्री।,गायत्रीच्छन्दः,,नाम,पौरुषेयः,,,,,,"गायत्री,संज्ञा",,
चरु,पुं।,हव्यपाकः,,पक्वम्,,,,,,,चरु,यज्ञः,"पक्वक्षीरे_दधियोजना,दधिमिशृतघृतम्,क्षीरान्नम्,देवान्नम्,पित्रन्नम्"
आमिक्षा,स्त्री।,पक्वक्षीरे_दधियोजना,,पक्वम्,,,,,,,आमिक्षा,,
धवित्र,नपुं।,अग्निसंरक्षणाय_रचितमृगत्वचव्यजनम्,,"उपकरणम्,गार्हिकोपकरणम्",,,,,,,धवित्र,यज्ञः,
पृषदाज्य,नपुं।,दधिमिशृतघृतम्,,पक्वम्,,,,,,,पृषदाज्य,यज्ञः,
परमान्न,नपुं।,क्षीरान्नम्,,पक्वम्,,,,,,,"परमान्न,पायस",यज्ञः,
पायस,पुं-नपुं।,क्षीरान्नम्,,पक्वम्,,,,,,,"परमान्न,पायस",यज्ञः,
हव्य,नपुं।,देवान्नम्,,पक्वम्,,,,,,,हव्य,यज्ञः,
कव्य,नपुं।,पित्रन्नम्,,पक्वम्,,,,,,,कव्य,यज्ञः,
पात्र,नपुं।,स्रुवादियज्ञपात्राणि,,"उपकरणम्,गार्हिकोपकरणम्",,,,,,,पात्र,,
ध्रुवा,स्त्री।,यज्ञपात्रम्,,"उपकरणम्,गार्हिकोपकरणम्",,,,,,,"ध्रुवा,उपभृत्,जहू,स्रुव,स्रुच्",यज्ञः,स्रुवादियज्ञपात्राणि
उपभृत्,स्त्री।,यज्ञपात्रम्,,"उपकरणम्,गार्हिकोपकरणम्",,,,,,,"ध्रुवा,उपभृत्,जहू,स्रुव,स्रुच्",यज्ञः,स्रुवादियज्ञपात्राणि
जहू,स्त्री।,यज्ञपात्रम्,,"उपकरणम्,गार्हिकोपकरणम्",,,,,,,"ध्रुवा,उपभृत्,जहू,स्रुव,स्रुच्",यज्ञः,स्रुवादियज्ञपात्राणि
स्रुव,पुं।,यज्ञपात्रम्,,"उपकरणम्,गार्हिकोपकरणम्",,,,,,,"ध्रुवा,उपभृत्,जहू,स्रुव,स्रुच्",यज्ञः,स्रुवादियज्ञपात्राणि
स्रुच्,स्त्री।,यज्ञपात्रम्,,"उपकरणम्,गार्हिकोपकरणम्",,,,,,,"ध्रुवा,उपभृत्,जहू,स्रुव,स्रुच्",यज्ञः,स्रुवादियज्ञपात्राणि
उपाकृत,पुं।,क्रतावभिमन्त्रितपशुः,,,द्रव्यम्,पृथ्वी,चलसजीवः,मनुष्येतरः,जन्तुः,स्तनपायी,उपाकृत,यज्ञः,
परम्पराक,नपुं।,यज्ञार्थं_पशुहननम्,,,क्रिया,,,,,,"परम्पराक,शमन,प्रोक्षण",यज्ञः,
शमन,पुं।,यज्ञार्थं_पशुहननम्,,,क्रिया,,,,,,"परम्पराक,शमन,प्रोक्षण",यज्ञः,
प्रोक्षण,नपुं।,यज्ञार्थं_पशुहननम्,,,क्रिया,,,,,,"परम्पराक,शमन,प्रोक्षण",यज्ञः,
प्रमीत,वि।,यज्ञहतपशुः,,,द्रव्यम्,पृथ्वी,चलसजीवः,मनुष्येतरः,जन्तुः,,"प्रमीत,उपसम्पन्न,प्रोक्षित",यज्ञः,
उपसम्पन्न,वि।,यज्ञहतपशुः,,,द्रव्यम्,पृथ्वी,चलसजीवः,मनुष्येतरः,जन्तुः,,"प्रमीत,उपसम्पन्न,प्रोक्षित",यज्ञः,
प्रोक्षित,वि।,यज्ञहतपशुः,,,द्रव्यम्,पृथ्वी,चलसजीवः,मनुष्येतरः,जन्तुः,,"प्रमीत,उपसम्पन्न,प्रोक्षित",यज्ञः,
सांनाय्य,नपुं।,हविः,,,द्रव्यम्,पृथ्वी,अचलनिर्जीवः,अचलनिर्जीववस्तु,,,"सांनाय्य,हविस्",यज्ञः,अग्नावर्पितम्
हविस्,नपुं।,हविः,,,द्रव्यम्,पृथ्वी,अचलनिर्जीवः,अचलनिर्जीववस्तु,,,"सांनाय्य,हविस्",यज्ञः,अग्नावर्पितम्
हुत,वि।,अग्नावर्पितम्,,,द्रव्यम्,पृथ्वी,अचलनिर्जीवः,अचलनिर्जीववस्तु,,,"हुत,वषट्कृत",यज्ञः,
वषट्कृत,वि।,अग्नावर्पितम्,,,द्रव्यम्,पृथ्वी,अचलनिर्जीवः,अचलनिर्जीववस्तु,,,"हुत,वषट्कृत",यज्ञः,
अवभृथ,पुं।,अवभृतस्नानम्,,,क्रिया,,,,,,अवभृथ,यज्ञः,
यज्ञिय,वि।,क्रतुद्रव्यादिः,,,द्रव्यम्,पृथ्वी,अचलनिर्जीवः,अचलनिर्जीववस्तु,,,यज्ञिय,"अग्नावर्पितम्,यज्ञः",हविः
इष्ट,नपुं।,यज्ञकर्मः,,,क्रिया,,,,,,इष्ट,,पूर्तकर्मः
पूर्त,नपुं।,पूर्तकर्मः,,,क्रिया,,,,,,पूर्त,यज्ञः,
अमृत,नपुं।,यज्ञशेषः,,,द्रव्यम्,पृथ्वी,अचलनिर्जीवः,अचलनिर्जीववस्तु,,,अमृत,यज्ञः,
विघस,पुं।,भोजनशेषः,,,द्रव्यम्,पृथ्वी,अचलनिर्जीवः,अचलनिर्जीववस्तु,,,विघस,,
त्याग,पुं।,दानम्,,,क्रिया,,,,,,"त्याग,विहापित,दान,उत्सर्जन,विसर्जन,विश्राणन,वितरण,स्पर्शन,प्रतिपादन,प्रादेशन,निर्वपण,अपवर्जन,अंहति,साति,निर्यातन",यज्ञः,"मृताहे_दानम्,पितॄनुद्धिश्यक्रियमाणः_दानम्,फलेच्छायुक्तदानम्,सदादानम्,देवहविर्दानम्"
विहापित,नपुं।,दानम्,,,क्रिया,,,,,,"त्याग,विहापित,दान,उत्सर्जन,विसर्जन,विश्राणन,वितरण,स्पर्शन,प्रतिपादन,प्रादेशन,निर्वपण,अपवर्जन,अंहति,साति,निर्यातन",यज्ञः,"मृताहे_दानम्,पितॄनुद्धिश्यक्रियमाणः_दानम्,फलेच्छायुक्तदानम्,सदादानम्,देवहविर्दानम्"
दान,नपुं।,दानम्,,,क्रिया,,,,,,"त्याग,विहापित,दान,उत्सर्जन,विसर्जन,विश्राणन,वितरण,स्पर्शन,प्रतिपादन,प्रादेशन,निर्वपण,अपवर्जन,अंहति,साति,निर्यातन",यज्ञः,"मृताहे_दानम्,पितॄनुद्धिश्यक्रियमाणः_दानम्,फलेच्छायुक्तदानम्,सदादानम्,देवहविर्दानम्"
उत्सर्जन,नपुं।,दानम्,,,क्रिया,,,,,,"त्याग,विहापित,दान,उत्सर्जन,विसर्जन,विश्राणन,वितरण,स्पर्शन,प्रतिपादन,प्रादेशन,निर्वपण,अपवर्जन,अंहति,साति,निर्यातन",यज्ञः,"मृताहे_दानम्,पितॄनुद्धिश्यक्रियमाणः_दानम्,फलेच्छायुक्तदानम्,सदादानम्,देवहविर्दानम्"
विसर्जन,नपुं।,दानम्,,,क्रिया,,,,,,"त्याग,विहापित,दान,उत्सर्जन,विसर्जन,विश्राणन,वितरण,स्पर्शन,प्रतिपादन,प्रादेशन,निर्वपण,अपवर्जन,अंहति,साति,निर्यातन",यज्ञः,"मृताहे_दानम्,पितॄनुद्धिश्यक्रियमाणः_दानम्,फलेच्छायुक्तदानम्,सदादानम्,देवहविर्दानम्"
विश्राणन,नपुं।,दानम्,,,क्रिया,,,,,,"त्याग,विहापित,दान,उत्सर्जन,विसर्जन,विश्राणन,वितरण,स्पर्शन,प्रतिपादन,प्रादेशन,निर्वपण,अपवर्जन,अंहति,साति,निर्यातन",यज्ञः,"मृताहे_दानम्,पितॄनुद्धिश्यक्रियमाणः_दानम्,फलेच्छायुक्तदानम्,सदादानम्,देवहविर्दानम्"
वितरण,नपुं।,दानम्,,,क्रिया,,,,,,"त्याग,विहापित,दान,उत्सर्जन,विसर्जन,विश्राणन,वितरण,स्पर्शन,प्रतिपादन,प्रादेशन,निर्वपण,अपवर्जन,अंहति,साति,निर्यातन",यज्ञः,"मृताहे_दानम्,पितॄनुद्धिश्यक्रियमाणः_दानम्,फलेच्छायुक्तदानम्,सदादानम्,देवहविर्दानम्"
स्पर्शन,नपुं।,दानम्,,,क्रिया,,,,,,"त्याग,विहापित,दान,उत्सर्जन,विसर्जन,विश्राणन,वितरण,स्पर्शन,प्रतिपादन,प्रादेशन,निर्वपण,अपवर्जन,अंहति,साति,निर्यातन",यज्ञः,"मृताहे_दानम्,पितॄनुद्धिश्यक्रियमाणः_दानम्,फलेच्छायुक्तदानम्,सदादानम्,देवहविर्दानम्"
प्रतिपादन,नपुं।,दानम्,,,क्रिया,,,,,,"त्याग,विहापित,दान,उत्सर्जन,विसर्जन,विश्राणन,वितरण,स्पर्शन,प्रतिपादन,प्रादेशन,निर्वपण,अपवर्जन,अंहति,साति,निर्यातन",यज्ञः,"मृताहे_दानम्,पितॄनुद्धिश्यक्रियमाणः_दानम्,फलेच्छायुक्तदानम्,सदादानम्,देवहविर्दानम्"
प्रादेशन,नपुं।,दानम्,,,क्रिया,,,,,,"त्याग,विहापित,दान,उत्सर्जन,विसर्जन,विश्राणन,वितरण,स्पर्शन,प्रतिपादन,प्रादेशन,निर्वपण,अपवर्जन,अंहति,साति,निर्यातन",यज्ञः,"मृताहे_दानम्,पितॄनुद्धिश्यक्रियमाणः_दानम्,फलेच्छायुक्तदानम्,सदादानम्,देवहविर्दानम्"
निर्वपण,नपुं।,दानम्,,,क्रिया,,,,,,"त्याग,विहापित,दान,उत्सर्जन,विसर्जन,विश्राणन,वितरण,स्पर्शन,प्रतिपादन,प्रादेशन,निर्वपण,अपवर्जन,अंहति,साति,निर्यातन",यज्ञः,"मृताहे_दानम्,पितॄनुद्धिश्यक्रियमाणः_दानम्,फलेच्छायुक्तदानम्,सदादानम्,देवहविर्दानम्"
अपवर्जन,नपुं।,दानम्,,,क्रिया,,,,,,"त्याग,विहापित,दान,उत्सर्जन,विसर्जन,विश्राणन,वितरण,स्पर्शन,प्रतिपादन,प्रादेशन,निर्वपण,अपवर्जन,अंहति,साति,निर्यातन",यज्ञः,"मृताहे_दानम्,पितॄनुद्धिश्यक्रियमाणः_दानम्,फलेच्छायुक्तदानम्,सदादानम्,देवहविर्दानम्"
अंहति,स्त्री।,दानम्,,,क्रिया,,,,,,"त्याग,विहापित,दान,उत्सर्जन,विसर्जन,विश्राणन,वितरण,स्पर्शन,प्रतिपादन,प्रादेशन,निर्वपण,अपवर्जन,अंहति,साति,निर्यातन",यज्ञः,"मृताहे_दानम्,पितॄनुद्धिश्यक्रियमाणः_दानम्,फलेच्छायुक्तदानम्,सदादानम्,देवहविर्दानम्"
और्ध्वदेहिक,वि।,मृताहे_दानम्,,,क्रिया,,,,,,और्ध्वदेहिक,,
पितृदान,नपुं।,पितॄनुद्धिश्यक्रियमाणः_दानम्,,,क्रिया,,,,,,"पितृदान,निवाप",,
निवाप,पुं।,पितॄनुद्धिश्यक्रियमाणः_दानम्,,,क्रिया,,,,,,"पितृदान,निवाप",,
श्राद्ध,नपुं।,श्राद्धकर्मः,,,क्रिया,,,,,,श्राद्ध,,अमावास्याश्राद्धम्
अन्वाहार्य,नपुं।,अमावास्याश्राद्धम्,,,क्रिया,,,,,,अन्वाहार्य,,
कुतप,पुं-नपुं।,अह्नोऽष्टमभागः,,,द्रव्यम्,कालः,,,,,कुतप,,
पर्येषणा,स्त्री।,धर्माद्यन्वेषणम्,,,क्रिया,,,,,,"पर्येषणा,परीष्टि,अन्वेषणा,गवेषणा",,
परीष्टि,स्त्री।,धर्माद्यन्वेषणम्,,,क्रिया,,,,,,"पर्येषणा,परीष्टि,अन्वेषणा,गवेषणा",,
अन्वेषणा,स्त्री।,धर्माद्यन्वेषणम्,,,क्रिया,,,,,,"पर्येषणा,परीष्टि,अन्वेषणा,गवेषणा",,
गवेषणा,स्त्री।,धर्माद्यन्वेषणम्,,,क्रिया,,,,,,"पर्येषणा,परीष्टि,अन्वेषणा,गवेषणा",,
सनि,स्त्री।,गुर्वाद्यारादनम्,,,क्रिया,,,,,,"सनि,अध्येषणा",,
अध्येषणा,स्त्री।,गुर्वाद्यारादनम्,,,क्रिया,,,,,,"सनि,अध्येषणा",,
याञ्चा,स्त्री।,याचनम्,,,क्रिया,,,,,,"याञ्चा,अभिशस्ति,याचना,अर्थना,याञ्चा,भिक्षा,अर्थना,अर्दना,प्रणय,भिक्षा","याचकः,याचकः",
अभिशस्ति,स्त्री।,याचनम्,,,क्रिया,,,,,,"याञ्चा,अभिशस्ति,याचना,अर्थना,याञ्चा,भिक्षा,अर्थना,अर्दना,प्रणय,भिक्षा","याचकः,याचकः",
याचना,स्त्री।,याचनम्,,,क्रिया,,,,,,"याञ्चा,अभिशस्ति,याचना,अर्थना,याञ्चा,भिक्षा,अर्थना,अर्दना,प्रणय,भिक्षा","याचकः,याचकः",
अर्थना,स्त्री।,याचनम्,,,क्रिया,,,,,,"याञ्चा,अभिशस्ति,याचना,अर्थना,याञ्चा,भिक्षा,अर्थना,अर्दना,प्रणय,भिक्षा","याचकः,याचकः",
अर्घ्य,वि।,अर्घ्यार्थजलम्,,,द्रव्यम्,जलम्,,,,,अर्घ्य,यज्ञः,
पाद्य,वि।,पाद्यजलम्,,,द्रव्यम्,जलम्,,,,,पाद्य,,
आतिथ्य,वि।,आतिथ्यर्थः,,,क्रिया,,,,,,आतिथ्य,"अर्घ्यार्थजलम्,पाद्यजलम्",उत्थानपूर्वकसत्कारः
आवेशिक,वि।,अतिथिः,,,द्रव्यम्,पृथ्वी,चलसजीवः,मनुष्यः,,,"आवेशिक,आगन्तु,अतिथि",,अभ्यागतः
आगन्तु,वि।,अतिथिः,,,द्रव्यम्,पृथ्वी,चलसजीवः,मनुष्यः,,,"आवेशिक,आगन्तु,अतिथि",,अभ्यागतः
अतिथि,पुं।,अतिथिः,,,द्रव्यम्,पृथ्वी,चलसजीवः,मनुष्यः,,,"आवेशिक,आगन्तु,अतिथि",,अभ्यागतः
प्राघूर्णिक,पुं।,अभ्यागतः,,,द्रव्यम्,पृथ्वी,चलसजीवः,मनुष्यः,,,"प्राघूर्णिक,प्राघूणक",,
प्राघूणक,पुं।,अभ्यागतः,,,द्रव्यम्,पृथ्वी,चलसजीवः,मनुष्यः,,,"प्राघूर्णिक,प्राघूणक",,
अभ्युत्थान,नपुं।,उत्थानपूर्वकसत्कारः,,,क्रिया,,,,,,"अभ्युत्थान,गौरव",,
गौरव,नपुं।,उत्थानपूर्वकसत्कारः,,,क्रिया,,,,,,"अभ्युत्थान,गौरव",,
पूजा,स्त्री।,पूजा,,,क्रिया,,,,,,"पूजा,नमस्या,अपचिति,सपर्या,अर्चा,अर्हणा",पूजाविधिः,"गुर्वाद्यारादनम्,उपासनम्,व्रतम्,प्रस्तानात्प्राग्_शस्त्रवाहनादिपूजा"
नमस्या,स्त्री।,पूजा,,,क्रिया,,,,,,"पूजा,नमस्या,अपचिति,सपर्या,अर्चा,अर्हणा",पूजाविधिः,"गुर्वाद्यारादनम्,उपासनम्,व्रतम्,प्रस्तानात्प्राग्_शस्त्रवाहनादिपूजा"
अपचिति,स्त्री।,पूजा,,,क्रिया,,,,,,"पूजा,नमस्या,अपचिति,सपर्या,अर्चा,अर्हणा",पूजाविधिः,"गुर्वाद्यारादनम्,उपासनम्,व्रतम्,प्रस्तानात्प्राग्_शस्त्रवाहनादिपूजा"
सपर्या,स्त्री।,पूजा,,,क्रिया,,,,,,"पूजा,नमस्या,अपचिति,सपर्या,अर्चा,अर्हणा",पूजाविधिः,"गुर्वाद्यारादनम्,उपासनम्,व्रतम्,प्रस्तानात्प्राग्_शस्त्रवाहनादिपूजा"
अर्चा,स्त्री।,पूजा,,,क्रिया,,,,,,"पूजा,नमस्या,अपचिति,सपर्या,अर्चा,अर्हणा",पूजाविधिः,"गुर्वाद्यारादनम्,उपासनम्,व्रतम्,प्रस्तानात्प्राग्_शस्त्रवाहनादिपूजा"
अर्हणा,स्त्री।,पूजा,,,क्रिया,,,,,,"पूजा,नमस्या,अपचिति,सपर्या,अर्चा,अर्हणा",पूजाविधिः,"गुर्वाद्यारादनम्,उपासनम्,व्रतम्,प्रस्तानात्प्राग्_शस्त्रवाहनादिपूजा"
वरिवस्या,स्त्री।,उपासनम्,,,क्रिया,,,,,,"वरिवस्या,शुश्रूषा,परिचर्या,उपासना",,उपवासादिव्रतम्
शुश्रूषा,स्त्री।,उपासनम्,,,क्रिया,,,,,,"वरिवस्या,शुश्रूषा,परिचर्या,उपासना",,उपवासादिव्रतम्
परिचर्या,स्त्री।,उपासनम्,,,क्रिया,,,,,,"वरिवस्या,शुश्रूषा,परिचर्या,उपासना",,उपवासादिव्रतम्
उपासना,स्त्री-नपुं।,उपासनम्,,,क्रिया,,,,,,"वरिवस्या,शुश्रूषा,परिचर्या,उपासना",,उपवासादिव्रतम्
व्रज्या,स्त्री।,अटनम्,,,क्रिया,,,,,,"व्रज्या,अटाट्या,पर्यटन",,
अटाट्या,स्त्री।,अटनम्,,,क्रिया,,,,,,"व्रज्या,अटाट्या,पर्यटन",,
पर्यटन,नपुं।,अटनम्,,,क्रिया,,,,,,"व्रज्या,अटाट्या,पर्यटन",,
चर्या,स्त्री।,योगमार्गे_स्थितः,,,द्रव्यम्,पृथ्वी,चलसजीवः,मनुष्यः,,,चर्या,,
उपस्पर्श,पुं।,आचमनम्,,,क्रिया,,,,,,"उपस्पर्श,आचमन",,
आचमन,नपुं।,आचमनम्,,,क्रिया,,,,,,"उपस्पर्श,आचमन",,
मौन,नपुं।,मौनम्,,,सामान्यम्,अवस्था,,,,,"मौन,अभाषण,तूष्णीं,तूष्णीकां",मौनशीलः#मौनव्रतिः,
अभाषण,नपुं।,मौनम्,,,सामान्यम्,अवस्था,,,,,"मौन,अभाषण,तूष्णीं,तूष्णीकां",मौनशीलः#मौनव्रतिः,
प्राचेतस्,पुं।,वाल्मीकिः,,,द्रव्यम्,आत्मा,ऋषिः,,,,"प्राचेतस्,आदिकवि,मैत्रावरुणि,वाल्मीकि",,
आदिकवि,पुं।,वाल्मीकिः,,,द्रव्यम्,आत्मा,ऋषिः,,,,"प्राचेतस्,आदिकवि,मैत्रावरुणि,वाल्मीकि",,
मैत्रावरुणि,पुं।,वाल्मीकिः,,,द्रव्यम्,आत्मा,ऋषिः,,,,"प्राचेतस्,आदिकवि,मैत्रावरुणि,वाल्मीकि",,
वाल्मीकि,पुं।,वाल्मीकिः,,,द्रव्यम्,आत्मा,ऋषिः,,,,"प्राचेतस्,आदिकवि,मैत्रावरुणि,वाल्मीकि",,
गाधेय,पुं।,विश्वामित्रः,,,द्रव्यम्,आत्मा,ऋषिः,,,,"गाधेय,विश्वामित्र,कौशिक",,
विश्वामित्र,पुं।,विश्वामित्रः,,,द्रव्यम्,आत्मा,ऋषिः,,,,"गाधेय,विश्वामित्र,कौशिक",,
कौशिक,पुं।,विश्वामित्रः,,,द्रव्यम्,आत्मा,ऋषिः,,,,"गाधेय,विश्वामित्र,कौशिक",,
व्यास,पुं।,व्यासः,,,द्रव्यम्,आत्मा,ऋषिः,,,,"व्यास,द्वैपायन,पाराशर्य,सत्यवतीसुत",,
द्वैपायन,पुं।,व्यासः,,,द्रव्यम्,आत्मा,ऋषिः,,,,"व्यास,द्वैपायन,पाराशर्य,सत्यवतीसुत",,
पाराशर्य,पुं।,व्यासः,,,द्रव्यम्,आत्मा,ऋषिः,,,,"व्यास,द्वैपायन,पाराशर्य,सत्यवतीसुत",,
सत्यवतीसुत,पुं।,व्यासः,,,द्रव्यम्,आत्मा,ऋषिः,,,,"व्यास,द्वैपायन,पाराशर्य,सत्यवतीसुत",,
आनुपूर्वी,स्त्री।,क्रमः,,,गुणः,परिमाणः,,,,,"आनुपूर्वी,आवृत्त,परिपाटी,अनुक्रम,पर्याय",,
आवृत्त,वि।,क्रमः,,,गुणः,परिमाणः,,,,,"आनुपूर्वी,आवृत्त,परिपाटी,अनुक्रम,पर्याय",,
परिपाटी,स्त्री।,क्रमः,,,गुणः,परिमाणः,,,,,"आनुपूर्वी,आवृत्त,परिपाटी,अनुक्रम,पर्याय",,
अनुक्रम,पुं।,क्रमः,,,गुणः,परिमाणः,,,,,"आनुपूर्वी,आवृत्त,परिपाटी,अनुक्रम,पर्याय",,
पर्याय,पुं।,क्रमः,,,गुणः,परिमाणः,,,,,"आनुपूर्वी,आवृत्त,परिपाटी,अनुक्रम,पर्याय",,
अतिपात,पुं।,क्रमोल्लङ्घनम्,,,क्रिया,,,,,,"अतिपात,पर्यय,उपात्यय",,
पर्यय,पुं।,क्रमोल्लङ्घनम्,,,क्रिया,,,,,,"अतिपात,पर्यय,उपात्यय",,
उपात्यय,पुं।,क्रमोल्लङ्घनम्,,,क्रिया,,,,,,"अतिपात,पर्यय,उपात्यय",,
नियम,पुं।,व्रतम्,,,क्रिया,,,,,,"नियम,व्रत",,उपवासः
व्रत,पुं-नपुं।,व्रतम्,,,क्रिया,,,,,,"नियम,व्रत",,उपवासः
पुण्यक,नपुं।,उपवासादिव्रतम्,,,क्रिया,,,,,,पुण्यक,,
औपवस्त,नपुं।,उपवासः,,,क्रिया,,,,,,"औपवस्त,उपवास",,
उपवास,पुं।,उपवासः,,,क्रिया,,,,,,"औपवस्त,उपवास",,
विवेक,पुं।,प्रकृतिपुरुषभेदज्ञानम्,,,गुणः,बुद्धिः,,,,,"विवेक,पृथगात्मता",,
पृथगात्मता,स्त्री।,प्रकृतिपुरुषभेदज्ञानम्,,,गुणः,बुद्धिः,,,,,"विवेक,पृथगात्मता",,
ब्रह्मवर्चस,नपुं।,ब्रह्मवर्चसम्,,,द्रव्यम्,तेजः,,,,,"ब्रह्मवर्चस,वृत्ताध्ययनर्द्धि",,
वृत्ताध्ययनर्द्धि,स्त्री।,ब्रह्मवर्चसम्,,,द्रव्यम्,तेजः,,,,,"ब्रह्मवर्चस,वृत्ताध्ययनर्द्धि",,
ब्रह्माञ्जलि,पुं।,वेदपाठकाले_कृताञ्जलिः,,,क्रिया,,,,,,ब्रह्माञ्जलि,,
ब्रह्मबिन्दु,पुं।,मुखनिर्गतबिन्धुः,,,द्रव्यम्,जलम्,,,,,ब्रह्मबिन्दु,,
ब्रह्मासन,नपुं।,ध्यानयोगासनम्,,,क्रिया,,,,,,ब्रह्मासन,,
कल्प,पुं।,विधानशास्त्रम्,,,पौरुषेयः,,,,,,"कल्प,विधि,क्रम","आद्यविधिः,गौणविधिः,वेदपाठारम्भविधिः","आद्यविधिः,गौणविधिः,वेदपाठारम्भविधिः"
विधि,पुं।,विधानशास्त्रम्,,,पौरुषेयः,,,,,,"कल्प,विधि,क्रम","आद्यविधिः,गौणविधिः,वेदपाठारम्भविधिः","आद्यविधिः,गौणविधिः,वेदपाठारम्भविधिः"
क्रम,पुं।,विधानशास्त्रम्,,,पौरुषेयः,,,,,,"कल्प,विधि,क्रम","आद्यविधिः,गौणविधिः,वेदपाठारम्भविधिः","आद्यविधिः,गौणविधिः,वेदपाठारम्भविधिः"
मुख्य,पुं।,आद्यविधिः,,,अपौरुषेयः,,,,,,मुख्य,,
अनुकल्प,पुं।,गौणविधिः,,,पौरुषेयः,,,,,,अनुकल्प,,
उपाकरण,नपुं।,वेदपाठारम्भविधिः,,,क्रिया,,,,,,उपाकरण,,
पादग्रहण,नपुं।,अभिवादनम्,,,क्रिया,,,,,,"पादग्रहण,अभिवादन",,
अभिवादन,नपुं।,अभिवादनम्,,,क्रिया,,,,,,"पादग्रहण,अभिवादन",,
भिक्षु,पुं।,संन्यासी,,,द्रव्यम्,आत्मा,ऋषिः,,,,"भिक्षु,परिव्राज्,कर्मन्दिन्,पाराशरिन्,मस्करिन्","पलाशदण्डः,वैष्णवदण्डः,कमण्डलुः,मृगचर्मः,भिक्षाद्रव्यम्","वाल्मीकिः,विश्वामित्रः,व्यासः,तपस्वी,निर्जितेन्द्रिययतिः,भूमिशायीव्रतिः,निवृत्तरजस्तमोगुणाः,पवित्रः"
परिव्राज्,पुं।,संन्यासी,,,द्रव्यम्,आत्मा,ऋषिः,,,,"भिक्षु,परिव्राज्,कर्मन्दिन्,पाराशरिन्,मस्करिन्","पलाशदण्डः,वैष्णवदण्डः,कमण्डलुः,मृगचर्मः,भिक्षाद्रव्यम्","वाल्मीकिः,विश्वामित्रः,व्यासः,तपस्वी,निर्जितेन्द्रिययतिः,भूमिशायीव्रतिः,निवृत्तरजस्तमोगुणाः,पवित्रः"
कर्मन्दिन्,पुं।,संन्यासी,,,द्रव्यम्,आत्मा,ऋषिः,,,,"भिक्षु,परिव्राज्,कर्मन्दिन्,पाराशरिन्,मस्करिन्","पलाशदण्डः,वैष्णवदण्डः,कमण्डलुः,मृगचर्मः,भिक्षाद्रव्यम्","वाल्मीकिः,विश्वामित्रः,व्यासः,तपस्वी,निर्जितेन्द्रिययतिः,भूमिशायीव्रतिः,निवृत्तरजस्तमोगुणाः,पवित्रः"
पाराशरिन्,पुं।,संन्यासी,,,द्रव्यम्,आत्मा,ऋषिः,,,,"भिक्षु,परिव्राज्,कर्मन्दिन्,पाराशरिन्,मस्करिन्","पलाशदण्डः,वैष्णवदण्डः,कमण्डलुः,मृगचर्मः,भिक्षाद्रव्यम्","वाल्मीकिः,विश्वामित्रः,व्यासः,तपस्वी,निर्जितेन्द्रिययतिः,भूमिशायीव्रतिः,निवृत्तरजस्तमोगुणाः,पवित्रः"
मस्करिन्,पुं।,संन्यासी,,,द्रव्यम्,आत्मा,ऋषिः,,,,"भिक्षु,परिव्राज्,कर्मन्दिन्,पाराशरिन्,मस्करिन्","पलाशदण्डः,वैष्णवदण्डः,कमण्डलुः,मृगचर्मः,भिक्षाद्रव्यम्","वाल्मीकिः,विश्वामित्रः,व्यासः,तपस्वी,निर्जितेन्द्रिययतिः,भूमिशायीव्रतिः,निवृत्तरजस्तमोगुणाः,पवित्रः"
तपस्विन्,पुं।,तपस्वी,,,द्रव्यम्,आत्मा,ऋषिः,,,,"तपस्विन्,तापस,पारिकाङ्क्षिन्","तपस्विजटा,तपस्विजटा","मौनव्रतिः,तपःक्लेशसहः,ब्रह्मचारिः,ऋषिः"
तापस,पुं।,तपस्वी,,,द्रव्यम्,आत्मा,ऋषिः,,,,"तपस्विन्,तापस,पारिकाङ्क्षिन्","तपस्विजटा,तपस्विजटा","मौनव्रतिः,तपःक्लेशसहः,ब्रह्मचारिः,ऋषिः"
पारिकाङ्क्षिन्,पुं।,तपस्वी,,,द्रव्यम्,आत्मा,ऋषिः,,,,"तपस्विन्,तापस,पारिकाङ्क्षिन्","तपस्विजटा,तपस्विजटा","मौनव्रतिः,तपःक्लेशसहः,ब्रह्मचारिः,ऋषिः"
वाचंयम,पुं।,मौनव्रतिः,,,द्रव्यम्,पृथ्वी,चलसजीवः,मनुष्यः,,,"वाचंयम,मुनि",,
मुनि,पुं।,मौनव्रतिः,,,द्रव्यम्,पृथ्वी,चलसजीवः,मनुष्यः,,,"वाचंयम,मुनि",,
तपःक्लेशसह,वि।,तपःक्लेशसहः,,,द्रव्यम्,पृथ्वी,चलसजीवः,मनुष्यः,,,"तपःक्लेशसह,दान्त",,
दान्त,पुं।,तपःक्लेशसहः,,,द्रव्यम्,पृथ्वी,चलसजीवः,मनुष्यः,,,"तपःक्लेशसह,दान्त",,
वर्णिन्,पुं।,ब्रह्मचारिः,,,द्रव्यम्,पृथ्वी,चलसजीवः,मनुष्यः,,,"वर्णिन्,ब्रह्मचारिन्",,
ब्रह्मचारिन्,पुं।,ब्रह्मचारिः,,,द्रव्यम्,पृथ्वी,चलसजीवः,मनुष्यः,,,"वर्णिन्,ब्रह्मचारिन्",,
ऋषि,पुं।,ऋषिः,,,द्रव्यम्,आत्मा,ऋषिः,,,,"ऋषि,सत्यवाक्",,"देवर्षिः,अगस्त्यः,शुक्राचार्यः,सप्तर्षयः"
सत्यवाक्,पुं।,ऋषिः,,,द्रव्यम्,आत्मा,ऋषिः,,,,"ऋषि,सत्यवाक्",,"देवर्षिः,अगस्त्यः,शुक्राचार्यः,सप्तर्षयः"
स्नातक,पुं।,समाप्तवेदाध्ययनाश्रमान्तरागतः,,,द्रव्यम्,पृथ्वी,चलसजीवः,मनुष्यः,,,"स्नातक,आप्लुतव्रती",,
आप्लुतव्रती,पुं।,समाप्तवेदाध्ययनाश्रमान्तरागतः,,,द्रव्यम्,पृथ्वी,चलसजीवः,मनुष्यः,,,"स्नातक,आप्लुतव्रती",,
यतिन्,पुं।,निर्जितेन्द्रिययतिः,,,द्रव्यम्,आत्मा,ऋषिः,,,,"यतिन्,यति",,
यति,पुं।,निर्जितेन्द्रिययतिः,,,द्रव्यम्,आत्मा,ऋषिः,,,,"यतिन्,यति",,
स्थण्डिलशायिन्,पुं।,भूमिशायीव्रतिः,,,द्रव्यम्,पृथ्वी,चलसजीवः,मनुष्यः,,,"स्थण्डिलशायिन्,स्थाण्डिल",,
स्थाण्डिल,पुं।,भूमिशायीव्रतिः,,,द्रव्यम्,पृथ्वी,चलसजीवः,मनुष्यः,,,"स्थण्डिलशायिन्,स्थाण्डिल",,
विरजस्तमस्,पुं।,निवृत्तरजस्तमोगुणाः,,,द्रव्यम्,पृथ्वी,चलसजीवः,मनुष्यः,,,"विरजस्तमस्,द्वयातिग",,
द्वयातिग,पुं।,निवृत्तरजस्तमोगुणाः,,,द्रव्यम्,पृथ्वी,चलसजीवः,मनुष्यः,,,"विरजस्तमस्,द्वयातिग",,
पवित्र,पुं।,पवित्रः,,,द्रव्यम्,पृथ्वी,चलसजीवः,मनुष्यः,,,"पवित्र,प्रयत,पूत,पूत,पवित्र,मेध्य,विविक्ति",,
प्रयत,पुं।,पवित्रः,,,द्रव्यम्,पृथ्वी,चलसजीवः,मनुष्यः,,,"पवित्र,प्रयत,पूत,पूत,पवित्र,मेध्य,विविक्ति",,
पूत,पुं।,पवित्रः,,,द्रव्यम्,पृथ्वी,चलसजीवः,मनुष्यः,,,"पवित्र,प्रयत,पूत,पूत,पवित्र,मेध्य,विविक्ति",,
पाषण्ड,पुं।,दुःशास्त्रवर्तिः,,,द्रव्यम्,पृथ्वी,चलसजीवः,मनुष्यः,,,"पाषण्ड,सर्वलिङ्गिन्",,
सर्वलिङ्गिन्,पुं।,दुःशास्त्रवर्तिः,,,द्रव्यम्,पृथ्वी,चलसजीवः,मनुष्यः,,,"पाषण्ड,सर्वलिङ्गिन्",,
आषाढ,पुं।,पलाशदण्डः,,,द्रव्यम्,पृथ्वी,अचलनिर्जीवः,अचलनिर्जीववस्तु,,,आषाढ,संन्यासी,
राम्भ,पुं।,वैष्णवदण्डः,,,द्रव्यम्,पृथ्वी,अचलनिर्जीवः,अचलनिर्जीववस्तु,,,"राम्भ,वैणव",संन्यासी,
वैणव,पुं।,वैष्णवदण्डः,,,द्रव्यम्,पृथ्वी,अचलनिर्जीवः,अचलनिर्जीववस्तु,,,"राम्भ,वैणव",संन्यासी,
कमण्डलु,पुं-नपुं।,कमण्डलुः,,उपकरणम्,,,,,,,"कमण्डलु,कुण्डी,करक,कुसुम्भ",संन्यासी,
कुण्डी,स्त्री।,कमण्डलुः,,उपकरणम्,,,,,,,"कमण्डलु,कुण्डी,करक,कुसुम्भ",संन्यासी,
वृषी,स्त्री।,व्रतीनामासनम्,,"उपकरणम्,गार्हिकोपकरणम्",,,,,,,वृषी,,
अजिन,नपुं।,मृगचर्मः,,अवयवः,,,,,,,"अजिन,चर्मन्,कृत्ति","संन्यासी,चर्मकारः",
चर्मन्,नपुं।,मृगचर्मः,,अवयवः,,,,,,,"अजिन,चर्मन्,कृत्ति","संन्यासी,चर्मकारः",
कृत्ति,स्त्री।,मृगचर्मः,,अवयवः,,,,,,,"अजिन,चर्मन्,कृत्ति","संन्यासी,चर्मकारः",
भैक्ष,नपुं।,भिक्षाद्रव्यम्,,,द्रव्यम्,,,,,,भैक्ष,संन्यासी,
स्वाध्याय,पुं।,वेदाध्ययनम्,,,क्रिया,,,,,,"स्वाध्याय,जप",,
जप,पुं।,वेदाध्ययनम्,,,क्रिया,,,,,,"स्वाध्याय,जप",,
सुत्या,स्त्री।,सोमलताकण्डनम्,,,क्रिया,,,,,,"सुत्या,अभिषव,सवन",,
अभिषव,पुं।,सोमलताकण्डनम्,,,क्रिया,,,,,,"सुत्या,अभिषव,सवन",,
सवन,नपुं।,सोमलताकण्डनम्,,,क्रिया,,,,,,"सुत्या,अभिषव,सवन",,
अघमर्षण,वि।,अघमर्षणमन्त्रः,,,अपौरुषेयः,,,,,,अघमर्षण,,
दर्श,पुं।,दर्शयागः,,,क्रिया,,,,,,दर्श,,
पौर्णमास,पुं।,पौर्णमासयागः,,,क्रिया,,,,,,पौर्णमास,,
यम,पुं।,नैत्यिककर्मः,,,क्रिया,,,,,,यम,,
नियम,पुं।,नियमकर्मः,,,क्रिया,,,,,,नियम,,
क्षौर,नपुं।,मुण्डनम्,,,क्रिया,,,,,,"क्षौर,भद्राकरण,मुण्डन,वपन",,
भद्राकरण,नपुं।,मुण्डनम्,,,क्रिया,,,,,,"क्षौर,भद्राकरण,मुण्डन,वपन",,
मुण्डन,नपुं।,मुण्डनम्,,,क्रिया,,,,,,"क्षौर,भद्राकरण,मुण्डन,वपन",,
वपन,वि।,मुण्डनम्,,,क्रिया,,,,,,"क्षौर,भद्राकरण,मुण्डन,वपन",,
उपवीत,नपुं।,यज्ञोपवीतम्,,,द्रव्यम्,पृथ्वी,अचलनिर्जीवः,अचलनिर्जीववस्तु,,,"उपवीत,यज्ञसूत्र",,कण्डलम्बितयज्ञोपवीतम्
यज्ञसूत्र,नपुं।,यज्ञोपवीतम्,,,द्रव्यम्,पृथ्वी,अचलनिर्जीवः,अचलनिर्जीववस्तु,,,"उपवीत,यज्ञसूत्र",,कण्डलम्बितयज्ञोपवीतम्
प्राचीनावीत,नपुं।,विपरीतधृतयज्ञोपवीतम्,,,द्रव्यम्,पृथ्वी,अचलनिर्जीवः,अचलनिर्जीववस्तु,,,प्राचीनावीत,,
निवीत,नपुं।,कण्डलम्बितयज्ञोपवीतम्,,,द्रव्यम्,पृथ्वी,अचलनिर्जीवः,अचलनिर्जीववस्तु,,,निवीत,,
दैव,नपुं।,देवतीर्थम्,,,द्रव्यम्,पृथ्वी,अचलनिर्जीवः,अचलनिर्जीववस्तु,,,दैव,,
काय,नपुं।,कायतीर्थम्,,,द्रव्यम्,पृथ्वी,अचलनिर्जीवः,अचलनिर्जीववस्तु,,,काय,,
पित्र्य,नपुं।,पितृतीर्थम्,,,द्रव्यम्,पृथ्वी,अचलनिर्जीवः,अचलनिर्जीववस्तु,,,पित्र्य,,
ब्राह्म,नपुं।,ब्राह्मतीर्थम्,,,द्रव्यम्,पृथ्वी,अचलनिर्जीवः,अचलनिर्जीववस्तु,,,ब्राह्म,,
ब्रह्मभूय,नपुं।,ब्रह्मभावः,,,सामान्यम्,अवस्था,,,,,"ब्रह्मभूय,ब्रह्मत्व,ब्रह्मसायुज्य",,
ब्रह्मत्व,नपुं।,ब्रह्मभावः,,,सामान्यम्,अवस्था,,,,,"ब्रह्मभूय,ब्रह्मत्व,ब्रह्मसायुज्य",,
ब्रह्मसायुज्य,नपुं।,ब्रह्मभावः,,,सामान्यम्,अवस्था,,,,,"ब्रह्मभूय,ब्रह्मत्व,ब्रह्मसायुज्य",,
देवभूय,नपुं।,देवसायुज्यम्,,,गुणः,अदृष्टम्,,,,,देवभूय,,
कृच्छ्र,नपुं।,प्रायश्चित्तकर्मम्,,,क्रिया,,,,,,कृच्छ्र,,
प्राय,पुं।,प्रायोपवेशः,,,क्रिया,,,,,,प्राय,,
वीरहन्,पुं।,उपासनाग्निनष्टः,,,द्रव्यम्,पृथ्वी,चलसजीवः,मनुष्यः,,,"वीरहन्,नष्टाग्नि",,
नष्टाग्नि,पुं।,उपासनाग्निनष्टः,,,द्रव्यम्,पृथ्वी,चलसजीवः,मनुष्यः,,,"वीरहन्,नष्टाग्नि",,
कुहना,स्त्री।,दम्भेनकृतमौनादिः,,,क्रिया,,,,,,कुहना,,
व्रात्य,पुं।,संस्कारहीनः,,,द्रव्यम्,पृथ्वी,चलसजीवः,मनुष्यः,,,"व्रात्य,संस्कारहीन",,
संस्कारहीन,पुं।,संस्कारहीनः,,,द्रव्यम्,पृथ्वी,चलसजीवः,मनुष्यः,,,"व्रात्य,संस्कारहीन",,
अस्वाध्याय,पुं।,वेदाध्ययनरहितः,,,द्रव्यम्,पृथ्वी,चलसजीवः,मनुष्यः,,,"अस्वाध्याय,निराकृति",,
निराकृति,पुं।,वेदाध्ययनरहितः,,,द्रव्यम्,पृथ्वी,चलसजीवः,मनुष्यः,,,"अस्वाध्याय,निराकृति",,
धर्मध्वजिन्,पुं।,कपटजटाधारिः,,,द्रव्यम्,पृथ्वी,चलसजीवः,मनुष्यः,,,"धर्मध्वजिन्,लिङ्गवृत्ति",,
लिङ्गवृत्ति,पुं।,कपटजटाधारिः,,,द्रव्यम्,पृथ्वी,चलसजीवः,मनुष्यः,,,"धर्मध्वजिन्,लिङ्गवृत्ति",,
अवकीर्णिन्,पुं।,खण्डितब्रह्मचर्यः,,,द्रव्यम्,पृथ्वी,चलसजीवः,मनुष्यः,,,"अवकीर्णिन्,क्षतव्रत",,
क्षतव्रत,पुं।,खण्डितब्रह्मचर्यः,,,द्रव्यम्,पृथ्वी,चलसजीवः,मनुष्यः,,,"अवकीर्णिन्,क्षतव्रत",,
अभिनिर्मुक्त,पुं।,सूर्यास्तेसुप्तः,,,द्रव्यम्,पृथ्वी,चलसजीवः,मनुष्यः,,,अभिनिर्मुक्त,,
अभ्युदित,पुं।,सूर्योदयेसुप्तः,,,द्रव्यम्,पृथ्वी,चलसजीवः,मनुष्यः,,,अभ्युदित,,
परिवेतृ,पुं।,ज्येष्ठेऽनूढे_कृतदारपरिग्रहः,,,द्रव्यम्,पृथ्वी,चलसजीवः,मनुष्यः,,,परिवेतृ,,
परिवित्ति,पुं।,परिवेत्तुर्ज्येष्ठभ्राता,,,द्रव्यम्,पृथ्वी,चलसजीवः,मनुष्यः,,,परिवित्ति,,
विवाह,पुं।,विवाहः,,,क्रिया,,,,,,"विवाह,उपयम,परिणय,उद्वाह,उपयाम,पाणिपीडन",,
उपयम,पुं।,विवाहः,,,क्रिया,,,,,,"विवाह,उपयम,परिणय,उद्वाह,उपयाम,पाणिपीडन",,
परिणय,पुं।,विवाहः,,,क्रिया,,,,,,"विवाह,उपयम,परिणय,उद्वाह,उपयाम,पाणिपीडन",,
उद्वाह,पुं।,विवाहः,,,क्रिया,,,,,,"विवाह,उपयम,परिणय,उद्वाह,उपयाम,पाणिपीडन",,
उपयाम,पुं।,विवाहः,,,क्रिया,,,,,,"विवाह,उपयम,परिणय,उद्वाह,उपयाम,पाणिपीडन",,
पाणिपीडन,नपुं।,विवाहः,,,क्रिया,,,,,,"विवाह,उपयम,परिणय,उद्वाह,उपयाम,पाणिपीडन",,
व्यवाय,पुं।,मैथुनम्,,,क्रिया,,,,,,"व्यवाय,ग्राम्यधर्म,मैथुन,निधुवन,रत",,
ग्राम्यधर्म,पुं।,मैथुनम्,,,क्रिया,,,,,,"व्यवाय,ग्राम्यधर्म,मैथुन,निधुवन,रत",,
मैथुन,नपुं।,मैथुनम्,,,क्रिया,,,,,,"व्यवाय,ग्राम्यधर्म,मैथुन,निधुवन,रत",,
निधुवन,नपुं।,मैथुनम्,,,क्रिया,,,,,,"व्यवाय,ग्राम्यधर्म,मैथुन,निधुवन,रत",,
रत,नपुं।,मैथुनम्,,,क्रिया,,,,,,"व्यवाय,ग्राम्यधर्म,मैथुन,निधुवन,रत",,
त्रिवर्ग,पुं।,धर्मकामार्थत्रिवर्गः,,,शेषः,,,,,,त्रिवर्ग,,
चतुर्वर्ग,पुं।,धर्मार्थकाममोक्षचतुर्वर्गः,,,शेषः,,,,,,चतुर्वर्ग,"धर्मः,मोक्षः",
चतुर्भद्र,नपुं।,सबलचतुर्वर्गः,,,शेषः,,,,,,चतुर्भद्र,,
जन्य,पुं।,वरपक्षीयः,,,द्रव्यम्,पृथ्वी,चलसजीवः,मनुष्यः,,,जन्य,,
