दिश्,स्त्री।,दिक्,,,द्रव्यम्,दिक्,,,,,"दिश्,ककुभ्,काष्ठा,आशा,हरित्,गो","दिग्भवम्,पूर्वदिक्,पश्चिमदिक्,दिग्भवम्,दिग्भवम्","पूर्वदिक्,दक्षिणदिक्,पश्चिमदिक्,दिङ्नाम,उत्तरदिक्,अग्न्यादिकोणस्य_नाम,मध्यमात्रदिशः_नाम,चक्राकारदिशः_नाम,अग्रे"
ककुभ्,स्त्री।,दिक्,,,द्रव्यम्,दिक्,,,,,"दिश्,ककुभ्,काष्ठा,आशा,हरित्,गो","दिग्भवम्,पूर्वदिक्,पश्चिमदिक्,दिग्भवम्,दिग्भवम्","पूर्वदिक्,दक्षिणदिक्,पश्चिमदिक्,दिङ्नाम,उत्तरदिक्,अग्न्यादिकोणस्य_नाम,मध्यमात्रदिशः_नाम,चक्राकारदिशः_नाम,अग्रे"
काष्ठा,स्त्री।,दिक्,,,द्रव्यम्,दिक्,,,,,"दिश्,ककुभ्,काष्ठा,आशा,हरित्,गो","दिग्भवम्,पूर्वदिक्,पश्चिमदिक्,दिग्भवम्,दिग्भवम्","पूर्वदिक्,दक्षिणदिक्,पश्चिमदिक्,दिङ्नाम,उत्तरदिक्,अग्न्यादिकोणस्य_नाम,मध्यमात्रदिशः_नाम,चक्राकारदिशः_नाम,अग्रे"
आशा,स्त्री।,दिक्,,,द्रव्यम्,दिक्,,,,,"दिश्,ककुभ्,काष्ठा,आशा,हरित्,गो","दिग्भवम्,पूर्वदिक्,पश्चिमदिक्,दिग्भवम्,दिग्भवम्","पूर्वदिक्,दक्षिणदिक्,पश्चिमदिक्,दिङ्नाम,उत्तरदिक्,अग्न्यादिकोणस्य_नाम,मध्यमात्रदिशः_नाम,चक्राकारदिशः_नाम,अग्रे"
हरित्,स्त्री।,दिक्,,,द्रव्यम्,दिक्,,,,,"दिश्,ककुभ्,काष्ठा,आशा,हरित्,गो","दिग्भवम्,पूर्वदिक्,पश्चिमदिक्,दिग्भवम्,दिग्भवम्","पूर्वदिक्,दक्षिणदिक्,पश्चिमदिक्,दिङ्नाम,उत्तरदिक्,अग्न्यादिकोणस्य_नाम,मध्यमात्रदिशः_नाम,चक्राकारदिशः_नाम,अग्रे"
प्राची,स्त्री।,पूर्वदिक्,,,द्रव्यम्,दिक्,,,,,"प्राची,प्राक्,पूर्व,अनुत्तर,पुरस्तात्","पूर्वदिशि_भवम्,पूर्वदिशायाः_ग्रहः,पूर्वदिग्गजः,पूर्वदिशायाः_स्वामी,पूर्वदिशि_भवम्,पूर्वदिशायाः_स्वामी,पूर्वदिशायाः_ग्रहः,पूर्वदिग्गजः,पूर्वदिशि_भवम्",
अवाची,स्त्री।,दक्षिणदिक्,,,द्रव्यम्,दिक्,,,,,"अवाची,अवाच्","दक्षिणदिशि_भवम्,दक्षिणदिशायाः_ग्रहः,दक्षिणदिग्गजः,दक्षिणदिशायाः_स्वामी,दक्षिणदिशि_भवम्,दक्षिणदिशायाः_स्वामी,दक्षिणदिशायाः_ग्रहः,दक्षिणदिग्गजः,दक्षिणदिशि_भवम्",
प्रतीची,स्त्री।,पश्चिमदिक्,,,द्रव्यम्,दिक्,,,,,"प्रतीची,प्रत्यग्,पश्चात्","पश्चिमदिशि_भवम्,पश्चिमदिशायाः_ग्रहः,पश्चिमदिग्गजः,पश्चिमदिशायाः_स्वामी,पश्चिमदिशि_भवम्,पश्चिमदिशायाः_स्वामी,पश्चिमदिशायाः_ग्रहः,पश्चिमदिग्गजः,पश्चिमदिशि_भवम्",
पूर्व,पुं।,दिङ्नाम,,,द्रव्यम्,दिक्,,,,,"पूर्व,दक्षिण,पश्चिम,उत्तरा",,
दक्षिण,स्त्री।,दिङ्नाम,,,द्रव्यम्,दिक्,,,,,"पूर्व,दक्षिण,पश्चिम,उत्तरा",,
पश्चिम,स्त्री।,दिङ्नाम,,,द्रव्यम्,दिक्,,,,,"पूर्व,दक्षिण,पश्चिम,उत्तरा",,
उत्तरा,स्त्री।,दिङ्नाम,,,द्रव्यम्,दिक्,,,,,"पूर्व,दक्षिण,पश्चिम,उत्तरा",,
उदीची,स्त्री।,उत्तरदिक्,,,द्रव्यम्,दिक्,,,,,"उदीची,उदक्,उत्तर","उत्तरदिशि_भवम्,उत्तरदिशायाः_ग्रहः,उत्तरदिग्गजः,उत्तरदिशायाः_स्वामी,उत्तरदिशि_भवम्,उत्तरदिशायाः_स्वामी,उत्तरदिशायाः_ग्रहः,उत्तरदिग्गजः,उत्तरदिशि_भवम्",
दिश्य,वि।,दिग्भवम्,,,द्रव्यम्,,,,,,दिश्य,"दिक्,दिक्",
अवाच्,वि।,दक्षिणदिक्,,,द्रव्यम्,दिक्,,,,,"अवाची,अवाच्","दक्षिणदिशि_भवम्,दक्षिणदिशायाः_ग्रहः,दक्षिणदिग्गजः,दक्षिणदिशायाः_स्वामी,दक्षिणदिशि_भवम्,दक्षिणदिशायाः_स्वामी,दक्षिणदिशायाः_ग्रहः,दक्षिणदिग्गजः,दक्षिणदिशि_भवम्",
अवाचीन,वि।,दक्षिणदिशि_भवम्,,,द्रव्यम्,,,,,,अवाचीन,"दक्षिणदिक्,दक्षिणदिक्",
उदीचीन,वि।,उत्तरदिशि_भवम्,,,द्रव्यम्,,,,,,उदीचीन,"उत्तरदिक्,उत्तरदिक्",
उदक्,अव्य।,उत्तरदिक्,,,द्रव्यम्,दिक्,,,,,"उदीची,उदक्,उत्तर","उत्तरदिशि_भवम्,उत्तरदिशायाः_ग्रहः,उत्तरदिग्गजः,उत्तरदिशायाः_स्वामी,उत्तरदिशि_भवम्,उत्तरदिशायाः_स्वामी,उत्तरदिशायाः_ग्रहः,उत्तरदिग्गजः,उत्तरदिशि_भवम्",
प्रत्यग्,अव्य।,पश्चिमदिक्,,,द्रव्यम्,दिक्,,,,,"प्रतीची,प्रत्यग्,पश्चात्","पश्चिमदिशि_भवम्,पश्चिमदिशायाः_ग्रहः,पश्चिमदिग्गजः,पश्चिमदिशायाः_स्वामी,पश्चिमदिशि_भवम्,पश्चिमदिशायाः_स्वामी,पश्चिमदिशायाः_ग्रहः,पश्चिमदिग्गजः,पश्चिमदिशि_भवम्",
प्रतीचीन,वि।,पश्चिमदिशि_भवम्,,,द्रव्यम्,,,,,,प्रतीचीन,"पश्चिमदिक्,पश्चिमदिक्",
प्राचीन,नपुं।,पूर्वदिशि_भवम्,,,द्रव्यम्,,,,,,प्राचीन,"पूर्वदिक्,पूर्वदिक्",
प्राक्,अव्य।,पूर्वदिक्,,,द्रव्यम्,दिक्,,,,,"प्राची,प्राक्,पूर्व,अनुत्तर,पुरस्तात्","पूर्वदिशि_भवम्,पूर्वदिशायाः_ग्रहः,पूर्वदिग्गजः,पूर्वदिशायाः_स्वामी,पूर्वदिशि_भवम्,पूर्वदिशायाः_स्वामी,पूर्वदिशायाः_ग्रहः,पूर्वदिग्गजः,पूर्वदिशि_भवम्",
इन्द्र,पुं।,पूर्वदिशायाः_स्वामी,,,द्रव्यम्,आत्मा,देवता,,,,इन्द्र,"पूर्वदिक्,पूर्वदिक्,पूर्वदिशायाः_ग्रहः,पूर्वदिग्गजः",
वह्नि,पुं।,आग्नेयदिशायाः_स्वामी,,,द्रव्यम्,आत्मा,देवता,,,,वह्नि,"आग्नेयदिशायाः_ग्रहः,आग्नेयदिग्गजः",
पितृपति,पुं।,दक्षिणदिशायाः_स्वामी,,,द्रव्यम्,आत्मा,देवता,,,,पितृपति,"दक्षिणदिक्,दक्षिणदिक्,दक्षिणदिशायाः_ग्रहः,दक्षिणदिग्गजः",
नैरृत,पुं।,नैरृत्यदिशायाः_स्वामी,,,द्रव्यम्,आत्मा,देवता,,,,नैरृत,"नैऋतदिशायाः_ग्रहः,नैरृतदिग्गजः",
वरुण,पुं।,पश्चिमदिशायाः_स्वामी,,,द्रव्यम्,आत्मा,देवता,,,,वरुण,"पश्चिमदिक्,पश्चिमदिक्,पश्चिमदिशायाः_ग्रहः,पश्चिमदिग्गजः",
मरुत्,पुं।,वायव्यदिशायाः_स्वामी,,,द्रव्यम्,आत्मा,देवता,,,,मरुत्,"वायव्यदिशायाः_ग्रहः,वायव्यदिग्गजः",
कुबेर,पुं।,उत्तरदिशायाः_स्वामी,,,द्रव्यम्,आत्मा,देवता,,,,कुबेर,"उत्तरदिक्,उत्तरदिक्,उत्तरदिशायाः_ग्रहः,उत्तरदिग्गजः",
ईश,पुं।,ईशानदिशायाः_स्वामी,,,द्रव्यम्,आत्मा,देवता,,,,ईश,"ईशानदिशायाः_ग्रहः,ईशानदिग्गजः",
पूर्व,पुं।,पूर्वदिक्,,,द्रव्यम्,दिक्,,,,,"प्राची,प्राक्,पूर्व,अनुत्तर,पुरस्तात्","पूर्वदिशि_भवम्,पूर्वदिशायाः_ग्रहः,पूर्वदिग्गजः,पूर्वदिशायाः_स्वामी,पूर्वदिशि_भवम्,पूर्वदिशायाः_स्वामी,पूर्वदिशायाः_ग्रहः,पूर्वदिग्गजः,पूर्वदिशि_भवम्",
रवि,पुं।,पूर्वदिशायाः_ग्रहः,,,द्रव्यम्,तेजः,ग्रहः,,,,रवि,"पूर्वदिशायाः_स्वामी,पूर्वदिक्",
शुक्र,पुं।,आग्नेयदिशायाः_ग्रहः,,,द्रव्यम्,तेजः,ग्रहः,,,,शुक्र,आग्नेयदिशायाः_स्वामी,
महीसूनु,पुं।,दक्षिणदिशायाः_ग्रहः,,,द्रव्यम्,तेजः,ग्रहः,,,,महीसूनु,"दक्षिणदिशायाः_स्वामी,दक्षिणदिक्",
स्वर्भानु,पुं।,नैऋतदिशायाः_ग्रहः,,,द्रव्यम्,तेजः,ग्रहः,,,,स्वर्भानु,नैरृत्यदिशायाः_स्वामी,
भानुज,पुं।,पश्चिमदिशायाः_ग्रहः,,,द्रव्यम्,तेजः,ग्रहः,,,,भानुज,"पश्चिमदिशायाः_स्वामी,पश्चिमदिक्",
विधु,पुं।,वायव्यदिशायाः_ग्रहः,,,द्रव्यम्,तेजः,ग्रहः,,,,विधु,वायव्यदिशायाः_स्वामी,
बुध,पुं।,उत्तरदिशायाः_ग्रहः,,,द्रव्यम्,तेजः,ग्रहः,,,,बुध,"उत्तरदिशायाः_स्वामी,उत्तरदिक्",
बृहस्पति,पुं।,ईशानदिशायाः_ग्रहः,,,द्रव्यम्,तेजः,ग्रहः,,,,बृहस्पति,ईशानदिशायाः_स्वामी,
ऐरावत,पुं।,पूर्वदिग्गजः,,,द्रव्यम्,पृथ्वी,चलसजीवः,मनुष्येतरः,अलौकिकप्राणी,,ऐरावत,"ऐरावतस्य_हस्तिनी,पूर्वदिशायाः_स्वामी,पूर्वदिक्",
पुण्डरीक,पुं।,आग्नेयदिग्गजः,,,द्रव्यम्,पृथ्वी,चलसजीवः,मनुष्येतरः,अलौकिकप्राणी,,पुण्डरीक,"पुण्डरीकस्य_हस्तिनी,आग्नेयदिशायाः_स्वामी",
वामन,पुं।,दक्षिणदिग्गजः,,,द्रव्यम्,पृथ्वी,चलसजीवः,मनुष्येतरः,अलौकिकप्राणी,,वामन,"वामनस्य_हस्तिनी,दक्षिणदिशायाः_स्वामी,दक्षिणदिक्",
कुमुद,पुं।,नैरृतदिग्गजः,,,द्रव्यम्,पृथ्वी,चलसजीवः,मनुष्येतरः,अलौकिकप्राणी,,कुमुद,"कुमुदस्य_हस्तिनी,नैरृत्यदिशायाः_स्वामी",
अञ्जन,पुं।,पश्चिमदिग्गजः,,,द्रव्यम्,पृथ्वी,चलसजीवः,मनुष्येतरः,अलौकिकप्राणी,,अञ्जन,"अञ्जनस्य_हस्तिनी,पश्चिमदिशायाः_स्वामी,पश्चिमदिक्",
पुष्पदन्त,पुं।,वायव्यदिग्गजः,,,द्रव्यम्,पृथ्वी,चलसजीवः,मनुष्येतरः,अलौकिकप्राणी,,पुष्पदन्त,"पुष्पदन्तस्य_हस्तिनी,वायव्यदिशायाः_स्वामी",
सार्वभौम,पुं।,उत्तरदिग्गजः,,,द्रव्यम्,पृथ्वी,चलसजीवः,मनुष्येतरः,अलौकिकप्राणी,,सार्वभौम,"सार्वभौमस्य_हस्तिनी,उत्तरदिशायाः_स्वामी,उत्तरदिक्",
सुप्रतीक,पुं।,ईशानदिग्गजः,,,द्रव्यम्,पृथ्वी,चलसजीवः,मनुष्येतरः,अलौकिकप्राणी,,सुप्रतीक,"सुप्रतीकस्य_हस्तिनी,ईशानदिशायाः_स्वामी",
अभ्रमु,स्त्री।,ऐरावतस्य_हस्तिनी,,,द्रव्यम्,पृथ्वी,चलसजीवः,मनुष्येतरः,अलौकिकप्राणी,,अभ्रमु,पूर्वदिग्गजः,
कपिला,स्त्री।,पुण्डरीकस्य_हस्तिनी,,,द्रव्यम्,पृथ्वी,चलसजीवः,मनुष्येतरः,अलौकिकप्राणी,,कपिला,आग्नेयदिग्गजः,
पिङ्गला,स्त्री।,वामनस्य_हस्तिनी,,,द्रव्यम्,पृथ्वी,चलसजीवः,मनुष्येतरः,अलौकिकप्राणी,,पिङ्गला,दक्षिणदिग्गजः,
अनुपमा,स्त्री।,कुमुदस्य_हस्तिनी,,,द्रव्यम्,पृथ्वी,चलसजीवः,मनुष्येतरः,अलौकिकप्राणी,,अनुपमा,नैरृतदिग्गजः,
ताम्रकर्णी,स्त्री।,अञ्जनस्य_हस्तिनी,,,द्रव्यम्,पृथ्वी,चलसजीवः,मनुष्येतरः,अलौकिकप्राणी,,ताम्रकर्णी,पश्चिमदिग्गजः,
शुभ्रदन्ती,स्त्री।,पुष्पदन्तस्य_हस्तिनी,,,द्रव्यम्,पृथ्वी,चलसजीवः,मनुष्येतरः,अलौकिकप्राणी,,शुभ्रदन्ती,वायव्यदिग्गजः,
अङ्गना,स्त्री।,सार्वभौमस्य_हस्तिनी,,,द्रव्यम्,पृथ्वी,चलसजीवः,मनुष्येतरः,अलौकिकप्राणी,,अङ्गना,उत्तरदिग्गजः,
अञ्जनावती,स्त्री।,सुप्रतीकस्य_हस्तिनी,,,द्रव्यम्,पृथ्वी,चलसजीवः,मनुष्येतरः,अलौकिकप्राणी,,अञ्जनावती,ईशानदिग्गजः,
अपदिशम्,नपुं-अव्य।,अग्न्यादिकोणस्य_नाम,,,द्रव्यम्,दिक्,,,,,"अपदिशम्,विदिश्",,
विदिश्,स्त्री।,अग्न्यादिकोणस्य_नाम,,,द्रव्यम्,दिक्,,,,,"अपदिशम्,विदिश्",,
अभ्यन्तर,नपुं।,मध्यमात्रदिशः_नाम,,,द्रव्यम्,दिक्,,,,,"अभ्यन्तर,अन्तराल",,
अन्तराल,नपुं।,मध्यमात्रदिशः_नाम,,,द्रव्यम्,दिक्,,,,,"अभ्यन्तर,अन्तराल",,
चक्रवाल,पुं।,चक्राकारदिशः_नाम,,,द्रव्यम्,दिक्,,,,,"चक्रवाल,मण्डल",,
मण्डल,नपुं।,चक्राकारदिशः_नाम,,,द्रव्यम्,दिक्,,,,,"चक्रवाल,मण्डल",,
अभ्र,नपुं।,मेघः,,,द्रव्यम्,जलम्,,,,,"अभ्र,मेघ,वारिवाह,स्तनयित्नु,बलाहक,धाराधर,जलधर,तडित्वत्,वारिद,अम्बुभृत्,घन,जीमूत,मुदिर,जलमुच्,धूमयोनि,अब्द,पयोधर","मेघभवम्,मेघध्वनिः,तडित्,इन्द्रधनुस्,ऋजु_इन्द्रधनुस्,मेघान्धकारितः,मेघाच्छन्नदिनम्,मेघभवम्,मेघध्वनिः","मेघपङ्क्तिः,रसदब्दः"
मेघ,पुं।,मेघः,,,द्रव्यम्,जलम्,,,,,"अभ्र,मेघ,वारिवाह,स्तनयित्नु,बलाहक,धाराधर,जलधर,तडित्वत्,वारिद,अम्बुभृत्,घन,जीमूत,मुदिर,जलमुच्,धूमयोनि,अब्द,पयोधर","मेघभवम्,मेघध्वनिः,तडित्,इन्द्रधनुस्,ऋजु_इन्द्रधनुस्,मेघान्धकारितः,मेघाच्छन्नदिनम्,मेघभवम्,मेघध्वनिः","मेघपङ्क्तिः,रसदब्दः"
वारिवाह,पुं।,मेघः,,,द्रव्यम्,जलम्,,,,,"अभ्र,मेघ,वारिवाह,स्तनयित्नु,बलाहक,धाराधर,जलधर,तडित्वत्,वारिद,अम्बुभृत्,घन,जीमूत,मुदिर,जलमुच्,धूमयोनि,अब्द,पयोधर","मेघभवम्,मेघध्वनिः,तडित्,इन्द्रधनुस्,ऋजु_इन्द्रधनुस्,मेघान्धकारितः,मेघाच्छन्नदिनम्,मेघभवम्,मेघध्वनिः","मेघपङ्क्तिः,रसदब्दः"
स्तनयित्नु,पुं।,मेघः,,,द्रव्यम्,जलम्,,,,,"अभ्र,मेघ,वारिवाह,स्तनयित्नु,बलाहक,धाराधर,जलधर,तडित्वत्,वारिद,अम्बुभृत्,घन,जीमूत,मुदिर,जलमुच्,धूमयोनि,अब्द,पयोधर","मेघभवम्,मेघध्वनिः,तडित्,इन्द्रधनुस्,ऋजु_इन्द्रधनुस्,मेघान्धकारितः,मेघाच्छन्नदिनम्,मेघभवम्,मेघध्वनिः","मेघपङ्क्तिः,रसदब्दः"
बलाहक,पुं।,मेघः,,,द्रव्यम्,जलम्,,,,,"अभ्र,मेघ,वारिवाह,स्तनयित्नु,बलाहक,धाराधर,जलधर,तडित्वत्,वारिद,अम्बुभृत्,घन,जीमूत,मुदिर,जलमुच्,धूमयोनि,अब्द,पयोधर","मेघभवम्,मेघध्वनिः,तडित्,इन्द्रधनुस्,ऋजु_इन्द्रधनुस्,मेघान्धकारितः,मेघाच्छन्नदिनम्,मेघभवम्,मेघध्वनिः","मेघपङ्क्तिः,रसदब्दः"
धाराधर,पुं।,मेघः,,,द्रव्यम्,जलम्,,,,,"अभ्र,मेघ,वारिवाह,स्तनयित्नु,बलाहक,धाराधर,जलधर,तडित्वत्,वारिद,अम्बुभृत्,घन,जीमूत,मुदिर,जलमुच्,धूमयोनि,अब्द,पयोधर","मेघभवम्,मेघध्वनिः,तडित्,इन्द्रधनुस्,ऋजु_इन्द्रधनुस्,मेघान्धकारितः,मेघाच्छन्नदिनम्,मेघभवम्,मेघध्वनिः","मेघपङ्क्तिः,रसदब्दः"
जलधर,पुं।,मेघः,,,द्रव्यम्,जलम्,,,,,"अभ्र,मेघ,वारिवाह,स्तनयित्नु,बलाहक,धाराधर,जलधर,तडित्वत्,वारिद,अम्बुभृत्,घन,जीमूत,मुदिर,जलमुच्,धूमयोनि,अब्द,पयोधर","मेघभवम्,मेघध्वनिः,तडित्,इन्द्रधनुस्,ऋजु_इन्द्रधनुस्,मेघान्धकारितः,मेघाच्छन्नदिनम्,मेघभवम्,मेघध्वनिः","मेघपङ्क्तिः,रसदब्दः"
तडित्वत्,पुं।,मेघः,,,द्रव्यम्,जलम्,,,,,"अभ्र,मेघ,वारिवाह,स्तनयित्नु,बलाहक,धाराधर,जलधर,तडित्वत्,वारिद,अम्बुभृत्,घन,जीमूत,मुदिर,जलमुच्,धूमयोनि,अब्द,पयोधर","मेघभवम्,मेघध्वनिः,तडित्,इन्द्रधनुस्,ऋजु_इन्द्रधनुस्,मेघान्धकारितः,मेघाच्छन्नदिनम्,मेघभवम्,मेघध्वनिः","मेघपङ्क्तिः,रसदब्दः"
वारिद,पुं।,मेघः,,,द्रव्यम्,जलम्,,,,,"अभ्र,मेघ,वारिवाह,स्तनयित्नु,बलाहक,धाराधर,जलधर,तडित्वत्,वारिद,अम्बुभृत्,घन,जीमूत,मुदिर,जलमुच्,धूमयोनि,अब्द,पयोधर","मेघभवम्,मेघध्वनिः,तडित्,इन्द्रधनुस्,ऋजु_इन्द्रधनुस्,मेघान्धकारितः,मेघाच्छन्नदिनम्,मेघभवम्,मेघध्वनिः","मेघपङ्क्तिः,रसदब्दः"
अम्बुभृत्,पुं।,मेघः,,,द्रव्यम्,जलम्,,,,,"अभ्र,मेघ,वारिवाह,स्तनयित्नु,बलाहक,धाराधर,जलधर,तडित्वत्,वारिद,अम्बुभृत्,घन,जीमूत,मुदिर,जलमुच्,धूमयोनि,अब्द,पयोधर","मेघभवम्,मेघध्वनिः,तडित्,इन्द्रधनुस्,ऋजु_इन्द्रधनुस्,मेघान्धकारितः,मेघाच्छन्नदिनम्,मेघभवम्,मेघध्वनिः","मेघपङ्क्तिः,रसदब्दः"
घन,पुं।,मेघः,,,द्रव्यम्,जलम्,,,,,"अभ्र,मेघ,वारिवाह,स्तनयित्नु,बलाहक,धाराधर,जलधर,तडित्वत्,वारिद,अम्बुभृत्,घन,जीमूत,मुदिर,जलमुच्,धूमयोनि,अब्द,पयोधर","मेघभवम्,मेघध्वनिः,तडित्,इन्द्रधनुस्,ऋजु_इन्द्रधनुस्,मेघान्धकारितः,मेघाच्छन्नदिनम्,मेघभवम्,मेघध्वनिः","मेघपङ्क्तिः,रसदब्दः"
जीमूत,पुं।,मेघः,,,द्रव्यम्,जलम्,,,,,"अभ्र,मेघ,वारिवाह,स्तनयित्नु,बलाहक,धाराधर,जलधर,तडित्वत्,वारिद,अम्बुभृत्,घन,जीमूत,मुदिर,जलमुच्,धूमयोनि,अब्द,पयोधर","मेघभवम्,मेघध्वनिः,तडित्,इन्द्रधनुस्,ऋजु_इन्द्रधनुस्,मेघान्धकारितः,मेघाच्छन्नदिनम्,मेघभवम्,मेघध्वनिः","मेघपङ्क्तिः,रसदब्दः"
मुदिर,पुं।,मेघः,,,द्रव्यम्,जलम्,,,,,"अभ्र,मेघ,वारिवाह,स्तनयित्नु,बलाहक,धाराधर,जलधर,तडित्वत्,वारिद,अम्बुभृत्,घन,जीमूत,मुदिर,जलमुच्,धूमयोनि,अब्द,पयोधर","मेघभवम्,मेघध्वनिः,तडित्,इन्द्रधनुस्,ऋजु_इन्द्रधनुस्,मेघान्धकारितः,मेघाच्छन्नदिनम्,मेघभवम्,मेघध्वनिः","मेघपङ्क्तिः,रसदब्दः"
जलमुच्,पुं।,मेघः,,,द्रव्यम्,जलम्,,,,,"अभ्र,मेघ,वारिवाह,स्तनयित्नु,बलाहक,धाराधर,जलधर,तडित्वत्,वारिद,अम्बुभृत्,घन,जीमूत,मुदिर,जलमुच्,धूमयोनि,अब्द,पयोधर","मेघभवम्,मेघध्वनिः,तडित्,इन्द्रधनुस्,ऋजु_इन्द्रधनुस्,मेघान्धकारितः,मेघाच्छन्नदिनम्,मेघभवम्,मेघध्वनिः","मेघपङ्क्तिः,रसदब्दः"
धूमयोनि,पुं।,मेघः,,,द्रव्यम्,जलम्,,,,,"अभ्र,मेघ,वारिवाह,स्तनयित्नु,बलाहक,धाराधर,जलधर,तडित्वत्,वारिद,अम्बुभृत्,घन,जीमूत,मुदिर,जलमुच्,धूमयोनि,अब्द,पयोधर","मेघभवम्,मेघध्वनिः,तडित्,इन्द्रधनुस्,ऋजु_इन्द्रधनुस्,मेघान्धकारितः,मेघाच्छन्नदिनम्,मेघभवम्,मेघध्वनिः","मेघपङ्क्तिः,रसदब्दः"
कादम्बिनी,स्त्री।,मेघपङ्क्तिः,,समूहः,द्रव्यम्,जलम्,,,,,"कादम्बिनी,मेघमाला,कालिका",मेघः,
मेघमाला,स्त्री।,मेघपङ्क्तिः,,समूहः,द्रव्यम्,जलम्,,,,,"कादम्बिनी,मेघमाला,कालिका",मेघः,
अभ्रिय,वि।,मेघभवम्,,,द्रव्यम्,जलम्,,,,,अभ्रिय,मेघः,
स्तनित,नपुं।,मेघध्वनिः,,,गुणः,शब्दः,,,,,"स्तनित,गर्जित,मेघनिर्घोष,रसित","मेघः,मेघः",
गर्जित,नपुं।,मेघध्वनिः,,,गुणः,शब्दः,,,,,"स्तनित,गर्जित,मेघनिर्घोष,रसित","मेघः,मेघः",
मेघनिर्घोष,पुं।,मेघध्वनिः,,,गुणः,शब्दः,,,,,"स्तनित,गर्जित,मेघनिर्घोष,रसित","मेघः,मेघः",
रसित,नपुं।,मेघध्वनिः,,,गुणः,शब्दः,,,,,"स्तनित,गर्जित,मेघनिर्घोष,रसित","मेघः,मेघः",
शम्पा,स्त्री।,तडित्,,,विद्युत्,,,,,,"शम्पा,शतह्रदा,ह्रादिनी,ऐरावती,क्षणप्रभा,तडित्,सौदामिनी,विद्युत्,चञ्चला,चपला,ह्लादिनी","मेघः,वज्रध्वनिः,वज्राग्निः",
शतह्रदा,स्त्री।,तडित्,,,विद्युत्,,,,,,"शम्पा,शतह्रदा,ह्रादिनी,ऐरावती,क्षणप्रभा,तडित्,सौदामिनी,विद्युत्,चञ्चला,चपला,ह्लादिनी","मेघः,वज्रध्वनिः,वज्राग्निः",
ह्रादिनी,स्त्री।,तडित्,,,विद्युत्,,,,,,"शम्पा,शतह्रदा,ह्रादिनी,ऐरावती,क्षणप्रभा,तडित्,सौदामिनी,विद्युत्,चञ्चला,चपला,ह्लादिनी","मेघः,वज्रध्वनिः,वज्राग्निः",
ऐरावती,स्त्री।,तडित्,,,विद्युत्,,,,,,"शम्पा,शतह्रदा,ह्रादिनी,ऐरावती,क्षणप्रभा,तडित्,सौदामिनी,विद्युत्,चञ्चला,चपला,ह्लादिनी","मेघः,वज्रध्वनिः,वज्राग्निः",
क्षणप्रभा,स्त्री।,तडित्,,,विद्युत्,,,,,,"शम्पा,शतह्रदा,ह्रादिनी,ऐरावती,क्षणप्रभा,तडित्,सौदामिनी,विद्युत्,चञ्चला,चपला,ह्लादिनी","मेघः,वज्रध्वनिः,वज्राग्निः",
तडित्,स्त्री।,तडित्,,,विद्युत्,,,,,,"शम्पा,शतह्रदा,ह्रादिनी,ऐरावती,क्षणप्रभा,तडित्,सौदामिनी,विद्युत्,चञ्चला,चपला,ह्लादिनी","मेघः,वज्रध्वनिः,वज्राग्निः",
सौदामिनी,स्त्री।,तडित्,,,विद्युत्,,,,,,"शम्पा,शतह्रदा,ह्रादिनी,ऐरावती,क्षणप्रभा,तडित्,सौदामिनी,विद्युत्,चञ्चला,चपला,ह्लादिनी","मेघः,वज्रध्वनिः,वज्राग्निः",
विद्युत्,स्त्री।,तडित्,,,विद्युत्,,,,,,"शम्पा,शतह्रदा,ह्रादिनी,ऐरावती,क्षणप्रभा,तडित्,सौदामिनी,विद्युत्,चञ्चला,चपला,ह्लादिनी","मेघः,वज्रध्वनिः,वज्राग्निः",
चञ्चला,स्त्री।,तडित्,,,विद्युत्,,,,,,"शम्पा,शतह्रदा,ह्रादिनी,ऐरावती,क्षणप्रभा,तडित्,सौदामिनी,विद्युत्,चञ्चला,चपला,ह्लादिनी","मेघः,वज्रध्वनिः,वज्राग्निः",
चपला,स्त्री।,तडित्,,,विद्युत्,,,,,,"शम्पा,शतह्रदा,ह्रादिनी,ऐरावती,क्षणप्रभा,तडित्,सौदामिनी,विद्युत्,चञ्चला,चपला,ह्लादिनी","मेघः,वज्रध्वनिः,वज्राग्निः",
स्फूर्जथु,पुं।,वज्रध्वनिः,,,गुणः,शब्दः,,,,,"स्फूर्जथु,वज्रनिर्घोष","तडित्,इन्द्रस्य_वज्रायुधम्",
वज्रनिर्घोष,पुं।,वज्रध्वनिः,,,गुणः,शब्दः,,,,,"स्फूर्जथु,वज्रनिर्घोष","तडित्,इन्द्रस्य_वज्रायुधम्",
मेघज्योति,पुं।,वज्राग्निः,,,विद्युत्,,,,,,"मेघज्योति,इरम्मद",तडित्,
इरम्मद,पुं।,वज्राग्निः,,,विद्युत्,,,,,,"मेघज्योति,इरम्मद",तडित्,
इन्द्रायुध,नपुं।,इन्द्रधनुस्,,,विद्युत्,,,,,,"इन्द्रायुध,शक्रधनुस्",मेघः,ऋजु_इन्द्रधनुस्
शक्रधनुस्,नपुं।,इन्द्रधनुस्,,,विद्युत्,,,,,,"इन्द्रायुध,शक्रधनुस्",मेघः,ऋजु_इन्द्रधनुस्
रोहित,नपुं।,ऋजु_इन्द्रधनुस्,,,विद्युत्,,,,,,रोहित,मेघः,
वृष्टि,स्त्री।,वर्षम्,,,द्रव्यम्,जलम्,,,,,"वृष्टि,वर्ष,हायन,वत्स","वातप्रक्षिप्तजलकणः,जलकणः,वृष्टिविघातः,वर्षोपलः,वर्षोपलः",महावृष्टिः
वर्ष,नपुं।,वर्षम्,,,द्रव्यम्,जलम्,,,,,"वृष्टि,वर्ष,हायन,वत्स","वातप्रक्षिप्तजलकणः,जलकणः,वृष्टिविघातः,वर्षोपलः,वर्षोपलः",महावृष्टिः
अवग्राह,पुं।,वृष्टिविघातः,,,अभावः,वृष्ट्यभावः,,,,,"अवग्राह,अवग्रह",वर्षम्,
अवग्रह,पुं।,वृष्टिविघातः,,,अभावः,वृष्ट्यभावः,,,,,"अवग्राह,अवग्रह",वर्षम्,
धारासम्पात,पुं।,महावृष्टिः,,,द्रव्यम्,जलम्,,,,,"धारासम्पात,आसार",,
आसार,पुं।,महावृष्टिः,,,द्रव्यम्,जलम्,,,,,"धारासम्पात,आसार",,
शीकर,पुं।,वातप्रक्षिप्तजलकणः,,,द्रव्यम्,जलम्,,,,,शीकर,,
अम्बुकण,पुं।,जलकणः,,,द्रव्यम्,जलम्,,,,,"अम्बुकण,पृषत्,बिन्दु,पृषत,विप्रुष्",,वातप्रक्षिप्तजलकणः
करका,स्त्री-पुं।,वर्षोपलः,,,द्रव्यम्,जलम्,,,,,करका,"वर्षम्,वर्षम्",
मेघच्छन्न,नपुं।,मेघान्धकारितः,,,द्रव्यम्,कालः,,,,,मेघच्छन्न,मेघः,
अहन्,नपुं।,दिवसः,,,द्रव्यम्,कालः,,,,,"अहन्,घस्र,दिन,अहन्,दिवस,वासर,दिवा","समयः,प्रत्यूषः,दिनान्तः,सन्ध्या,दिवसः_पूर्वो_भागः,दिवसः_अन्त्यो_भागः,दिवसः_मध्यो_भागः,प्राह्णापराह्णमध्याह्नाः,रात्रिः","मेघाच्छन्नदिनम्,समरात्रिन्दिवकालः,अस्मिन्नहनि,पूर्वे_अह्नि,उत्तरे_अह्नि,अपरे_अह्नि,अधरे_अह्नि,अन्यस्मिन्_अह्नि,अन्यतरस्मिन्_अह्नि,इतरस्मिन्_अह्नि,उभयस्मिन्नह्नि,परे_अह्नि,अतीते_अह्नि,अनागते_अह्नि"
दुर्दिन,नपुं।,मेघाच्छन्नदिनम्,,,द्रव्यम्,कालः,,,,,दुर्दिन,मेघः,
अन्तर्धा,स्त्री।,अन्तर्धानम्,,,क्रिया,,,,,,"अन्तर्धा,व्यवधा,अन्तर्धि,अपवारण,अपिधान,तिरोधान,पिधान,आच्छादन,अन्तर,तिरस्",,
व्यवधा,स्त्री।,अन्तर्धानम्,,,क्रिया,,,,,,"अन्तर्धा,व्यवधा,अन्तर्धि,अपवारण,अपिधान,तिरोधान,पिधान,आच्छादन,अन्तर,तिरस्",,
अन्तर्धि,पुं।,अन्तर्धानम्,,,क्रिया,,,,,,"अन्तर्धा,व्यवधा,अन्तर्धि,अपवारण,अपिधान,तिरोधान,पिधान,आच्छादन,अन्तर,तिरस्",,
अपवारण,नपुं।,अन्तर्धानम्,,,क्रिया,,,,,,"अन्तर्धा,व्यवधा,अन्तर्धि,अपवारण,अपिधान,तिरोधान,पिधान,आच्छादन,अन्तर,तिरस्",,
अपिधान,नपुं।,अन्तर्धानम्,,,क्रिया,,,,,,"अन्तर्धा,व्यवधा,अन्तर्धि,अपवारण,अपिधान,तिरोधान,पिधान,आच्छादन,अन्तर,तिरस्",,
तिरोधान,नपुं।,अन्तर्धानम्,,,क्रिया,,,,,,"अन्तर्धा,व्यवधा,अन्तर्धि,अपवारण,अपिधान,तिरोधान,पिधान,आच्छादन,अन्तर,तिरस्",,
पिधान,नपुं।,अन्तर्धानम्,,,क्रिया,,,,,,"अन्तर्धा,व्यवधा,अन्तर्धि,अपवारण,अपिधान,तिरोधान,पिधान,आच्छादन,अन्तर,तिरस्",,
आच्छादन,नपुं।,अन्तर्धानम्,,,क्रिया,,,,,,"अन्तर्धा,व्यवधा,अन्तर्धि,अपवारण,अपिधान,तिरोधान,पिधान,आच्छादन,अन्तर,तिरस्",,
हिमांशु,पुं।,चन्द्रः,,,द्रव्यम्,तेजः,ग्रहः,,,,"हिमांशु,चन्द्रमस्,चन्द्र,इन्दु,कुमुदबान्धव,विधु,सुधांशु,शुभ्रांशु,ओषधीश,निशापति,अब्ज,जैवातृक,सोम,ग्लौ,मृगाङ्क,कलानिधि,द्विजराज,शशधर,नक्षत्रेश,क्षपाकर,तमोनुद्,विरोचन,राजन्,हरि,तमोपह","चन्द्रस्य_षोडशांशः,खण्डमात्रम्,समाम्शः,ज्योत्स्ना,चिह्नम्,ज्योत्स्ना,नैर्मल्यम्",
चन्द्रमस्,पुं।,चन्द्रः,,,द्रव्यम्,तेजः,ग्रहः,,,,"हिमांशु,चन्द्रमस्,चन्द्र,इन्दु,कुमुदबान्धव,विधु,सुधांशु,शुभ्रांशु,ओषधीश,निशापति,अब्ज,जैवातृक,सोम,ग्लौ,मृगाङ्क,कलानिधि,द्विजराज,शशधर,नक्षत्रेश,क्षपाकर,तमोनुद्,विरोचन,राजन्,हरि,तमोपह","चन्द्रस्य_षोडशांशः,खण्डमात्रम्,समाम्शः,ज्योत्स्ना,चिह्नम्,ज्योत्स्ना,नैर्मल्यम्",
चन्द्र,पुं।,चन्द्रः,,,द्रव्यम्,तेजः,ग्रहः,,,,"हिमांशु,चन्द्रमस्,चन्द्र,इन्दु,कुमुदबान्धव,विधु,सुधांशु,शुभ्रांशु,ओषधीश,निशापति,अब्ज,जैवातृक,सोम,ग्लौ,मृगाङ्क,कलानिधि,द्विजराज,शशधर,नक्षत्रेश,क्षपाकर,तमोनुद्,विरोचन,राजन्,हरि,तमोपह","चन्द्रस्य_षोडशांशः,खण्डमात्रम्,समाम्शः,ज्योत्स्ना,चिह्नम्,ज्योत्स्ना,नैर्मल्यम्",
इन्दु,पुं।,चन्द्रः,,,द्रव्यम्,तेजः,ग्रहः,,,,"हिमांशु,चन्द्रमस्,चन्द्र,इन्दु,कुमुदबान्धव,विधु,सुधांशु,शुभ्रांशु,ओषधीश,निशापति,अब्ज,जैवातृक,सोम,ग्लौ,मृगाङ्क,कलानिधि,द्विजराज,शशधर,नक्षत्रेश,क्षपाकर,तमोनुद्,विरोचन,राजन्,हरि,तमोपह","चन्द्रस्य_षोडशांशः,खण्डमात्रम्,समाम्शः,ज्योत्स्ना,चिह्नम्,ज्योत्स्ना,नैर्मल्यम्",
कुमुदबान्धव,पुं।,चन्द्रः,,,द्रव्यम्,तेजः,ग्रहः,,,,"हिमांशु,चन्द्रमस्,चन्द्र,इन्दु,कुमुदबान्धव,विधु,सुधांशु,शुभ्रांशु,ओषधीश,निशापति,अब्ज,जैवातृक,सोम,ग्लौ,मृगाङ्क,कलानिधि,द्विजराज,शशधर,नक्षत्रेश,क्षपाकर,तमोनुद्,विरोचन,राजन्,हरि,तमोपह","चन्द्रस्य_षोडशांशः,खण्डमात्रम्,समाम्शः,ज्योत्स्ना,चिह्नम्,ज्योत्स्ना,नैर्मल्यम्",
विधु,पुं।,चन्द्रः,,,द्रव्यम्,तेजः,ग्रहः,,,,"हिमांशु,चन्द्रमस्,चन्द्र,इन्दु,कुमुदबान्धव,विधु,सुधांशु,शुभ्रांशु,ओषधीश,निशापति,अब्ज,जैवातृक,सोम,ग्लौ,मृगाङ्क,कलानिधि,द्विजराज,शशधर,नक्षत्रेश,क्षपाकर,तमोनुद्,विरोचन,राजन्,हरि,तमोपह","चन्द्रस्य_षोडशांशः,खण्डमात्रम्,समाम्शः,ज्योत्स्ना,चिह्नम्,ज्योत्स्ना,नैर्मल्यम्",
सुधांशु,पुं।,चन्द्रः,,,द्रव्यम्,तेजः,ग्रहः,,,,"हिमांशु,चन्द्रमस्,चन्द्र,इन्दु,कुमुदबान्धव,विधु,सुधांशु,शुभ्रांशु,ओषधीश,निशापति,अब्ज,जैवातृक,सोम,ग्लौ,मृगाङ्क,कलानिधि,द्विजराज,शशधर,नक्षत्रेश,क्षपाकर,तमोनुद्,विरोचन,राजन्,हरि,तमोपह","चन्द्रस्य_षोडशांशः,खण्डमात्रम्,समाम्शः,ज्योत्स्ना,चिह्नम्,ज्योत्स्ना,नैर्मल्यम्",
शुभ्रांशु,पुं।,चन्द्रः,,,द्रव्यम्,तेजः,ग्रहः,,,,"हिमांशु,चन्द्रमस्,चन्द्र,इन्दु,कुमुदबान्धव,विधु,सुधांशु,शुभ्रांशु,ओषधीश,निशापति,अब्ज,जैवातृक,सोम,ग्लौ,मृगाङ्क,कलानिधि,द्विजराज,शशधर,नक्षत्रेश,क्षपाकर,तमोनुद्,विरोचन,राजन्,हरि,तमोपह","चन्द्रस्य_षोडशांशः,खण्डमात्रम्,समाम्शः,ज्योत्स्ना,चिह्नम्,ज्योत्स्ना,नैर्मल्यम्",
ओषधीश,पुं।,चन्द्रः,,,द्रव्यम्,तेजः,ग्रहः,,,,"हिमांशु,चन्द्रमस्,चन्द्र,इन्दु,कुमुदबान्धव,विधु,सुधांशु,शुभ्रांशु,ओषधीश,निशापति,अब्ज,जैवातृक,सोम,ग्लौ,मृगाङ्क,कलानिधि,द्विजराज,शशधर,नक्षत्रेश,क्षपाकर,तमोनुद्,विरोचन,राजन्,हरि,तमोपह","चन्द्रस्य_षोडशांशः,खण्डमात्रम्,समाम्शः,ज्योत्स्ना,चिह्नम्,ज्योत्स्ना,नैर्मल्यम्",
निशापति,पुं।,चन्द्रः,,,द्रव्यम्,तेजः,ग्रहः,,,,"हिमांशु,चन्द्रमस्,चन्द्र,इन्दु,कुमुदबान्धव,विधु,सुधांशु,शुभ्रांशु,ओषधीश,निशापति,अब्ज,जैवातृक,सोम,ग्लौ,मृगाङ्क,कलानिधि,द्विजराज,शशधर,नक्षत्रेश,क्षपाकर,तमोनुद्,विरोचन,राजन्,हरि,तमोपह","चन्द्रस्य_षोडशांशः,खण्डमात्रम्,समाम्शः,ज्योत्स्ना,चिह्नम्,ज्योत्स्ना,नैर्मल्यम्",
अब्ज,पुं।,चन्द्रः,,,द्रव्यम्,तेजः,ग्रहः,,,,"हिमांशु,चन्द्रमस्,चन्द्र,इन्दु,कुमुदबान्धव,विधु,सुधांशु,शुभ्रांशु,ओषधीश,निशापति,अब्ज,जैवातृक,सोम,ग्लौ,मृगाङ्क,कलानिधि,द्विजराज,शशधर,नक्षत्रेश,क्षपाकर,तमोनुद्,विरोचन,राजन्,हरि,तमोपह","चन्द्रस्य_षोडशांशः,खण्डमात्रम्,समाम्शः,ज्योत्स्ना,चिह्नम्,ज्योत्स्ना,नैर्मल्यम्",
जैवातृक,पुं।,चन्द्रः,,,द्रव्यम्,तेजः,ग्रहः,,,,"हिमांशु,चन्द्रमस्,चन्द्र,इन्दु,कुमुदबान्धव,विधु,सुधांशु,शुभ्रांशु,ओषधीश,निशापति,अब्ज,जैवातृक,सोम,ग्लौ,मृगाङ्क,कलानिधि,द्विजराज,शशधर,नक्षत्रेश,क्षपाकर,तमोनुद्,विरोचन,राजन्,हरि,तमोपह","चन्द्रस्य_षोडशांशः,खण्डमात्रम्,समाम्शः,ज्योत्स्ना,चिह्नम्,ज्योत्स्ना,नैर्मल्यम्",
सोम,पुं।,चन्द्रः,,,द्रव्यम्,तेजः,ग्रहः,,,,"हिमांशु,चन्द्रमस्,चन्द्र,इन्दु,कुमुदबान्धव,विधु,सुधांशु,शुभ्रांशु,ओषधीश,निशापति,अब्ज,जैवातृक,सोम,ग्लौ,मृगाङ्क,कलानिधि,द्विजराज,शशधर,नक्षत्रेश,क्षपाकर,तमोनुद्,विरोचन,राजन्,हरि,तमोपह","चन्द्रस्य_षोडशांशः,खण्डमात्रम्,समाम्शः,ज्योत्स्ना,चिह्नम्,ज्योत्स्ना,नैर्मल्यम्",
ग्लौ,पुं।,चन्द्रः,,,द्रव्यम्,तेजः,ग्रहः,,,,"हिमांशु,चन्द्रमस्,चन्द्र,इन्दु,कुमुदबान्धव,विधु,सुधांशु,शुभ्रांशु,ओषधीश,निशापति,अब्ज,जैवातृक,सोम,ग्लौ,मृगाङ्क,कलानिधि,द्विजराज,शशधर,नक्षत्रेश,क्षपाकर,तमोनुद्,विरोचन,राजन्,हरि,तमोपह","चन्द्रस्य_षोडशांशः,खण्डमात्रम्,समाम्शः,ज्योत्स्ना,चिह्नम्,ज्योत्स्ना,नैर्मल्यम्",
मृगाङ्क,पुं।,चन्द्रः,,,द्रव्यम्,तेजः,ग्रहः,,,,"हिमांशु,चन्द्रमस्,चन्द्र,इन्दु,कुमुदबान्धव,विधु,सुधांशु,शुभ्रांशु,ओषधीश,निशापति,अब्ज,जैवातृक,सोम,ग्लौ,मृगाङ्क,कलानिधि,द्विजराज,शशधर,नक्षत्रेश,क्षपाकर,तमोनुद्,विरोचन,राजन्,हरि,तमोपह","चन्द्रस्य_षोडशांशः,खण्डमात्रम्,समाम्शः,ज्योत्स्ना,चिह्नम्,ज्योत्स्ना,नैर्मल्यम्",
कलानिधि,पुं।,चन्द्रः,,,द्रव्यम्,तेजः,ग्रहः,,,,"हिमांशु,चन्द्रमस्,चन्द्र,इन्दु,कुमुदबान्धव,विधु,सुधांशु,शुभ्रांशु,ओषधीश,निशापति,अब्ज,जैवातृक,सोम,ग्लौ,मृगाङ्क,कलानिधि,द्विजराज,शशधर,नक्षत्रेश,क्षपाकर,तमोनुद्,विरोचन,राजन्,हरि,तमोपह","चन्द्रस्य_षोडशांशः,खण्डमात्रम्,समाम्शः,ज्योत्स्ना,चिह्नम्,ज्योत्स्ना,नैर्मल्यम्",
द्विजराज,पुं।,चन्द्रः,,,द्रव्यम्,तेजः,ग्रहः,,,,"हिमांशु,चन्द्रमस्,चन्द्र,इन्दु,कुमुदबान्धव,विधु,सुधांशु,शुभ्रांशु,ओषधीश,निशापति,अब्ज,जैवातृक,सोम,ग्लौ,मृगाङ्क,कलानिधि,द्विजराज,शशधर,नक्षत्रेश,क्षपाकर,तमोनुद्,विरोचन,राजन्,हरि,तमोपह","चन्द्रस्य_षोडशांशः,खण्डमात्रम्,समाम्शः,ज्योत्स्ना,चिह्नम्,ज्योत्स्ना,नैर्मल्यम्",
शशधर,पुं।,चन्द्रः,,,द्रव्यम्,तेजः,ग्रहः,,,,"हिमांशु,चन्द्रमस्,चन्द्र,इन्दु,कुमुदबान्धव,विधु,सुधांशु,शुभ्रांशु,ओषधीश,निशापति,अब्ज,जैवातृक,सोम,ग्लौ,मृगाङ्क,कलानिधि,द्विजराज,शशधर,नक्षत्रेश,क्षपाकर,तमोनुद्,विरोचन,राजन्,हरि,तमोपह","चन्द्रस्य_षोडशांशः,खण्डमात्रम्,समाम्शः,ज्योत्स्ना,चिह्नम्,ज्योत्स्ना,नैर्मल्यम्",
नक्षत्रेश,पुं।,चन्द्रः,,,द्रव्यम्,तेजः,ग्रहः,,,,"हिमांशु,चन्द्रमस्,चन्द्र,इन्दु,कुमुदबान्धव,विधु,सुधांशु,शुभ्रांशु,ओषधीश,निशापति,अब्ज,जैवातृक,सोम,ग्लौ,मृगाङ्क,कलानिधि,द्विजराज,शशधर,नक्षत्रेश,क्षपाकर,तमोनुद्,विरोचन,राजन्,हरि,तमोपह","चन्द्रस्य_षोडशांशः,खण्डमात्रम्,समाम्शः,ज्योत्स्ना,चिह्नम्,ज्योत्स्ना,नैर्मल्यम्",
क्षपाकर,पुं।,चन्द्रः,,,द्रव्यम्,तेजः,ग्रहः,,,,"हिमांशु,चन्द्रमस्,चन्द्र,इन्दु,कुमुदबान्धव,विधु,सुधांशु,शुभ्रांशु,ओषधीश,निशापति,अब्ज,जैवातृक,सोम,ग्लौ,मृगाङ्क,कलानिधि,द्विजराज,शशधर,नक्षत्रेश,क्षपाकर,तमोनुद्,विरोचन,राजन्,हरि,तमोपह","चन्द्रस्य_षोडशांशः,खण्डमात्रम्,समाम्शः,ज्योत्स्ना,चिह्नम्,ज्योत्स्ना,नैर्मल्यम्",
कला,स्त्री।,चन्द्रस्य_षोडशांशः,,,गुणः,परिमाणः,,,,,कला,,
बिम्ब,पुं-नपुं।,रविचन्द्रबिम्बम्,,,द्रव्यम्,तेजः,ग्रहः,,,,"बिम्ब,मण्डल",,
मण्डल,वि।,रविचन्द्रबिम्बम्,,,द्रव्यम्,तेजः,ग्रहः,,,,"बिम्ब,मण्डल",,
भित्त,नपुं।,खण्डमात्रम्,,,गुणः,परिमाणः,,,,,"भित्त,शकल,खण्ड,अर्ध,शल्क",,
शकल,पुं-नपुं।,खण्डमात्रम्,,,गुणः,परिमाणः,,,,,"भित्त,शकल,खण्ड,अर्ध,शल्क",,
खण्ड,पुं-नपुं।,खण्डमात्रम्,,,गुणः,परिमाणः,,,,,"भित्त,शकल,खण्ड,अर्ध,शल्क",,
अर्ध,पुं।,खण्डमात्रम्,,,गुणः,परिमाणः,,,,,"भित्त,शकल,खण्ड,अर्ध,शल्क",,
अर्ध,नपुं।,समाम्शः,,,गुणः,परिमाणः,,,,,अर्ध,,
चन्द्रिका,स्त्री।,ज्योत्स्ना,,,द्रव्यम्,तेजः,,,,,"चन्द्रिका,कौमुदी,ज्योत्स्ना,चन्द्रिका",चन्द्रः,
कौमुदी,स्त्री।,ज्योत्स्ना,,,द्रव्यम्,तेजः,,,,,"चन्द्रिका,कौमुदी,ज्योत्स्ना,चन्द्रिका",चन्द्रः,
ज्योत्स्ना,स्त्री।,ज्योत्स्ना,,,द्रव्यम्,तेजः,,,,,"चन्द्रिका,कौमुदी,ज्योत्स्ना,चन्द्रिका",चन्द्रः,
प्रसाद,पुं।,नैर्मल्यम्,,,सामान्यम्,अवस्था,,,,,"प्रसाद,प्रसन्नता",चन्द्रः,
प्रसन्नता,स्त्री।,नैर्मल्यम्,,,सामान्यम्,अवस्था,,,,,"प्रसाद,प्रसन्नता",चन्द्रः,
कलङ्क,पुं।,चिह्नम्,,चिह्नम्,,,,,,,"कलङ्क,अङ्क,लाञ्छन,चिह्न,लक्ष्मन्,लक्षण,लिङ्ग,निमित्त,पद,व्यञ्जन,प्रज्ञान",,विष्णुलाञ्छनम्
अङ्क,पुं।,चिह्नम्,,चिह्नम्,,,,,,,"कलङ्क,अङ्क,लाञ्छन,चिह्न,लक्ष्मन्,लक्षण,लिङ्ग,निमित्त,पद,व्यञ्जन,प्रज्ञान",,विष्णुलाञ्छनम्
लाञ्छन,नपुं।,चिह्नम्,,चिह्नम्,,,,,,,"कलङ्क,अङ्क,लाञ्छन,चिह्न,लक्ष्मन्,लक्षण,लिङ्ग,निमित्त,पद,व्यञ्जन,प्रज्ञान",,विष्णुलाञ्छनम्
चिह्न,नपुं।,चिह्नम्,,चिह्नम्,,,,,,,"कलङ्क,अङ्क,लाञ्छन,चिह्न,लक्ष्मन्,लक्षण,लिङ्ग,निमित्त,पद,व्यञ्जन,प्रज्ञान",,विष्णुलाञ्छनम्
लक्ष्मन्,नपुं।,चिह्नम्,,चिह्नम्,,,,,,,"कलङ्क,अङ्क,लाञ्छन,चिह्न,लक्ष्मन्,लक्षण,लिङ्ग,निमित्त,पद,व्यञ्जन,प्रज्ञान",,विष्णुलाञ्छनम्
लक्षण,नपुं।,चिह्नम्,,चिह्नम्,,,,,,,"कलङ्क,अङ्क,लाञ्छन,चिह्न,लक्ष्मन्,लक्षण,लिङ्ग,निमित्त,पद,व्यञ्जन,प्रज्ञान",,विष्णुलाञ्छनम्
सुषमा,स्त्री।,परमा_शोभा,,,द्रव्यम्,तेजः,,,,,सुषमा,,
शोभा,स्त्री।,शोभा,,,द्रव्यम्,तेजः,,,,,"शोभा,कान्ति,द्युति,छवि,अभिख्या,छाया,त्विष्,अर्चिस्",,"परमा_शोभा,अलङ्काररचनादिकृतशोभा"
कान्ति,स्त्री।,शोभा,,,द्रव्यम्,तेजः,,,,,"शोभा,कान्ति,द्युति,छवि,अभिख्या,छाया,त्विष्,अर्चिस्",,"परमा_शोभा,अलङ्काररचनादिकृतशोभा"
द्युति,स्त्री।,शोभा,,,द्रव्यम्,तेजः,,,,,"शोभा,कान्ति,द्युति,छवि,अभिख्या,छाया,त्विष्,अर्चिस्",,"परमा_शोभा,अलङ्काररचनादिकृतशोभा"
छवि,स्त्री।,शोभा,,,द्रव्यम्,तेजः,,,,,"शोभा,कान्ति,द्युति,छवि,अभिख्या,छाया,त्विष्,अर्चिस्",,"परमा_शोभा,अलङ्काररचनादिकृतशोभा"
अवश्याय,पुं।,हिमम्,,,द्रव्यम्,जलम्,,,,,"अवश्याय,नीहार,तुषार,तुहिन,हिम,प्रालेय,मिहिका",,"वर्षोपलः,हिमसमूहः"
नीहार,पुं।,हिमम्,,,द्रव्यम्,जलम्,,,,,"अवश्याय,नीहार,तुषार,तुहिन,हिम,प्रालेय,मिहिका",,"वर्षोपलः,हिमसमूहः"
तुषार,पुं।,हिमम्,,,द्रव्यम्,जलम्,,,,,"अवश्याय,नीहार,तुषार,तुहिन,हिम,प्रालेय,मिहिका",,"वर्षोपलः,हिमसमूहः"
तुहिन,नपुं।,हिमम्,,,द्रव्यम्,जलम्,,,,,"अवश्याय,नीहार,तुषार,तुहिन,हिम,प्रालेय,मिहिका",,"वर्षोपलः,हिमसमूहः"
हिम,नपुं।,हिमम्,,,द्रव्यम्,जलम्,,,,,"अवश्याय,नीहार,तुषार,तुहिन,हिम,प्रालेय,मिहिका",,"वर्षोपलः,हिमसमूहः"
प्रालेय,नपुं।,हिमम्,,,द्रव्यम्,जलम्,,,,,"अवश्याय,नीहार,तुषार,तुहिन,हिम,प्रालेय,मिहिका",,"वर्षोपलः,हिमसमूहः"
मिहिका,स्त्री।,हिमम्,,,द्रव्यम्,जलम्,,,,,"अवश्याय,नीहार,तुषार,तुहिन,हिम,प्रालेय,मिहिका",,"वर्षोपलः,हिमसमूहः"
हिमानी,स्त्री।,हिमसमूहः,,समूहः,द्रव्यम्,जलम्,,,,,"हिमानी,हिमसंहति",हिमम्,
हिमसंहति,स्त्री।,हिमसमूहः,,समूहः,द्रव्यम्,जलम्,,,,,"हिमानी,हिमसंहति",हिमम्,
शीत,नपुं।,शैत्यम्,,,सामान्यम्,अवस्था,,,,,शीत,शीतलद्रव्यम्#हिमम्,
सुषीम,वि।,शीतलद्रव्यम्,,,द्रव्यम्,जलम्,,,,,"सुषीम,शिशिर,जड,तुषार,शीतल,शीत,हिम",,हिमम्
शिशिर,वि।,शीतलद्रव्यम्,,,द्रव्यम्,जलम्,,,,,"सुषीम,शिशिर,जड,तुषार,शीतल,शीत,हिम",,हिमम्
जड,वि।,शीतलद्रव्यम्,,,द्रव्यम्,जलम्,,,,,"सुषीम,शिशिर,जड,तुषार,शीतल,शीत,हिम",,हिमम्
तुषार,वि।,शीतलद्रव्यम्,,,द्रव्यम्,जलम्,,,,,"सुषीम,शिशिर,जड,तुषार,शीतल,शीत,हिम",,हिमम्
शीतल,वि।,शीतलद्रव्यम्,,,द्रव्यम्,जलम्,,,,,"सुषीम,शिशिर,जड,तुषार,शीतल,शीत,हिम",,हिमम्
शीत,वि।,शीतलद्रव्यम्,,,द्रव्यम्,जलम्,,,,,"सुषीम,शिशिर,जड,तुषार,शीतल,शीत,हिम",,हिमम्
हिम,वि।,शीतलद्रव्यम्,,,द्रव्यम्,जलम्,,,,,"सुषीम,शिशिर,जड,तुषार,शीतल,शीत,हिम",,हिमम्
ध्रुव,पुं।,ध्रुवः,,,द्रव्यम्,तेजः,नक्षत्रम्,,,,"ध्रुव,औत्तानपादि",,
औत्तानपादि,पुं।,ध्रुवः,,,द्रव्यम्,तेजः,नक्षत्रम्,,,,"ध्रुव,औत्तानपादि",,
अगस्त्य,पुं।,अगस्त्यः,,,द्रव्यम्,आत्मा,ऋषिः,,,,"अगस्त्य,कुम्भसम्भव,मैत्रावरुणि",लोपामुद्रा,
कुम्भसम्भव,पुं।,अगस्त्यः,,,द्रव्यम्,आत्मा,ऋषिः,,,,"अगस्त्य,कुम्भसम्भव,मैत्रावरुणि",लोपामुद्रा,
मैत्रावरुणि,पुं।,अगस्त्यः,,,द्रव्यम्,आत्मा,ऋषिः,,,,"अगस्त्य,कुम्भसम्भव,मैत्रावरुणि",लोपामुद्रा,
लोपामुद्रा,स्त्री।,लोपामुद्रा,,,द्रव्यम्,पृथ्वी,चलसजीवः,मनुष्यः,,,लोपामुद्रा,अगस्त्यः,
सधर्मिणी,स्त्री।,पत्नी,,,द्रव्यम्,पृथ्वी,चलसजीवः,मनुष्यः,,,"सधर्मिणी,पत्नी,पाणिगृहीती,द्वितीया,सहधर्मिणी,भार्या,जाया,दार,वधू,तल्प,कलत्र,क्षेत्र,परिग्रह,गृह",पतिः,
नक्षत्र,नपुं।,नक्षत्रम्,,,द्रव्यम्,तेजः,नक्षत्रम्,,,,"नक्षत्र,ऋक्ष,भ,तारा,तारका,उडु,धिष्ण्य,ज्योतिस्",,"ध्रुवः,अश्विनीत्यादि-नक्षत्राणाम्_संज्ञा,अश्विनी-नक्षत्रम्,विशाखा-नक्षत्रम्,पुष्य-नक्षत्रम्,धनिष्ठा-नक्षत्रम्,पूर्वभाद्रपदा-नक्षत्रम्,उत्तरभाद्रपदा-नक्षत्रम्,मृगशिरा-नक्षत्रम्,मृगशीर्षनक्षत्रशिरोदेशस्थाः_पञ्चस्वल्पतारकाः,नक्षत्रनाम,नक्षत्रम्,मूलानक्षत्रम्,भभेदः"
ऋक्ष,नपुं।,नक्षत्रम्,,,द्रव्यम्,तेजः,नक्षत्रम्,,,,"नक्षत्र,ऋक्ष,भ,तारा,तारका,उडु,धिष्ण्य,ज्योतिस्",,"ध्रुवः,अश्विनीत्यादि-नक्षत्राणाम्_संज्ञा,अश्विनी-नक्षत्रम्,विशाखा-नक्षत्रम्,पुष्य-नक्षत्रम्,धनिष्ठा-नक्षत्रम्,पूर्वभाद्रपदा-नक्षत्रम्,उत्तरभाद्रपदा-नक्षत्रम्,मृगशिरा-नक्षत्रम्,मृगशीर्षनक्षत्रशिरोदेशस्थाः_पञ्चस्वल्पतारकाः,नक्षत्रनाम,नक्षत्रम्,मूलानक्षत्रम्,भभेदः"
भ,नपुं।,नक्षत्रम्,,,द्रव्यम्,तेजः,नक्षत्रम्,,,,"नक्षत्र,ऋक्ष,भ,तारा,तारका,उडु,धिष्ण्य,ज्योतिस्",,"ध्रुवः,अश्विनीत्यादि-नक्षत्राणाम्_संज्ञा,अश्विनी-नक्षत्रम्,विशाखा-नक्षत्रम्,पुष्य-नक्षत्रम्,धनिष्ठा-नक्षत्रम्,पूर्वभाद्रपदा-नक्षत्रम्,उत्तरभाद्रपदा-नक्षत्रम्,मृगशिरा-नक्षत्रम्,मृगशीर्षनक्षत्रशिरोदेशस्थाः_पञ्चस्वल्पतारकाः,नक्षत्रनाम,नक्षत्रम्,मूलानक्षत्रम्,भभेदः"
तारा,स्त्री।,नक्षत्रम्,,,द्रव्यम्,तेजः,नक्षत्रम्,,,,"नक्षत्र,ऋक्ष,भ,तारा,तारका,उडु,धिष्ण्य,ज्योतिस्",,"ध्रुवः,अश्विनीत्यादि-नक्षत्राणाम्_संज्ञा,अश्विनी-नक्षत्रम्,विशाखा-नक्षत्रम्,पुष्य-नक्षत्रम्,धनिष्ठा-नक्षत्रम्,पूर्वभाद्रपदा-नक्षत्रम्,उत्तरभाद्रपदा-नक्षत्रम्,मृगशिरा-नक्षत्रम्,मृगशीर्षनक्षत्रशिरोदेशस्थाः_पञ्चस्वल्पतारकाः,नक्षत्रनाम,नक्षत्रम्,मूलानक्षत्रम्,भभेदः"
तारका,स्त्री।,नक्षत्रम्,,,द्रव्यम्,तेजः,नक्षत्रम्,,,,"नक्षत्र,ऋक्ष,भ,तारा,तारका,उडु,धिष्ण्य,ज्योतिस्",,"ध्रुवः,अश्विनीत्यादि-नक्षत्राणाम्_संज्ञा,अश्विनी-नक्षत्रम्,विशाखा-नक्षत्रम्,पुष्य-नक्षत्रम्,धनिष्ठा-नक्षत्रम्,पूर्वभाद्रपदा-नक्षत्रम्,उत्तरभाद्रपदा-नक्षत्रम्,मृगशिरा-नक्षत्रम्,मृगशीर्षनक्षत्रशिरोदेशस्थाः_पञ्चस्वल्पतारकाः,नक्षत्रनाम,नक्षत्रम्,मूलानक्षत्रम्,भभेदः"
उडु,स्त्री-नपुं।,नक्षत्रम्,,,द्रव्यम्,तेजः,नक्षत्रम्,,,,"नक्षत्र,ऋक्ष,भ,तारा,तारका,उडु,धिष्ण्य,ज्योतिस्",,"ध्रुवः,अश्विनीत्यादि-नक्षत्राणाम्_संज्ञा,अश्विनी-नक्षत्रम्,विशाखा-नक्षत्रम्,पुष्य-नक्षत्रम्,धनिष्ठा-नक्षत्रम्,पूर्वभाद्रपदा-नक्षत्रम्,उत्तरभाद्रपदा-नक्षत्रम्,मृगशिरा-नक्षत्रम्,मृगशीर्षनक्षत्रशिरोदेशस्थाः_पञ्चस्वल्पतारकाः,नक्षत्रनाम,नक्षत्रम्,मूलानक्षत्रम्,भभेदः"
दाक्षायिणी,स्त्री।,अश्विनीत्यादि-नक्षत्राणाम्_संज्ञा,,नाम,द्रव्यम्,तेजः,नक्षत्रम्,,,,दाक्षायिणी,,
अश्वयुज्,स्त्री।,अश्विनी-नक्षत्रम्,,,द्रव्यम्,तेजः,नक्षत्रम्,,,,"अश्वयुज्,अश्विनी",,
अश्विनी,स्त्री।,अश्विनी-नक्षत्रम्,,,द्रव्यम्,तेजः,नक्षत्रम्,,,,"अश्वयुज्,अश्विनी",,
राधा,स्त्री।,विशाखा-नक्षत्रम्,,नाम,द्रव्यम्,तेजः,नक्षत्रम्,,,,"राधा,विशाखा",,
विशाखा,स्त्री।,विशाखा-नक्षत्रम्,,नाम,द्रव्यम्,तेजः,नक्षत्रम्,,,,"राधा,विशाखा",,
पुष्य,पुं।,पुष्य-नक्षत्रम्,,नाम,द्रव्यम्,तेजः,नक्षत्रम्,,,,"पुष्य,सिध्या,तिष्या,तिष्य",,
सिध्या,पुं।,पुष्य-नक्षत्रम्,,नाम,द्रव्यम्,तेजः,नक्षत्रम्,,,,"पुष्य,सिध्या,तिष्या,तिष्य",,
तिष्या,स्त्री।,पुष्य-नक्षत्रम्,,नाम,द्रव्यम्,तेजः,नक्षत्रम्,,,,"पुष्य,सिध्या,तिष्या,तिष्य",,
श्रविष्ठा,स्त्री।,धनिष्ठा-नक्षत्रम्,,नाम,द्रव्यम्,तेजः,नक्षत्रम्,,,,"श्रविष्ठा,धनिष्ठा",,
धनिष्ठा,स्त्री।,धनिष्ठा-नक्षत्रम्,,नाम,द्रव्यम्,तेजः,नक्षत्रम्,,,,"श्रविष्ठा,धनिष्ठा",,
प्रोष्ठपदा,स्त्री।,पूर्वभाद्रपदा-नक्षत्रम्,,नाम,द्रव्यम्,तेजः,नक्षत्रम्,,,,प्रोष्ठपदा,,
भाद्रपदा,स्त्री।,उत्तरभाद्रपदा-नक्षत्रम्,,नाम,द्रव्यम्,तेजः,नक्षत्रम्,,,,भाद्रपदा,,
मृगशीर्ष,नपुं।,मृगशिरा-नक्षत्रम्,,नाम,द्रव्यम्,तेजः,नक्षत्रम्,,,,"मृगशीर्ष,मृगशिरस्,आग्रहायणी",,
मृगशिरस्,नपुं।,मृगशिरा-नक्षत्रम्,,नाम,द्रव्यम्,तेजः,नक्षत्रम्,,,,"मृगशीर्ष,मृगशिरस्,आग्रहायणी",,
आग्रहायणी,स्त्री।,मृगशिरा-नक्षत्रम्,,नाम,द्रव्यम्,तेजः,नक्षत्रम्,,,,"मृगशीर्ष,मृगशिरस्,आग्रहायणी",,
इल्वला,स्त्री।,मृगशीर्षनक्षत्रशिरोदेशस्थाः_पञ्चस्वल्पतारकाः,,नाम,द्रव्यम्,तेजः,नक्षत्रम्,,,,इल्वला,,
बृहस्पति,पुं।,बृहस्पतिः,,नाम,द्रव्यम्,तेजः,ग्रहः,,,,"बृहस्पति,सुराचार्य,गीष्पति,धिषण,गुरु,जीव,आङ्गिरस,वाचस्पति,चित्रशिखण्डिज",,
सुराचार्य,पुं।,बृहस्पतिः,,नाम,द्रव्यम्,तेजः,ग्रहः,,,,"बृहस्पति,सुराचार्य,गीष्पति,धिषण,गुरु,जीव,आङ्गिरस,वाचस्पति,चित्रशिखण्डिज",,
गीष्पति,पुं।,बृहस्पतिः,,नाम,द्रव्यम्,तेजः,ग्रहः,,,,"बृहस्पति,सुराचार्य,गीष्पति,धिषण,गुरु,जीव,आङ्गिरस,वाचस्पति,चित्रशिखण्डिज",,
धिषण,पुं।,बृहस्पतिः,,नाम,द्रव्यम्,तेजः,ग्रहः,,,,"बृहस्पति,सुराचार्य,गीष्पति,धिषण,गुरु,जीव,आङ्गिरस,वाचस्पति,चित्रशिखण्डिज",,
गुरु,पुं।,बृहस्पतिः,,नाम,द्रव्यम्,तेजः,ग्रहः,,,,"बृहस्पति,सुराचार्य,गीष्पति,धिषण,गुरु,जीव,आङ्गिरस,वाचस्पति,चित्रशिखण्डिज",,
जीव,पुं।,बृहस्पतिः,,नाम,द्रव्यम्,तेजः,ग्रहः,,,,"बृहस्पति,सुराचार्य,गीष्पति,धिषण,गुरु,जीव,आङ्गिरस,वाचस्पति,चित्रशिखण्डिज",,
आङ्गिरस,पुं।,बृहस्पतिः,,नाम,द्रव्यम्,तेजः,ग्रहः,,,,"बृहस्पति,सुराचार्य,गीष्पति,धिषण,गुरु,जीव,आङ्गिरस,वाचस्पति,चित्रशिखण्डिज",,
वाचस्पति,पुं।,बृहस्पतिः,,नाम,द्रव्यम्,तेजः,ग्रहः,,,,"बृहस्पति,सुराचार्य,गीष्पति,धिषण,गुरु,जीव,आङ्गिरस,वाचस्पति,चित्रशिखण्डिज",,
चित्रशिखण्डिज,पुं।,बृहस्पतिः,,नाम,द्रव्यम्,तेजः,ग्रहः,,,,"बृहस्पति,सुराचार्य,गीष्पति,धिषण,गुरु,जीव,आङ्गिरस,वाचस्पति,चित्रशिखण्डिज",,
शुक्र,पुं।,शुक्राचार्यः,,नाम,द्रव्यम्,आत्मा,ऋषिः,,,,"शुक्र,दैत्यगुरु,काव्य,उशनस्,भार्गव,कवि",,
दैत्यगुरु,पुं।,शुक्राचार्यः,,नाम,द्रव्यम्,आत्मा,ऋषिः,,,,"शुक्र,दैत्यगुरु,काव्य,उशनस्,भार्गव,कवि",,
काव्य,पुं।,शुक्राचार्यः,,नाम,द्रव्यम्,आत्मा,ऋषिः,,,,"शुक्र,दैत्यगुरु,काव्य,उशनस्,भार्गव,कवि",,
उशनस्,पुं।,शुक्राचार्यः,,नाम,द्रव्यम्,आत्मा,ऋषिः,,,,"शुक्र,दैत्यगुरु,काव्य,उशनस्,भार्गव,कवि",,
भार्गव,पुं।,शुक्राचार्यः,,नाम,द्रव्यम्,आत्मा,ऋषिः,,,,"शुक्र,दैत्यगुरु,काव्य,उशनस्,भार्गव,कवि",,
कवि,पुं।,शुक्राचार्यः,,नाम,द्रव्यम्,आत्मा,ऋषिः,,,,"शुक्र,दैत्यगुरु,काव्य,उशनस्,भार्गव,कवि",,
अङ्गारक,पुं।,मङ्गलः,,नाम,द्रव्यम्,तेजः,ग्रहः,,,,"अङ्गारक,कुज,भौम,लोहिताङ्ग,महीसुत",,
कुज,पुं।,मङ्गलः,,नाम,द्रव्यम्,तेजः,ग्रहः,,,,"अङ्गारक,कुज,भौम,लोहिताङ्ग,महीसुत",,
भौम,पुं।,मङ्गलः,,नाम,द्रव्यम्,तेजः,ग्रहः,,,,"अङ्गारक,कुज,भौम,लोहिताङ्ग,महीसुत",,
लोहिताङ्ग,पुं।,मङ्गलः,,नाम,द्रव्यम्,तेजः,ग्रहः,,,,"अङ्गारक,कुज,भौम,लोहिताङ्ग,महीसुत",,
महीसुत,पुं।,मङ्गलः,,नाम,द्रव्यम्,तेजः,ग्रहः,,,,"अङ्गारक,कुज,भौम,लोहिताङ्ग,महीसुत",,
रौहिणेय,पुं।,बुधः,,नाम,द्रव्यम्,तेजः,ग्रहः,,,,"रौहिणेय,बुध,सौम्य,अभिजात,प्राप्तरूप,स्वरूप,अभिरूप",,
बुध,पुं।,बुधः,,नाम,द्रव्यम्,तेजः,ग्रहः,,,,"रौहिणेय,बुध,सौम्य,अभिजात,प्राप्तरूप,स्वरूप,अभिरूप",,
सौम्य,पुं।,बुधः,,नाम,द्रव्यम्,तेजः,ग्रहः,,,,"रौहिणेय,बुध,सौम्य,अभिजात,प्राप्तरूप,स्वरूप,अभिरूप",,
सौरि,पुं।,शनीः,,नाम,द्रव्यम्,तेजः,ग्रहः,,,,"सौरि,शनैश्चर",,
शनैश्चर,पुं।,शनीः,,नाम,द्रव्यम्,तेजः,ग्रहः,,,,"सौरि,शनैश्चर",,
तम,पुं।,राहुः,,नाम,द्रव्यम्,तेजः,ग्रहः,,,,"तम,राहु,स्वर्भानु,सैंहिकेय,विधुन्तुद,तमस्",,
राहु,पुं।,राहुः,,नाम,द्रव्यम्,तेजः,ग्रहः,,,,"तम,राहु,स्वर्भानु,सैंहिकेय,विधुन्तुद,तमस्",,
स्वर्भानु,पुं।,राहुः,,नाम,द्रव्यम्,तेजः,ग्रहः,,,,"तम,राहु,स्वर्भानु,सैंहिकेय,विधुन्तुद,तमस्",,
सैंहिकेय,पुं।,राहुः,,नाम,द्रव्यम्,तेजः,ग्रहः,,,,"तम,राहु,स्वर्भानु,सैंहिकेय,विधुन्तुद,तमस्",,
विधुन्तुद,पुं।,राहुः,,नाम,द्रव्यम्,तेजः,ग्रहः,,,,"तम,राहु,स्वर्भानु,सैंहिकेय,विधुन्तुद,तमस्",,
मरीची,स्त्री।,सप्तर्षिषु_एकः,,नाम,द्रव्यम्,तेजः,नक्षत्रम्,,,,"मरीची,अत्रि",,
अत्रि,पुं।,सप्तर्षिषु_एकः,,नाम,द्रव्यम्,तेजः,नक्षत्रम्,,,,"मरीची,अत्रि",,
चित्रशिखन्डिन्,पुं।,सप्तर्षयः,,,द्रव्यम्,तेजः,नक्षत्रम्,,,,चित्रशिखन्डिन्,,सप्तर्षिषु_एकः
लग्न,नपुं।,राशीनामुदयः,,,द्रव्यम्,कालः,,,,,लग्न,,
मेष,पुं।,राशिः,,,द्रव्यम्,कालः,,,,,"मेष,वृष,कूट",,
वृष,पुं।,राशिः,,,द्रव्यम्,कालः,,,,,"मेष,वृष,कूट",,
सूर,पुं।,सूर्यः,,नाम,द्रव्यम्,तेजः,ग्रहः,,,,"सूर,सूर्य,अर्यमन्,आदित्य,द्वादशात्मन्,दिवाकर,भास्कर,अहस्कर,ब्रध्न,प्रभाकर,विभाकर,भास्वत्,विवस्वत्,सप्ताश्व,हरिदश्व,उष्णरश्मि,विकर्तन,अर्क,मार्तण्ड,मिहिर,अरुण,पूषन्,द्युमणि,तरणि,मित्र,चित्रभानु,विरोचन,विभावसु,ग्रहपति,त्विषाम्पति,अहर्पति,भानु,हंस,सहस्रांशु,तपन,सवितृ,रवि,पद्माक्ष,तेजसांराशि,छायानाथ,तमिस्रहन्,कर्मसाक्षिन्,जगच्चक्षुस्,लोकबन्धु,त्रयीतनु,प्रद्योतन,दिनमणि,खद्योत,लोकबान्धव,इन,भग,धामनिधि,अंशुमालिन्,अब्जिनीपति,चण्डांशु,क,खग,पतङ्ग,तमोनुद्,विश्वकर्मन्,अद्रि,हरि,हेलि,अवि,अंशु,तमोपह","किरणः,सूर्यपत्नी,सूर्यपार्श्वस्थः,प्रभा,सूर्यपार्श्वस्थः,सूर्यसारथिः",
सूर्य,पुं।,सूर्यः,,नाम,द्रव्यम्,तेजः,ग्रहः,,,,"सूर,सूर्य,अर्यमन्,आदित्य,द्वादशात्मन्,दिवाकर,भास्कर,अहस्कर,ब्रध्न,प्रभाकर,विभाकर,भास्वत्,विवस्वत्,सप्ताश्व,हरिदश्व,उष्णरश्मि,विकर्तन,अर्क,मार्तण्ड,मिहिर,अरुण,पूषन्,द्युमणि,तरणि,मित्र,चित्रभानु,विरोचन,विभावसु,ग्रहपति,त्विषाम्पति,अहर्पति,भानु,हंस,सहस्रांशु,तपन,सवितृ,रवि,पद्माक्ष,तेजसांराशि,छायानाथ,तमिस्रहन्,कर्मसाक्षिन्,जगच्चक्षुस्,लोकबन्धु,त्रयीतनु,प्रद्योतन,दिनमणि,खद्योत,लोकबान्धव,इन,भग,धामनिधि,अंशुमालिन्,अब्जिनीपति,चण्डांशु,क,खग,पतङ्ग,तमोनुद्,विश्वकर्मन्,अद्रि,हरि,हेलि,अवि,अंशु,तमोपह","किरणः,सूर्यपत्नी,सूर्यपार्श्वस्थः,प्रभा,सूर्यपार्श्वस्थः,सूर्यसारथिः",
अर्यमन्,पुं।,सूर्यः,,नाम,द्रव्यम्,तेजः,ग्रहः,,,,"सूर,सूर्य,अर्यमन्,आदित्य,द्वादशात्मन्,दिवाकर,भास्कर,अहस्कर,ब्रध्न,प्रभाकर,विभाकर,भास्वत्,विवस्वत्,सप्ताश्व,हरिदश्व,उष्णरश्मि,विकर्तन,अर्क,मार्तण्ड,मिहिर,अरुण,पूषन्,द्युमणि,तरणि,मित्र,चित्रभानु,विरोचन,विभावसु,ग्रहपति,त्विषाम्पति,अहर्पति,भानु,हंस,सहस्रांशु,तपन,सवितृ,रवि,पद्माक्ष,तेजसांराशि,छायानाथ,तमिस्रहन्,कर्मसाक्षिन्,जगच्चक्षुस्,लोकबन्धु,त्रयीतनु,प्रद्योतन,दिनमणि,खद्योत,लोकबान्धव,इन,भग,धामनिधि,अंशुमालिन्,अब्जिनीपति,चण्डांशु,क,खग,पतङ्ग,तमोनुद्,विश्वकर्मन्,अद्रि,हरि,हेलि,अवि,अंशु,तमोपह","किरणः,सूर्यपत्नी,सूर्यपार्श्वस्थः,प्रभा,सूर्यपार्श्वस्थः,सूर्यसारथिः",
आदित्य,पुं।,सूर्यः,,नाम,द्रव्यम्,तेजः,ग्रहः,,,,"सूर,सूर्य,अर्यमन्,आदित्य,द्वादशात्मन्,दिवाकर,भास्कर,अहस्कर,ब्रध्न,प्रभाकर,विभाकर,भास्वत्,विवस्वत्,सप्ताश्व,हरिदश्व,उष्णरश्मि,विकर्तन,अर्क,मार्तण्ड,मिहिर,अरुण,पूषन्,द्युमणि,तरणि,मित्र,चित्रभानु,विरोचन,विभावसु,ग्रहपति,त्विषाम्पति,अहर्पति,भानु,हंस,सहस्रांशु,तपन,सवितृ,रवि,पद्माक्ष,तेजसांराशि,छायानाथ,तमिस्रहन्,कर्मसाक्षिन्,जगच्चक्षुस्,लोकबन्धु,त्रयीतनु,प्रद्योतन,दिनमणि,खद्योत,लोकबान्धव,इन,भग,धामनिधि,अंशुमालिन्,अब्जिनीपति,चण्डांशु,क,खग,पतङ्ग,तमोनुद्,विश्वकर्मन्,अद्रि,हरि,हेलि,अवि,अंशु,तमोपह","किरणः,सूर्यपत्नी,सूर्यपार्श्वस्थः,प्रभा,सूर्यपार्श्वस्थः,सूर्यसारथिः",
द्वादशात्मन्,पुं।,सूर्यः,,नाम,द्रव्यम्,तेजः,ग्रहः,,,,"सूर,सूर्य,अर्यमन्,आदित्य,द्वादशात्मन्,दिवाकर,भास्कर,अहस्कर,ब्रध्न,प्रभाकर,विभाकर,भास्वत्,विवस्वत्,सप्ताश्व,हरिदश्व,उष्णरश्मि,विकर्तन,अर्क,मार्तण्ड,मिहिर,अरुण,पूषन्,द्युमणि,तरणि,मित्र,चित्रभानु,विरोचन,विभावसु,ग्रहपति,त्विषाम्पति,अहर्पति,भानु,हंस,सहस्रांशु,तपन,सवितृ,रवि,पद्माक्ष,तेजसांराशि,छायानाथ,तमिस्रहन्,कर्मसाक्षिन्,जगच्चक्षुस्,लोकबन्धु,त्रयीतनु,प्रद्योतन,दिनमणि,खद्योत,लोकबान्धव,इन,भग,धामनिधि,अंशुमालिन्,अब्जिनीपति,चण्डांशु,क,खग,पतङ्ग,तमोनुद्,विश्वकर्मन्,अद्रि,हरि,हेलि,अवि,अंशु,तमोपह","किरणः,सूर्यपत्नी,सूर्यपार्श्वस्थः,प्रभा,सूर्यपार्श्वस्थः,सूर्यसारथिः",
दिवाकर,पुं।,सूर्यः,,नाम,द्रव्यम्,तेजः,ग्रहः,,,,"सूर,सूर्य,अर्यमन्,आदित्य,द्वादशात्मन्,दिवाकर,भास्कर,अहस्कर,ब्रध्न,प्रभाकर,विभाकर,भास्वत्,विवस्वत्,सप्ताश्व,हरिदश्व,उष्णरश्मि,विकर्तन,अर्क,मार्तण्ड,मिहिर,अरुण,पूषन्,द्युमणि,तरणि,मित्र,चित्रभानु,विरोचन,विभावसु,ग्रहपति,त्विषाम्पति,अहर्पति,भानु,हंस,सहस्रांशु,तपन,सवितृ,रवि,पद्माक्ष,तेजसांराशि,छायानाथ,तमिस्रहन्,कर्मसाक्षिन्,जगच्चक्षुस्,लोकबन्धु,त्रयीतनु,प्रद्योतन,दिनमणि,खद्योत,लोकबान्धव,इन,भग,धामनिधि,अंशुमालिन्,अब्जिनीपति,चण्डांशु,क,खग,पतङ्ग,तमोनुद्,विश्वकर्मन्,अद्रि,हरि,हेलि,अवि,अंशु,तमोपह","किरणः,सूर्यपत्नी,सूर्यपार्श्वस्थः,प्रभा,सूर्यपार्श्वस्थः,सूर्यसारथिः",
भास्कर,पुं।,सूर्यः,,नाम,द्रव्यम्,तेजः,ग्रहः,,,,"सूर,सूर्य,अर्यमन्,आदित्य,द्वादशात्मन्,दिवाकर,भास्कर,अहस्कर,ब्रध्न,प्रभाकर,विभाकर,भास्वत्,विवस्वत्,सप्ताश्व,हरिदश्व,उष्णरश्मि,विकर्तन,अर्क,मार्तण्ड,मिहिर,अरुण,पूषन्,द्युमणि,तरणि,मित्र,चित्रभानु,विरोचन,विभावसु,ग्रहपति,त्विषाम्पति,अहर्पति,भानु,हंस,सहस्रांशु,तपन,सवितृ,रवि,पद्माक्ष,तेजसांराशि,छायानाथ,तमिस्रहन्,कर्मसाक्षिन्,जगच्चक्षुस्,लोकबन्धु,त्रयीतनु,प्रद्योतन,दिनमणि,खद्योत,लोकबान्धव,इन,भग,धामनिधि,अंशुमालिन्,अब्जिनीपति,चण्डांशु,क,खग,पतङ्ग,तमोनुद्,विश्वकर्मन्,अद्रि,हरि,हेलि,अवि,अंशु,तमोपह","किरणः,सूर्यपत्नी,सूर्यपार्श्वस्थः,प्रभा,सूर्यपार्श्वस्थः,सूर्यसारथिः",
अहस्कर,पुं।,सूर्यः,,नाम,द्रव्यम्,तेजः,ग्रहः,,,,"सूर,सूर्य,अर्यमन्,आदित्य,द्वादशात्मन्,दिवाकर,भास्कर,अहस्कर,ब्रध्न,प्रभाकर,विभाकर,भास्वत्,विवस्वत्,सप्ताश्व,हरिदश्व,उष्णरश्मि,विकर्तन,अर्क,मार्तण्ड,मिहिर,अरुण,पूषन्,द्युमणि,तरणि,मित्र,चित्रभानु,विरोचन,विभावसु,ग्रहपति,त्विषाम्पति,अहर्पति,भानु,हंस,सहस्रांशु,तपन,सवितृ,रवि,पद्माक्ष,तेजसांराशि,छायानाथ,तमिस्रहन्,कर्मसाक्षिन्,जगच्चक्षुस्,लोकबन्धु,त्रयीतनु,प्रद्योतन,दिनमणि,खद्योत,लोकबान्धव,इन,भग,धामनिधि,अंशुमालिन्,अब्जिनीपति,चण्डांशु,क,खग,पतङ्ग,तमोनुद्,विश्वकर्मन्,अद्रि,हरि,हेलि,अवि,अंशु,तमोपह","किरणः,सूर्यपत्नी,सूर्यपार्श्वस्थः,प्रभा,सूर्यपार्श्वस्थः,सूर्यसारथिः",
ब्रध्न,पुं।,सूर्यः,,नाम,द्रव्यम्,तेजः,ग्रहः,,,,"सूर,सूर्य,अर्यमन्,आदित्य,द्वादशात्मन्,दिवाकर,भास्कर,अहस्कर,ब्रध्न,प्रभाकर,विभाकर,भास्वत्,विवस्वत्,सप्ताश्व,हरिदश्व,उष्णरश्मि,विकर्तन,अर्क,मार्तण्ड,मिहिर,अरुण,पूषन्,द्युमणि,तरणि,मित्र,चित्रभानु,विरोचन,विभावसु,ग्रहपति,त्विषाम्पति,अहर्पति,भानु,हंस,सहस्रांशु,तपन,सवितृ,रवि,पद्माक्ष,तेजसांराशि,छायानाथ,तमिस्रहन्,कर्मसाक्षिन्,जगच्चक्षुस्,लोकबन्धु,त्रयीतनु,प्रद्योतन,दिनमणि,खद्योत,लोकबान्धव,इन,भग,धामनिधि,अंशुमालिन्,अब्जिनीपति,चण्डांशु,क,खग,पतङ्ग,तमोनुद्,विश्वकर्मन्,अद्रि,हरि,हेलि,अवि,अंशु,तमोपह","किरणः,सूर्यपत्नी,सूर्यपार्श्वस्थः,प्रभा,सूर्यपार्श्वस्थः,सूर्यसारथिः",
प्रभाकर,पुं।,सूर्यः,,नाम,द्रव्यम्,तेजः,ग्रहः,,,,"सूर,सूर्य,अर्यमन्,आदित्य,द्वादशात्मन्,दिवाकर,भास्कर,अहस्कर,ब्रध्न,प्रभाकर,विभाकर,भास्वत्,विवस्वत्,सप्ताश्व,हरिदश्व,उष्णरश्मि,विकर्तन,अर्क,मार्तण्ड,मिहिर,अरुण,पूषन्,द्युमणि,तरणि,मित्र,चित्रभानु,विरोचन,विभावसु,ग्रहपति,त्विषाम्पति,अहर्पति,भानु,हंस,सहस्रांशु,तपन,सवितृ,रवि,पद्माक्ष,तेजसांराशि,छायानाथ,तमिस्रहन्,कर्मसाक्षिन्,जगच्चक्षुस्,लोकबन्धु,त्रयीतनु,प्रद्योतन,दिनमणि,खद्योत,लोकबान्धव,इन,भग,धामनिधि,अंशुमालिन्,अब्जिनीपति,चण्डांशु,क,खग,पतङ्ग,तमोनुद्,विश्वकर्मन्,अद्रि,हरि,हेलि,अवि,अंशु,तमोपह","किरणः,सूर्यपत्नी,सूर्यपार्श्वस्थः,प्रभा,सूर्यपार्श्वस्थः,सूर्यसारथिः",
विभाकर,पुं।,सूर्यः,,नाम,द्रव्यम्,तेजः,ग्रहः,,,,"सूर,सूर्य,अर्यमन्,आदित्य,द्वादशात्मन्,दिवाकर,भास्कर,अहस्कर,ब्रध्न,प्रभाकर,विभाकर,भास्वत्,विवस्वत्,सप्ताश्व,हरिदश्व,उष्णरश्मि,विकर्तन,अर्क,मार्तण्ड,मिहिर,अरुण,पूषन्,द्युमणि,तरणि,मित्र,चित्रभानु,विरोचन,विभावसु,ग्रहपति,त्विषाम्पति,अहर्पति,भानु,हंस,सहस्रांशु,तपन,सवितृ,रवि,पद्माक्ष,तेजसांराशि,छायानाथ,तमिस्रहन्,कर्मसाक्षिन्,जगच्चक्षुस्,लोकबन्धु,त्रयीतनु,प्रद्योतन,दिनमणि,खद्योत,लोकबान्धव,इन,भग,धामनिधि,अंशुमालिन्,अब्जिनीपति,चण्डांशु,क,खग,पतङ्ग,तमोनुद्,विश्वकर्मन्,अद्रि,हरि,हेलि,अवि,अंशु,तमोपह","किरणः,सूर्यपत्नी,सूर्यपार्श्वस्थः,प्रभा,सूर्यपार्श्वस्थः,सूर्यसारथिः",
भास्वत्,पुं।,सूर्यः,,नाम,द्रव्यम्,तेजः,ग्रहः,,,,"सूर,सूर्य,अर्यमन्,आदित्य,द्वादशात्मन्,दिवाकर,भास्कर,अहस्कर,ब्रध्न,प्रभाकर,विभाकर,भास्वत्,विवस्वत्,सप्ताश्व,हरिदश्व,उष्णरश्मि,विकर्तन,अर्क,मार्तण्ड,मिहिर,अरुण,पूषन्,द्युमणि,तरणि,मित्र,चित्रभानु,विरोचन,विभावसु,ग्रहपति,त्विषाम्पति,अहर्पति,भानु,हंस,सहस्रांशु,तपन,सवितृ,रवि,पद्माक्ष,तेजसांराशि,छायानाथ,तमिस्रहन्,कर्मसाक्षिन्,जगच्चक्षुस्,लोकबन्धु,त्रयीतनु,प्रद्योतन,दिनमणि,खद्योत,लोकबान्धव,इन,भग,धामनिधि,अंशुमालिन्,अब्जिनीपति,चण्डांशु,क,खग,पतङ्ग,तमोनुद्,विश्वकर्मन्,अद्रि,हरि,हेलि,अवि,अंशु,तमोपह","किरणः,सूर्यपत्नी,सूर्यपार्श्वस्थः,प्रभा,सूर्यपार्श्वस्थः,सूर्यसारथिः",
विवस्वत्,पुं।,सूर्यः,,नाम,द्रव्यम्,तेजः,ग्रहः,,,,"सूर,सूर्य,अर्यमन्,आदित्य,द्वादशात्मन्,दिवाकर,भास्कर,अहस्कर,ब्रध्न,प्रभाकर,विभाकर,भास्वत्,विवस्वत्,सप्ताश्व,हरिदश्व,उष्णरश्मि,विकर्तन,अर्क,मार्तण्ड,मिहिर,अरुण,पूषन्,द्युमणि,तरणि,मित्र,चित्रभानु,विरोचन,विभावसु,ग्रहपति,त्विषाम्पति,अहर्पति,भानु,हंस,सहस्रांशु,तपन,सवितृ,रवि,पद्माक्ष,तेजसांराशि,छायानाथ,तमिस्रहन्,कर्मसाक्षिन्,जगच्चक्षुस्,लोकबन्धु,त्रयीतनु,प्रद्योतन,दिनमणि,खद्योत,लोकबान्धव,इन,भग,धामनिधि,अंशुमालिन्,अब्जिनीपति,चण्डांशु,क,खग,पतङ्ग,तमोनुद्,विश्वकर्मन्,अद्रि,हरि,हेलि,अवि,अंशु,तमोपह","किरणः,सूर्यपत्नी,सूर्यपार्श्वस्थः,प्रभा,सूर्यपार्श्वस्थः,सूर्यसारथिः",
सप्ताश्व,पुं।,सूर्यः,,नाम,द्रव्यम्,तेजः,ग्रहः,,,,"सूर,सूर्य,अर्यमन्,आदित्य,द्वादशात्मन्,दिवाकर,भास्कर,अहस्कर,ब्रध्न,प्रभाकर,विभाकर,भास्वत्,विवस्वत्,सप्ताश्व,हरिदश्व,उष्णरश्मि,विकर्तन,अर्क,मार्तण्ड,मिहिर,अरुण,पूषन्,द्युमणि,तरणि,मित्र,चित्रभानु,विरोचन,विभावसु,ग्रहपति,त्विषाम्पति,अहर्पति,भानु,हंस,सहस्रांशु,तपन,सवितृ,रवि,पद्माक्ष,तेजसांराशि,छायानाथ,तमिस्रहन्,कर्मसाक्षिन्,जगच्चक्षुस्,लोकबन्धु,त्रयीतनु,प्रद्योतन,दिनमणि,खद्योत,लोकबान्धव,इन,भग,धामनिधि,अंशुमालिन्,अब्जिनीपति,चण्डांशु,क,खग,पतङ्ग,तमोनुद्,विश्वकर्मन्,अद्रि,हरि,हेलि,अवि,अंशु,तमोपह","किरणः,सूर्यपत्नी,सूर्यपार्श्वस्थः,प्रभा,सूर्यपार्श्वस्थः,सूर्यसारथिः",
हरिदश्व,पुं।,सूर्यः,,नाम,द्रव्यम्,तेजः,ग्रहः,,,,"सूर,सूर्य,अर्यमन्,आदित्य,द्वादशात्मन्,दिवाकर,भास्कर,अहस्कर,ब्रध्न,प्रभाकर,विभाकर,भास्वत्,विवस्वत्,सप्ताश्व,हरिदश्व,उष्णरश्मि,विकर्तन,अर्क,मार्तण्ड,मिहिर,अरुण,पूषन्,द्युमणि,तरणि,मित्र,चित्रभानु,विरोचन,विभावसु,ग्रहपति,त्विषाम्पति,अहर्पति,भानु,हंस,सहस्रांशु,तपन,सवितृ,रवि,पद्माक्ष,तेजसांराशि,छायानाथ,तमिस्रहन्,कर्मसाक्षिन्,जगच्चक्षुस्,लोकबन्धु,त्रयीतनु,प्रद्योतन,दिनमणि,खद्योत,लोकबान्धव,इन,भग,धामनिधि,अंशुमालिन्,अब्जिनीपति,चण्डांशु,क,खग,पतङ्ग,तमोनुद्,विश्वकर्मन्,अद्रि,हरि,हेलि,अवि,अंशु,तमोपह","किरणः,सूर्यपत्नी,सूर्यपार्श्वस्थः,प्रभा,सूर्यपार्श्वस्थः,सूर्यसारथिः",
उष्णरश्मि,पुं।,सूर्यः,,नाम,द्रव्यम्,तेजः,ग्रहः,,,,"सूर,सूर्य,अर्यमन्,आदित्य,द्वादशात्मन्,दिवाकर,भास्कर,अहस्कर,ब्रध्न,प्रभाकर,विभाकर,भास्वत्,विवस्वत्,सप्ताश्व,हरिदश्व,उष्णरश्मि,विकर्तन,अर्क,मार्तण्ड,मिहिर,अरुण,पूषन्,द्युमणि,तरणि,मित्र,चित्रभानु,विरोचन,विभावसु,ग्रहपति,त्विषाम्पति,अहर्पति,भानु,हंस,सहस्रांशु,तपन,सवितृ,रवि,पद्माक्ष,तेजसांराशि,छायानाथ,तमिस्रहन्,कर्मसाक्षिन्,जगच्चक्षुस्,लोकबन्धु,त्रयीतनु,प्रद्योतन,दिनमणि,खद्योत,लोकबान्धव,इन,भग,धामनिधि,अंशुमालिन्,अब्जिनीपति,चण्डांशु,क,खग,पतङ्ग,तमोनुद्,विश्वकर्मन्,अद्रि,हरि,हेलि,अवि,अंशु,तमोपह","किरणः,सूर्यपत्नी,सूर्यपार्श्वस्थः,प्रभा,सूर्यपार्श्वस्थः,सूर्यसारथिः",
विकर्तन,पुं।,सूर्यः,,नाम,द्रव्यम्,तेजः,ग्रहः,,,,"सूर,सूर्य,अर्यमन्,आदित्य,द्वादशात्मन्,दिवाकर,भास्कर,अहस्कर,ब्रध्न,प्रभाकर,विभाकर,भास्वत्,विवस्वत्,सप्ताश्व,हरिदश्व,उष्णरश्मि,विकर्तन,अर्क,मार्तण्ड,मिहिर,अरुण,पूषन्,द्युमणि,तरणि,मित्र,चित्रभानु,विरोचन,विभावसु,ग्रहपति,त्विषाम्पति,अहर्पति,भानु,हंस,सहस्रांशु,तपन,सवितृ,रवि,पद्माक्ष,तेजसांराशि,छायानाथ,तमिस्रहन्,कर्मसाक्षिन्,जगच्चक्षुस्,लोकबन्धु,त्रयीतनु,प्रद्योतन,दिनमणि,खद्योत,लोकबान्धव,इन,भग,धामनिधि,अंशुमालिन्,अब्जिनीपति,चण्डांशु,क,खग,पतङ्ग,तमोनुद्,विश्वकर्मन्,अद्रि,हरि,हेलि,अवि,अंशु,तमोपह","किरणः,सूर्यपत्नी,सूर्यपार्श्वस्थः,प्रभा,सूर्यपार्श्वस्थः,सूर्यसारथिः",
अर्क,पुं।,सूर्यः,,नाम,द्रव्यम्,तेजः,ग्रहः,,,,"सूर,सूर्य,अर्यमन्,आदित्य,द्वादशात्मन्,दिवाकर,भास्कर,अहस्कर,ब्रध्न,प्रभाकर,विभाकर,भास्वत्,विवस्वत्,सप्ताश्व,हरिदश्व,उष्णरश्मि,विकर्तन,अर्क,मार्तण्ड,मिहिर,अरुण,पूषन्,द्युमणि,तरणि,मित्र,चित्रभानु,विरोचन,विभावसु,ग्रहपति,त्विषाम्पति,अहर्पति,भानु,हंस,सहस्रांशु,तपन,सवितृ,रवि,पद्माक्ष,तेजसांराशि,छायानाथ,तमिस्रहन्,कर्मसाक्षिन्,जगच्चक्षुस्,लोकबन्धु,त्रयीतनु,प्रद्योतन,दिनमणि,खद्योत,लोकबान्धव,इन,भग,धामनिधि,अंशुमालिन्,अब्जिनीपति,चण्डांशु,क,खग,पतङ्ग,तमोनुद्,विश्वकर्मन्,अद्रि,हरि,हेलि,अवि,अंशु,तमोपह","किरणः,सूर्यपत्नी,सूर्यपार्श्वस्थः,प्रभा,सूर्यपार्श्वस्थः,सूर्यसारथिः",
मार्तण्ड,पुं।,सूर्यः,,नाम,द्रव्यम्,तेजः,ग्रहः,,,,"सूर,सूर्य,अर्यमन्,आदित्य,द्वादशात्मन्,दिवाकर,भास्कर,अहस्कर,ब्रध्न,प्रभाकर,विभाकर,भास्वत्,विवस्वत्,सप्ताश्व,हरिदश्व,उष्णरश्मि,विकर्तन,अर्क,मार्तण्ड,मिहिर,अरुण,पूषन्,द्युमणि,तरणि,मित्र,चित्रभानु,विरोचन,विभावसु,ग्रहपति,त्विषाम्पति,अहर्पति,भानु,हंस,सहस्रांशु,तपन,सवितृ,रवि,पद्माक्ष,तेजसांराशि,छायानाथ,तमिस्रहन्,कर्मसाक्षिन्,जगच्चक्षुस्,लोकबन्धु,त्रयीतनु,प्रद्योतन,दिनमणि,खद्योत,लोकबान्धव,इन,भग,धामनिधि,अंशुमालिन्,अब्जिनीपति,चण्डांशु,क,खग,पतङ्ग,तमोनुद्,विश्वकर्मन्,अद्रि,हरि,हेलि,अवि,अंशु,तमोपह","किरणः,सूर्यपत्नी,सूर्यपार्श्वस्थः,प्रभा,सूर्यपार्श्वस्थः,सूर्यसारथिः",
मिहिर,पुं।,सूर्यः,,नाम,द्रव्यम्,तेजः,ग्रहः,,,,"सूर,सूर्य,अर्यमन्,आदित्य,द्वादशात्मन्,दिवाकर,भास्कर,अहस्कर,ब्रध्न,प्रभाकर,विभाकर,भास्वत्,विवस्वत्,सप्ताश्व,हरिदश्व,उष्णरश्मि,विकर्तन,अर्क,मार्तण्ड,मिहिर,अरुण,पूषन्,द्युमणि,तरणि,मित्र,चित्रभानु,विरोचन,विभावसु,ग्रहपति,त्विषाम्पति,अहर्पति,भानु,हंस,सहस्रांशु,तपन,सवितृ,रवि,पद्माक्ष,तेजसांराशि,छायानाथ,तमिस्रहन्,कर्मसाक्षिन्,जगच्चक्षुस्,लोकबन्धु,त्रयीतनु,प्रद्योतन,दिनमणि,खद्योत,लोकबान्धव,इन,भग,धामनिधि,अंशुमालिन्,अब्जिनीपति,चण्डांशु,क,खग,पतङ्ग,तमोनुद्,विश्वकर्मन्,अद्रि,हरि,हेलि,अवि,अंशु,तमोपह","किरणः,सूर्यपत्नी,सूर्यपार्श्वस्थः,प्रभा,सूर्यपार्श्वस्थः,सूर्यसारथिः",
अरुण,पुं।,सूर्यः,,नाम,द्रव्यम्,तेजः,ग्रहः,,,,"सूर,सूर्य,अर्यमन्,आदित्य,द्वादशात्मन्,दिवाकर,भास्कर,अहस्कर,ब्रध्न,प्रभाकर,विभाकर,भास्वत्,विवस्वत्,सप्ताश्व,हरिदश्व,उष्णरश्मि,विकर्तन,अर्क,मार्तण्ड,मिहिर,अरुण,पूषन्,द्युमणि,तरणि,मित्र,चित्रभानु,विरोचन,विभावसु,ग्रहपति,त्विषाम्पति,अहर्पति,भानु,हंस,सहस्रांशु,तपन,सवितृ,रवि,पद्माक्ष,तेजसांराशि,छायानाथ,तमिस्रहन्,कर्मसाक्षिन्,जगच्चक्षुस्,लोकबन्धु,त्रयीतनु,प्रद्योतन,दिनमणि,खद्योत,लोकबान्धव,इन,भग,धामनिधि,अंशुमालिन्,अब्जिनीपति,चण्डांशु,क,खग,पतङ्ग,तमोनुद्,विश्वकर्मन्,अद्रि,हरि,हेलि,अवि,अंशु,तमोपह","किरणः,सूर्यपत्नी,सूर्यपार्श्वस्थः,प्रभा,सूर्यपार्श्वस्थः,सूर्यसारथिः",
पूषन्,पुं।,सूर्यः,,नाम,द्रव्यम्,तेजः,ग्रहः,,,,"सूर,सूर्य,अर्यमन्,आदित्य,द्वादशात्मन्,दिवाकर,भास्कर,अहस्कर,ब्रध्न,प्रभाकर,विभाकर,भास्वत्,विवस्वत्,सप्ताश्व,हरिदश्व,उष्णरश्मि,विकर्तन,अर्क,मार्तण्ड,मिहिर,अरुण,पूषन्,द्युमणि,तरणि,मित्र,चित्रभानु,विरोचन,विभावसु,ग्रहपति,त्विषाम्पति,अहर्पति,भानु,हंस,सहस्रांशु,तपन,सवितृ,रवि,पद्माक्ष,तेजसांराशि,छायानाथ,तमिस्रहन्,कर्मसाक्षिन्,जगच्चक्षुस्,लोकबन्धु,त्रयीतनु,प्रद्योतन,दिनमणि,खद्योत,लोकबान्धव,इन,भग,धामनिधि,अंशुमालिन्,अब्जिनीपति,चण्डांशु,क,खग,पतङ्ग,तमोनुद्,विश्वकर्मन्,अद्रि,हरि,हेलि,अवि,अंशु,तमोपह","किरणः,सूर्यपत्नी,सूर्यपार्श्वस्थः,प्रभा,सूर्यपार्श्वस्थः,सूर्यसारथिः",
द्युमणि,पुं।,सूर्यः,,नाम,द्रव्यम्,तेजः,ग्रहः,,,,"सूर,सूर्य,अर्यमन्,आदित्य,द्वादशात्मन्,दिवाकर,भास्कर,अहस्कर,ब्रध्न,प्रभाकर,विभाकर,भास्वत्,विवस्वत्,सप्ताश्व,हरिदश्व,उष्णरश्मि,विकर्तन,अर्क,मार्तण्ड,मिहिर,अरुण,पूषन्,द्युमणि,तरणि,मित्र,चित्रभानु,विरोचन,विभावसु,ग्रहपति,त्विषाम्पति,अहर्पति,भानु,हंस,सहस्रांशु,तपन,सवितृ,रवि,पद्माक्ष,तेजसांराशि,छायानाथ,तमिस्रहन्,कर्मसाक्षिन्,जगच्चक्षुस्,लोकबन्धु,त्रयीतनु,प्रद्योतन,दिनमणि,खद्योत,लोकबान्धव,इन,भग,धामनिधि,अंशुमालिन्,अब्जिनीपति,चण्डांशु,क,खग,पतङ्ग,तमोनुद्,विश्वकर्मन्,अद्रि,हरि,हेलि,अवि,अंशु,तमोपह","किरणः,सूर्यपत्नी,सूर्यपार्श्वस्थः,प्रभा,सूर्यपार्श्वस्थः,सूर्यसारथिः",
तरणि,पुं।,सूर्यः,,नाम,द्रव्यम्,तेजः,ग्रहः,,,,"सूर,सूर्य,अर्यमन्,आदित्य,द्वादशात्मन्,दिवाकर,भास्कर,अहस्कर,ब्रध्न,प्रभाकर,विभाकर,भास्वत्,विवस्वत्,सप्ताश्व,हरिदश्व,उष्णरश्मि,विकर्तन,अर्क,मार्तण्ड,मिहिर,अरुण,पूषन्,द्युमणि,तरणि,मित्र,चित्रभानु,विरोचन,विभावसु,ग्रहपति,त्विषाम्पति,अहर्पति,भानु,हंस,सहस्रांशु,तपन,सवितृ,रवि,पद्माक्ष,तेजसांराशि,छायानाथ,तमिस्रहन्,कर्मसाक्षिन्,जगच्चक्षुस्,लोकबन्धु,त्रयीतनु,प्रद्योतन,दिनमणि,खद्योत,लोकबान्धव,इन,भग,धामनिधि,अंशुमालिन्,अब्जिनीपति,चण्डांशु,क,खग,पतङ्ग,तमोनुद्,विश्वकर्मन्,अद्रि,हरि,हेलि,अवि,अंशु,तमोपह","किरणः,सूर्यपत्नी,सूर्यपार्श्वस्थः,प्रभा,सूर्यपार्श्वस्थः,सूर्यसारथिः",
मित्र,पुं।,सूर्यः,,नाम,द्रव्यम्,तेजः,ग्रहः,,,,"सूर,सूर्य,अर्यमन्,आदित्य,द्वादशात्मन्,दिवाकर,भास्कर,अहस्कर,ब्रध्न,प्रभाकर,विभाकर,भास्वत्,विवस्वत्,सप्ताश्व,हरिदश्व,उष्णरश्मि,विकर्तन,अर्क,मार्तण्ड,मिहिर,अरुण,पूषन्,द्युमणि,तरणि,मित्र,चित्रभानु,विरोचन,विभावसु,ग्रहपति,त्विषाम्पति,अहर्पति,भानु,हंस,सहस्रांशु,तपन,सवितृ,रवि,पद्माक्ष,तेजसांराशि,छायानाथ,तमिस्रहन्,कर्मसाक्षिन्,जगच्चक्षुस्,लोकबन्धु,त्रयीतनु,प्रद्योतन,दिनमणि,खद्योत,लोकबान्धव,इन,भग,धामनिधि,अंशुमालिन्,अब्जिनीपति,चण्डांशु,क,खग,पतङ्ग,तमोनुद्,विश्वकर्मन्,अद्रि,हरि,हेलि,अवि,अंशु,तमोपह","किरणः,सूर्यपत्नी,सूर्यपार्श्वस्थः,प्रभा,सूर्यपार्श्वस्थः,सूर्यसारथिः",
चित्रभानु,पुं।,सूर्यः,,नाम,द्रव्यम्,तेजः,ग्रहः,,,,"सूर,सूर्य,अर्यमन्,आदित्य,द्वादशात्मन्,दिवाकर,भास्कर,अहस्कर,ब्रध्न,प्रभाकर,विभाकर,भास्वत्,विवस्वत्,सप्ताश्व,हरिदश्व,उष्णरश्मि,विकर्तन,अर्क,मार्तण्ड,मिहिर,अरुण,पूषन्,द्युमणि,तरणि,मित्र,चित्रभानु,विरोचन,विभावसु,ग्रहपति,त्विषाम्पति,अहर्पति,भानु,हंस,सहस्रांशु,तपन,सवितृ,रवि,पद्माक्ष,तेजसांराशि,छायानाथ,तमिस्रहन्,कर्मसाक्षिन्,जगच्चक्षुस्,लोकबन्धु,त्रयीतनु,प्रद्योतन,दिनमणि,खद्योत,लोकबान्धव,इन,भग,धामनिधि,अंशुमालिन्,अब्जिनीपति,चण्डांशु,क,खग,पतङ्ग,तमोनुद्,विश्वकर्मन्,अद्रि,हरि,हेलि,अवि,अंशु,तमोपह","किरणः,सूर्यपत्नी,सूर्यपार्श्वस्थः,प्रभा,सूर्यपार्श्वस्थः,सूर्यसारथिः",
विरोचन,पुं।,सूर्यः,,नाम,द्रव्यम्,तेजः,ग्रहः,,,,"सूर,सूर्य,अर्यमन्,आदित्य,द्वादशात्मन्,दिवाकर,भास्कर,अहस्कर,ब्रध्न,प्रभाकर,विभाकर,भास्वत्,विवस्वत्,सप्ताश्व,हरिदश्व,उष्णरश्मि,विकर्तन,अर्क,मार्तण्ड,मिहिर,अरुण,पूषन्,द्युमणि,तरणि,मित्र,चित्रभानु,विरोचन,विभावसु,ग्रहपति,त्विषाम्पति,अहर्पति,भानु,हंस,सहस्रांशु,तपन,सवितृ,रवि,पद्माक्ष,तेजसांराशि,छायानाथ,तमिस्रहन्,कर्मसाक्षिन्,जगच्चक्षुस्,लोकबन्धु,त्रयीतनु,प्रद्योतन,दिनमणि,खद्योत,लोकबान्धव,इन,भग,धामनिधि,अंशुमालिन्,अब्जिनीपति,चण्डांशु,क,खग,पतङ्ग,तमोनुद्,विश्वकर्मन्,अद्रि,हरि,हेलि,अवि,अंशु,तमोपह","किरणः,सूर्यपत्नी,सूर्यपार्श्वस्थः,प्रभा,सूर्यपार्श्वस्थः,सूर्यसारथिः",
विभावसु,पुं।,सूर्यः,,नाम,द्रव्यम्,तेजः,ग्रहः,,,,"सूर,सूर्य,अर्यमन्,आदित्य,द्वादशात्मन्,दिवाकर,भास्कर,अहस्कर,ब्रध्न,प्रभाकर,विभाकर,भास्वत्,विवस्वत्,सप्ताश्व,हरिदश्व,उष्णरश्मि,विकर्तन,अर्क,मार्तण्ड,मिहिर,अरुण,पूषन्,द्युमणि,तरणि,मित्र,चित्रभानु,विरोचन,विभावसु,ग्रहपति,त्विषाम्पति,अहर्पति,भानु,हंस,सहस्रांशु,तपन,सवितृ,रवि,पद्माक्ष,तेजसांराशि,छायानाथ,तमिस्रहन्,कर्मसाक्षिन्,जगच्चक्षुस्,लोकबन्धु,त्रयीतनु,प्रद्योतन,दिनमणि,खद्योत,लोकबान्धव,इन,भग,धामनिधि,अंशुमालिन्,अब्जिनीपति,चण्डांशु,क,खग,पतङ्ग,तमोनुद्,विश्वकर्मन्,अद्रि,हरि,हेलि,अवि,अंशु,तमोपह","किरणः,सूर्यपत्नी,सूर्यपार्श्वस्थः,प्रभा,सूर्यपार्श्वस्थः,सूर्यसारथिः",
ग्रहपति,पुं।,सूर्यः,,नाम,द्रव्यम्,तेजः,ग्रहः,,,,"सूर,सूर्य,अर्यमन्,आदित्य,द्वादशात्मन्,दिवाकर,भास्कर,अहस्कर,ब्रध्न,प्रभाकर,विभाकर,भास्वत्,विवस्वत्,सप्ताश्व,हरिदश्व,उष्णरश्मि,विकर्तन,अर्क,मार्तण्ड,मिहिर,अरुण,पूषन्,द्युमणि,तरणि,मित्र,चित्रभानु,विरोचन,विभावसु,ग्रहपति,त्विषाम्पति,अहर्पति,भानु,हंस,सहस्रांशु,तपन,सवितृ,रवि,पद्माक्ष,तेजसांराशि,छायानाथ,तमिस्रहन्,कर्मसाक्षिन्,जगच्चक्षुस्,लोकबन्धु,त्रयीतनु,प्रद्योतन,दिनमणि,खद्योत,लोकबान्धव,इन,भग,धामनिधि,अंशुमालिन्,अब्जिनीपति,चण्डांशु,क,खग,पतङ्ग,तमोनुद्,विश्वकर्मन्,अद्रि,हरि,हेलि,अवि,अंशु,तमोपह","किरणः,सूर्यपत्नी,सूर्यपार्श्वस्थः,प्रभा,सूर्यपार्श्वस्थः,सूर्यसारथिः",
त्विषाम्पति,पुं।,सूर्यः,,नाम,द्रव्यम्,तेजः,ग्रहः,,,,"सूर,सूर्य,अर्यमन्,आदित्य,द्वादशात्मन्,दिवाकर,भास्कर,अहस्कर,ब्रध्न,प्रभाकर,विभाकर,भास्वत्,विवस्वत्,सप्ताश्व,हरिदश्व,उष्णरश्मि,विकर्तन,अर्क,मार्तण्ड,मिहिर,अरुण,पूषन्,द्युमणि,तरणि,मित्र,चित्रभानु,विरोचन,विभावसु,ग्रहपति,त्विषाम्पति,अहर्पति,भानु,हंस,सहस्रांशु,तपन,सवितृ,रवि,पद्माक्ष,तेजसांराशि,छायानाथ,तमिस्रहन्,कर्मसाक्षिन्,जगच्चक्षुस्,लोकबन्धु,त्रयीतनु,प्रद्योतन,दिनमणि,खद्योत,लोकबान्धव,इन,भग,धामनिधि,अंशुमालिन्,अब्जिनीपति,चण्डांशु,क,खग,पतङ्ग,तमोनुद्,विश्वकर्मन्,अद्रि,हरि,हेलि,अवि,अंशु,तमोपह","किरणः,सूर्यपत्नी,सूर्यपार्श्वस्थः,प्रभा,सूर्यपार्श्वस्थः,सूर्यसारथिः",
अहर्पति,पुं।,सूर्यः,,नाम,द्रव्यम्,तेजः,ग्रहः,,,,"सूर,सूर्य,अर्यमन्,आदित्य,द्वादशात्मन्,दिवाकर,भास्कर,अहस्कर,ब्रध्न,प्रभाकर,विभाकर,भास्वत्,विवस्वत्,सप्ताश्व,हरिदश्व,उष्णरश्मि,विकर्तन,अर्क,मार्तण्ड,मिहिर,अरुण,पूषन्,द्युमणि,तरणि,मित्र,चित्रभानु,विरोचन,विभावसु,ग्रहपति,त्विषाम्पति,अहर्पति,भानु,हंस,सहस्रांशु,तपन,सवितृ,रवि,पद्माक्ष,तेजसांराशि,छायानाथ,तमिस्रहन्,कर्मसाक्षिन्,जगच्चक्षुस्,लोकबन्धु,त्रयीतनु,प्रद्योतन,दिनमणि,खद्योत,लोकबान्धव,इन,भग,धामनिधि,अंशुमालिन्,अब्जिनीपति,चण्डांशु,क,खग,पतङ्ग,तमोनुद्,विश्वकर्मन्,अद्रि,हरि,हेलि,अवि,अंशु,तमोपह","किरणः,सूर्यपत्नी,सूर्यपार्श्वस्थः,प्रभा,सूर्यपार्श्वस्थः,सूर्यसारथिः",
भानु,पुं।,सूर्यः,,नाम,द्रव्यम्,तेजः,ग्रहः,,,,"सूर,सूर्य,अर्यमन्,आदित्य,द्वादशात्मन्,दिवाकर,भास्कर,अहस्कर,ब्रध्न,प्रभाकर,विभाकर,भास्वत्,विवस्वत्,सप्ताश्व,हरिदश्व,उष्णरश्मि,विकर्तन,अर्क,मार्तण्ड,मिहिर,अरुण,पूषन्,द्युमणि,तरणि,मित्र,चित्रभानु,विरोचन,विभावसु,ग्रहपति,त्विषाम्पति,अहर्पति,भानु,हंस,सहस्रांशु,तपन,सवितृ,रवि,पद्माक्ष,तेजसांराशि,छायानाथ,तमिस्रहन्,कर्मसाक्षिन्,जगच्चक्षुस्,लोकबन्धु,त्रयीतनु,प्रद्योतन,दिनमणि,खद्योत,लोकबान्धव,इन,भग,धामनिधि,अंशुमालिन्,अब्जिनीपति,चण्डांशु,क,खग,पतङ्ग,तमोनुद्,विश्वकर्मन्,अद्रि,हरि,हेलि,अवि,अंशु,तमोपह","किरणः,सूर्यपत्नी,सूर्यपार्श्वस्थः,प्रभा,सूर्यपार्श्वस्थः,सूर्यसारथिः",
हंस,पुं।,सूर्यः,,नाम,द्रव्यम्,तेजः,ग्रहः,,,,"सूर,सूर्य,अर्यमन्,आदित्य,द्वादशात्मन्,दिवाकर,भास्कर,अहस्कर,ब्रध्न,प्रभाकर,विभाकर,भास्वत्,विवस्वत्,सप्ताश्व,हरिदश्व,उष्णरश्मि,विकर्तन,अर्क,मार्तण्ड,मिहिर,अरुण,पूषन्,द्युमणि,तरणि,मित्र,चित्रभानु,विरोचन,विभावसु,ग्रहपति,त्विषाम्पति,अहर्पति,भानु,हंस,सहस्रांशु,तपन,सवितृ,रवि,पद्माक्ष,तेजसांराशि,छायानाथ,तमिस्रहन्,कर्मसाक्षिन्,जगच्चक्षुस्,लोकबन्धु,त्रयीतनु,प्रद्योतन,दिनमणि,खद्योत,लोकबान्धव,इन,भग,धामनिधि,अंशुमालिन्,अब्जिनीपति,चण्डांशु,क,खग,पतङ्ग,तमोनुद्,विश्वकर्मन्,अद्रि,हरि,हेलि,अवि,अंशु,तमोपह","किरणः,सूर्यपत्नी,सूर्यपार्श्वस्थः,प्रभा,सूर्यपार्श्वस्थः,सूर्यसारथिः",
सहस्रांशु,पुं।,सूर्यः,,नाम,द्रव्यम्,तेजः,ग्रहः,,,,"सूर,सूर्य,अर्यमन्,आदित्य,द्वादशात्मन्,दिवाकर,भास्कर,अहस्कर,ब्रध्न,प्रभाकर,विभाकर,भास्वत्,विवस्वत्,सप्ताश्व,हरिदश्व,उष्णरश्मि,विकर्तन,अर्क,मार्तण्ड,मिहिर,अरुण,पूषन्,द्युमणि,तरणि,मित्र,चित्रभानु,विरोचन,विभावसु,ग्रहपति,त्विषाम्पति,अहर्पति,भानु,हंस,सहस्रांशु,तपन,सवितृ,रवि,पद्माक्ष,तेजसांराशि,छायानाथ,तमिस्रहन्,कर्मसाक्षिन्,जगच्चक्षुस्,लोकबन्धु,त्रयीतनु,प्रद्योतन,दिनमणि,खद्योत,लोकबान्धव,इन,भग,धामनिधि,अंशुमालिन्,अब्जिनीपति,चण्डांशु,क,खग,पतङ्ग,तमोनुद्,विश्वकर्मन्,अद्रि,हरि,हेलि,अवि,अंशु,तमोपह","किरणः,सूर्यपत्नी,सूर्यपार्श्वस्थः,प्रभा,सूर्यपार्श्वस्थः,सूर्यसारथिः",
तपन,पुं।,सूर्यः,,नाम,द्रव्यम्,तेजः,ग्रहः,,,,"सूर,सूर्य,अर्यमन्,आदित्य,द्वादशात्मन्,दिवाकर,भास्कर,अहस्कर,ब्रध्न,प्रभाकर,विभाकर,भास्वत्,विवस्वत्,सप्ताश्व,हरिदश्व,उष्णरश्मि,विकर्तन,अर्क,मार्तण्ड,मिहिर,अरुण,पूषन्,द्युमणि,तरणि,मित्र,चित्रभानु,विरोचन,विभावसु,ग्रहपति,त्विषाम्पति,अहर्पति,भानु,हंस,सहस्रांशु,तपन,सवितृ,रवि,पद्माक्ष,तेजसांराशि,छायानाथ,तमिस्रहन्,कर्मसाक्षिन्,जगच्चक्षुस्,लोकबन्धु,त्रयीतनु,प्रद्योतन,दिनमणि,खद्योत,लोकबान्धव,इन,भग,धामनिधि,अंशुमालिन्,अब्जिनीपति,चण्डांशु,क,खग,पतङ्ग,तमोनुद्,विश्वकर्मन्,अद्रि,हरि,हेलि,अवि,अंशु,तमोपह","किरणः,सूर्यपत्नी,सूर्यपार्श्वस्थः,प्रभा,सूर्यपार्श्वस्थः,सूर्यसारथिः",
सवितृ,पुं।,सूर्यः,,नाम,द्रव्यम्,तेजः,ग्रहः,,,,"सूर,सूर्य,अर्यमन्,आदित्य,द्वादशात्मन्,दिवाकर,भास्कर,अहस्कर,ब्रध्न,प्रभाकर,विभाकर,भास्वत्,विवस्वत्,सप्ताश्व,हरिदश्व,उष्णरश्मि,विकर्तन,अर्क,मार्तण्ड,मिहिर,अरुण,पूषन्,द्युमणि,तरणि,मित्र,चित्रभानु,विरोचन,विभावसु,ग्रहपति,त्विषाम्पति,अहर्पति,भानु,हंस,सहस्रांशु,तपन,सवितृ,रवि,पद्माक्ष,तेजसांराशि,छायानाथ,तमिस्रहन्,कर्मसाक्षिन्,जगच्चक्षुस्,लोकबन्धु,त्रयीतनु,प्रद्योतन,दिनमणि,खद्योत,लोकबान्धव,इन,भग,धामनिधि,अंशुमालिन्,अब्जिनीपति,चण्डांशु,क,खग,पतङ्ग,तमोनुद्,विश्वकर्मन्,अद्रि,हरि,हेलि,अवि,अंशु,तमोपह","किरणः,सूर्यपत्नी,सूर्यपार्श्वस्थः,प्रभा,सूर्यपार्श्वस्थः,सूर्यसारथिः",
रवि,पुं।,सूर्यः,,नाम,द्रव्यम्,तेजः,ग्रहः,,,,"सूर,सूर्य,अर्यमन्,आदित्य,द्वादशात्मन्,दिवाकर,भास्कर,अहस्कर,ब्रध्न,प्रभाकर,विभाकर,भास्वत्,विवस्वत्,सप्ताश्व,हरिदश्व,उष्णरश्मि,विकर्तन,अर्क,मार्तण्ड,मिहिर,अरुण,पूषन्,द्युमणि,तरणि,मित्र,चित्रभानु,विरोचन,विभावसु,ग्रहपति,त्विषाम्पति,अहर्पति,भानु,हंस,सहस्रांशु,तपन,सवितृ,रवि,पद्माक्ष,तेजसांराशि,छायानाथ,तमिस्रहन्,कर्मसाक्षिन्,जगच्चक्षुस्,लोकबन्धु,त्रयीतनु,प्रद्योतन,दिनमणि,खद्योत,लोकबान्धव,इन,भग,धामनिधि,अंशुमालिन्,अब्जिनीपति,चण्डांशु,क,खग,पतङ्ग,तमोनुद्,विश्वकर्मन्,अद्रि,हरि,हेलि,अवि,अंशु,तमोपह","किरणः,सूर्यपत्नी,सूर्यपार्श्वस्थः,प्रभा,सूर्यपार्श्वस्थः,सूर्यसारथिः",
पद्माक्ष,पुं।,सूर्यः,,नाम,द्रव्यम्,तेजः,ग्रहः,,,,"सूर,सूर्य,अर्यमन्,आदित्य,द्वादशात्मन्,दिवाकर,भास्कर,अहस्कर,ब्रध्न,प्रभाकर,विभाकर,भास्वत्,विवस्वत्,सप्ताश्व,हरिदश्व,उष्णरश्मि,विकर्तन,अर्क,मार्तण्ड,मिहिर,अरुण,पूषन्,द्युमणि,तरणि,मित्र,चित्रभानु,विरोचन,विभावसु,ग्रहपति,त्विषाम्पति,अहर्पति,भानु,हंस,सहस्रांशु,तपन,सवितृ,रवि,पद्माक्ष,तेजसांराशि,छायानाथ,तमिस्रहन्,कर्मसाक्षिन्,जगच्चक्षुस्,लोकबन्धु,त्रयीतनु,प्रद्योतन,दिनमणि,खद्योत,लोकबान्धव,इन,भग,धामनिधि,अंशुमालिन्,अब्जिनीपति,चण्डांशु,क,खग,पतङ्ग,तमोनुद्,विश्वकर्मन्,अद्रि,हरि,हेलि,अवि,अंशु,तमोपह","किरणः,सूर्यपत्नी,सूर्यपार्श्वस्थः,प्रभा,सूर्यपार्श्वस्थः,सूर्यसारथिः",
तेजसांराशि,पुं।,सूर्यः,,नाम,द्रव्यम्,तेजः,ग्रहः,,,,"सूर,सूर्य,अर्यमन्,आदित्य,द्वादशात्मन्,दिवाकर,भास्कर,अहस्कर,ब्रध्न,प्रभाकर,विभाकर,भास्वत्,विवस्वत्,सप्ताश्व,हरिदश्व,उष्णरश्मि,विकर्तन,अर्क,मार्तण्ड,मिहिर,अरुण,पूषन्,द्युमणि,तरणि,मित्र,चित्रभानु,विरोचन,विभावसु,ग्रहपति,त्विषाम्पति,अहर्पति,भानु,हंस,सहस्रांशु,तपन,सवितृ,रवि,पद्माक्ष,तेजसांराशि,छायानाथ,तमिस्रहन्,कर्मसाक्षिन्,जगच्चक्षुस्,लोकबन्धु,त्रयीतनु,प्रद्योतन,दिनमणि,खद्योत,लोकबान्धव,इन,भग,धामनिधि,अंशुमालिन्,अब्जिनीपति,चण्डांशु,क,खग,पतङ्ग,तमोनुद्,विश्वकर्मन्,अद्रि,हरि,हेलि,अवि,अंशु,तमोपह","किरणः,सूर्यपत्नी,सूर्यपार्श्वस्थः,प्रभा,सूर्यपार्श्वस्थः,सूर्यसारथिः",
छायानाथ,पुं।,सूर्यः,,नाम,द्रव्यम्,तेजः,ग्रहः,,,,"सूर,सूर्य,अर्यमन्,आदित्य,द्वादशात्मन्,दिवाकर,भास्कर,अहस्कर,ब्रध्न,प्रभाकर,विभाकर,भास्वत्,विवस्वत्,सप्ताश्व,हरिदश्व,उष्णरश्मि,विकर्तन,अर्क,मार्तण्ड,मिहिर,अरुण,पूषन्,द्युमणि,तरणि,मित्र,चित्रभानु,विरोचन,विभावसु,ग्रहपति,त्विषाम्पति,अहर्पति,भानु,हंस,सहस्रांशु,तपन,सवितृ,रवि,पद्माक्ष,तेजसांराशि,छायानाथ,तमिस्रहन्,कर्मसाक्षिन्,जगच्चक्षुस्,लोकबन्धु,त्रयीतनु,प्रद्योतन,दिनमणि,खद्योत,लोकबान्धव,इन,भग,धामनिधि,अंशुमालिन्,अब्जिनीपति,चण्डांशु,क,खग,पतङ्ग,तमोनुद्,विश्वकर्मन्,अद्रि,हरि,हेलि,अवि,अंशु,तमोपह","किरणः,सूर्यपत्नी,सूर्यपार्श्वस्थः,प्रभा,सूर्यपार्श्वस्थः,सूर्यसारथिः",
तमिस्रहन्,पुं।,सूर्यः,,नाम,द्रव्यम्,तेजः,ग्रहः,,,,"सूर,सूर्य,अर्यमन्,आदित्य,द्वादशात्मन्,दिवाकर,भास्कर,अहस्कर,ब्रध्न,प्रभाकर,विभाकर,भास्वत्,विवस्वत्,सप्ताश्व,हरिदश्व,उष्णरश्मि,विकर्तन,अर्क,मार्तण्ड,मिहिर,अरुण,पूषन्,द्युमणि,तरणि,मित्र,चित्रभानु,विरोचन,विभावसु,ग्रहपति,त्विषाम्पति,अहर्पति,भानु,हंस,सहस्रांशु,तपन,सवितृ,रवि,पद्माक्ष,तेजसांराशि,छायानाथ,तमिस्रहन्,कर्मसाक्षिन्,जगच्चक्षुस्,लोकबन्धु,त्रयीतनु,प्रद्योतन,दिनमणि,खद्योत,लोकबान्धव,इन,भग,धामनिधि,अंशुमालिन्,अब्जिनीपति,चण्डांशु,क,खग,पतङ्ग,तमोनुद्,विश्वकर्मन्,अद्रि,हरि,हेलि,अवि,अंशु,तमोपह","किरणः,सूर्यपत्नी,सूर्यपार्श्वस्थः,प्रभा,सूर्यपार्श्वस्थः,सूर्यसारथिः",
कर्मसाक्षिन्,पुं।,सूर्यः,,नाम,द्रव्यम्,तेजः,ग्रहः,,,,"सूर,सूर्य,अर्यमन्,आदित्य,द्वादशात्मन्,दिवाकर,भास्कर,अहस्कर,ब्रध्न,प्रभाकर,विभाकर,भास्वत्,विवस्वत्,सप्ताश्व,हरिदश्व,उष्णरश्मि,विकर्तन,अर्क,मार्तण्ड,मिहिर,अरुण,पूषन्,द्युमणि,तरणि,मित्र,चित्रभानु,विरोचन,विभावसु,ग्रहपति,त्विषाम्पति,अहर्पति,भानु,हंस,सहस्रांशु,तपन,सवितृ,रवि,पद्माक्ष,तेजसांराशि,छायानाथ,तमिस्रहन्,कर्मसाक्षिन्,जगच्चक्षुस्,लोकबन्धु,त्रयीतनु,प्रद्योतन,दिनमणि,खद्योत,लोकबान्धव,इन,भग,धामनिधि,अंशुमालिन्,अब्जिनीपति,चण्डांशु,क,खग,पतङ्ग,तमोनुद्,विश्वकर्मन्,अद्रि,हरि,हेलि,अवि,अंशु,तमोपह","किरणः,सूर्यपत्नी,सूर्यपार्श्वस्थः,प्रभा,सूर्यपार्श्वस्थः,सूर्यसारथिः",
जगच्चक्षुस्,पुं।,सूर्यः,,नाम,द्रव्यम्,तेजः,ग्रहः,,,,"सूर,सूर्य,अर्यमन्,आदित्य,द्वादशात्मन्,दिवाकर,भास्कर,अहस्कर,ब्रध्न,प्रभाकर,विभाकर,भास्वत्,विवस्वत्,सप्ताश्व,हरिदश्व,उष्णरश्मि,विकर्तन,अर्क,मार्तण्ड,मिहिर,अरुण,पूषन्,द्युमणि,तरणि,मित्र,चित्रभानु,विरोचन,विभावसु,ग्रहपति,त्विषाम्पति,अहर्पति,भानु,हंस,सहस्रांशु,तपन,सवितृ,रवि,पद्माक्ष,तेजसांराशि,छायानाथ,तमिस्रहन्,कर्मसाक्षिन्,जगच्चक्षुस्,लोकबन्धु,त्रयीतनु,प्रद्योतन,दिनमणि,खद्योत,लोकबान्धव,इन,भग,धामनिधि,अंशुमालिन्,अब्जिनीपति,चण्डांशु,क,खग,पतङ्ग,तमोनुद्,विश्वकर्मन्,अद्रि,हरि,हेलि,अवि,अंशु,तमोपह","किरणः,सूर्यपत्नी,सूर्यपार्श्वस्थः,प्रभा,सूर्यपार्श्वस्थः,सूर्यसारथिः",
लोकबन्धु,पुं।,सूर्यः,,नाम,द्रव्यम्,तेजः,ग्रहः,,,,"सूर,सूर्य,अर्यमन्,आदित्य,द्वादशात्मन्,दिवाकर,भास्कर,अहस्कर,ब्रध्न,प्रभाकर,विभाकर,भास्वत्,विवस्वत्,सप्ताश्व,हरिदश्व,उष्णरश्मि,विकर्तन,अर्क,मार्तण्ड,मिहिर,अरुण,पूषन्,द्युमणि,तरणि,मित्र,चित्रभानु,विरोचन,विभावसु,ग्रहपति,त्विषाम्पति,अहर्पति,भानु,हंस,सहस्रांशु,तपन,सवितृ,रवि,पद्माक्ष,तेजसांराशि,छायानाथ,तमिस्रहन्,कर्मसाक्षिन्,जगच्चक्षुस्,लोकबन्धु,त्रयीतनु,प्रद्योतन,दिनमणि,खद्योत,लोकबान्धव,इन,भग,धामनिधि,अंशुमालिन्,अब्जिनीपति,चण्डांशु,क,खग,पतङ्ग,तमोनुद्,विश्वकर्मन्,अद्रि,हरि,हेलि,अवि,अंशु,तमोपह","किरणः,सूर्यपत्नी,सूर्यपार्श्वस्थः,प्रभा,सूर्यपार्श्वस्थः,सूर्यसारथिः",
त्रयीतनु,पुं।,सूर्यः,,नाम,द्रव्यम्,तेजः,ग्रहः,,,,"सूर,सूर्य,अर्यमन्,आदित्य,द्वादशात्मन्,दिवाकर,भास्कर,अहस्कर,ब्रध्न,प्रभाकर,विभाकर,भास्वत्,विवस्वत्,सप्ताश्व,हरिदश्व,उष्णरश्मि,विकर्तन,अर्क,मार्तण्ड,मिहिर,अरुण,पूषन्,द्युमणि,तरणि,मित्र,चित्रभानु,विरोचन,विभावसु,ग्रहपति,त्विषाम्पति,अहर्पति,भानु,हंस,सहस्रांशु,तपन,सवितृ,रवि,पद्माक्ष,तेजसांराशि,छायानाथ,तमिस्रहन्,कर्मसाक्षिन्,जगच्चक्षुस्,लोकबन्धु,त्रयीतनु,प्रद्योतन,दिनमणि,खद्योत,लोकबान्धव,इन,भग,धामनिधि,अंशुमालिन्,अब्जिनीपति,चण्डांशु,क,खग,पतङ्ग,तमोनुद्,विश्वकर्मन्,अद्रि,हरि,हेलि,अवि,अंशु,तमोपह","किरणः,सूर्यपत्नी,सूर्यपार्श्वस्थः,प्रभा,सूर्यपार्श्वस्थः,सूर्यसारथिः",
प्रद्योतन,पुं।,सूर्यः,,नाम,द्रव्यम्,तेजः,ग्रहः,,,,"सूर,सूर्य,अर्यमन्,आदित्य,द्वादशात्मन्,दिवाकर,भास्कर,अहस्कर,ब्रध्न,प्रभाकर,विभाकर,भास्वत्,विवस्वत्,सप्ताश्व,हरिदश्व,उष्णरश्मि,विकर्तन,अर्क,मार्तण्ड,मिहिर,अरुण,पूषन्,द्युमणि,तरणि,मित्र,चित्रभानु,विरोचन,विभावसु,ग्रहपति,त्विषाम्पति,अहर्पति,भानु,हंस,सहस्रांशु,तपन,सवितृ,रवि,पद्माक्ष,तेजसांराशि,छायानाथ,तमिस्रहन्,कर्मसाक्षिन्,जगच्चक्षुस्,लोकबन्धु,त्रयीतनु,प्रद्योतन,दिनमणि,खद्योत,लोकबान्धव,इन,भग,धामनिधि,अंशुमालिन्,अब्जिनीपति,चण्डांशु,क,खग,पतङ्ग,तमोनुद्,विश्वकर्मन्,अद्रि,हरि,हेलि,अवि,अंशु,तमोपह","किरणः,सूर्यपत्नी,सूर्यपार्श्वस्थः,प्रभा,सूर्यपार्श्वस्थः,सूर्यसारथिः",
दिनमणि,पुं।,सूर्यः,,नाम,द्रव्यम्,तेजः,ग्रहः,,,,"सूर,सूर्य,अर्यमन्,आदित्य,द्वादशात्मन्,दिवाकर,भास्कर,अहस्कर,ब्रध्न,प्रभाकर,विभाकर,भास्वत्,विवस्वत्,सप्ताश्व,हरिदश्व,उष्णरश्मि,विकर्तन,अर्क,मार्तण्ड,मिहिर,अरुण,पूषन्,द्युमणि,तरणि,मित्र,चित्रभानु,विरोचन,विभावसु,ग्रहपति,त्विषाम्पति,अहर्पति,भानु,हंस,सहस्रांशु,तपन,सवितृ,रवि,पद्माक्ष,तेजसांराशि,छायानाथ,तमिस्रहन्,कर्मसाक्षिन्,जगच्चक्षुस्,लोकबन्धु,त्रयीतनु,प्रद्योतन,दिनमणि,खद्योत,लोकबान्धव,इन,भग,धामनिधि,अंशुमालिन्,अब्जिनीपति,चण्डांशु,क,खग,पतङ्ग,तमोनुद्,विश्वकर्मन्,अद्रि,हरि,हेलि,अवि,अंशु,तमोपह","किरणः,सूर्यपत्नी,सूर्यपार्श्वस्थः,प्रभा,सूर्यपार्श्वस्थः,सूर्यसारथिः",
खद्योत,पुं।,सूर्यः,,नाम,द्रव्यम्,तेजः,ग्रहः,,,,"सूर,सूर्य,अर्यमन्,आदित्य,द्वादशात्मन्,दिवाकर,भास्कर,अहस्कर,ब्रध्न,प्रभाकर,विभाकर,भास्वत्,विवस्वत्,सप्ताश्व,हरिदश्व,उष्णरश्मि,विकर्तन,अर्क,मार्तण्ड,मिहिर,अरुण,पूषन्,द्युमणि,तरणि,मित्र,चित्रभानु,विरोचन,विभावसु,ग्रहपति,त्विषाम्पति,अहर्पति,भानु,हंस,सहस्रांशु,तपन,सवितृ,रवि,पद्माक्ष,तेजसांराशि,छायानाथ,तमिस्रहन्,कर्मसाक्षिन्,जगच्चक्षुस्,लोकबन्धु,त्रयीतनु,प्रद्योतन,दिनमणि,खद्योत,लोकबान्धव,इन,भग,धामनिधि,अंशुमालिन्,अब्जिनीपति,चण्डांशु,क,खग,पतङ्ग,तमोनुद्,विश्वकर्मन्,अद्रि,हरि,हेलि,अवि,अंशु,तमोपह","किरणः,सूर्यपत्नी,सूर्यपार्श्वस्थः,प्रभा,सूर्यपार्श्वस्थः,सूर्यसारथिः",
लोकबान्धव,पुं।,सूर्यः,,नाम,द्रव्यम्,तेजः,ग्रहः,,,,"सूर,सूर्य,अर्यमन्,आदित्य,द्वादशात्मन्,दिवाकर,भास्कर,अहस्कर,ब्रध्न,प्रभाकर,विभाकर,भास्वत्,विवस्वत्,सप्ताश्व,हरिदश्व,उष्णरश्मि,विकर्तन,अर्क,मार्तण्ड,मिहिर,अरुण,पूषन्,द्युमणि,तरणि,मित्र,चित्रभानु,विरोचन,विभावसु,ग्रहपति,त्विषाम्पति,अहर्पति,भानु,हंस,सहस्रांशु,तपन,सवितृ,रवि,पद्माक्ष,तेजसांराशि,छायानाथ,तमिस्रहन्,कर्मसाक्षिन्,जगच्चक्षुस्,लोकबन्धु,त्रयीतनु,प्रद्योतन,दिनमणि,खद्योत,लोकबान्धव,इन,भग,धामनिधि,अंशुमालिन्,अब्जिनीपति,चण्डांशु,क,खग,पतङ्ग,तमोनुद्,विश्वकर्मन्,अद्रि,हरि,हेलि,अवि,अंशु,तमोपह","किरणः,सूर्यपत्नी,सूर्यपार्श्वस्थः,प्रभा,सूर्यपार्श्वस्थः,सूर्यसारथिः",
इन,पुं।,सूर्यः,,नाम,द्रव्यम्,तेजः,ग्रहः,,,,"सूर,सूर्य,अर्यमन्,आदित्य,द्वादशात्मन्,दिवाकर,भास्कर,अहस्कर,ब्रध्न,प्रभाकर,विभाकर,भास्वत्,विवस्वत्,सप्ताश्व,हरिदश्व,उष्णरश्मि,विकर्तन,अर्क,मार्तण्ड,मिहिर,अरुण,पूषन्,द्युमणि,तरणि,मित्र,चित्रभानु,विरोचन,विभावसु,ग्रहपति,त्विषाम्पति,अहर्पति,भानु,हंस,सहस्रांशु,तपन,सवितृ,रवि,पद्माक्ष,तेजसांराशि,छायानाथ,तमिस्रहन्,कर्मसाक्षिन्,जगच्चक्षुस्,लोकबन्धु,त्रयीतनु,प्रद्योतन,दिनमणि,खद्योत,लोकबान्धव,इन,भग,धामनिधि,अंशुमालिन्,अब्जिनीपति,चण्डांशु,क,खग,पतङ्ग,तमोनुद्,विश्वकर्मन्,अद्रि,हरि,हेलि,अवि,अंशु,तमोपह","किरणः,सूर्यपत्नी,सूर्यपार्श्वस्थः,प्रभा,सूर्यपार्श्वस्थः,सूर्यसारथिः",
भग,पुं।,सूर्यः,,नाम,द्रव्यम्,तेजः,ग्रहः,,,,"सूर,सूर्य,अर्यमन्,आदित्य,द्वादशात्मन्,दिवाकर,भास्कर,अहस्कर,ब्रध्न,प्रभाकर,विभाकर,भास्वत्,विवस्वत्,सप्ताश्व,हरिदश्व,उष्णरश्मि,विकर्तन,अर्क,मार्तण्ड,मिहिर,अरुण,पूषन्,द्युमणि,तरणि,मित्र,चित्रभानु,विरोचन,विभावसु,ग्रहपति,त्विषाम्पति,अहर्पति,भानु,हंस,सहस्रांशु,तपन,सवितृ,रवि,पद्माक्ष,तेजसांराशि,छायानाथ,तमिस्रहन्,कर्मसाक्षिन्,जगच्चक्षुस्,लोकबन्धु,त्रयीतनु,प्रद्योतन,दिनमणि,खद्योत,लोकबान्धव,इन,भग,धामनिधि,अंशुमालिन्,अब्जिनीपति,चण्डांशु,क,खग,पतङ्ग,तमोनुद्,विश्वकर्मन्,अद्रि,हरि,हेलि,अवि,अंशु,तमोपह","किरणः,सूर्यपत्नी,सूर्यपार्श्वस्थः,प्रभा,सूर्यपार्श्वस्थः,सूर्यसारथिः",
धामनिधि,पुं।,सूर्यः,,नाम,द्रव्यम्,तेजः,ग्रहः,,,,"सूर,सूर्य,अर्यमन्,आदित्य,द्वादशात्मन्,दिवाकर,भास्कर,अहस्कर,ब्रध्न,प्रभाकर,विभाकर,भास्वत्,विवस्वत्,सप्ताश्व,हरिदश्व,उष्णरश्मि,विकर्तन,अर्क,मार्तण्ड,मिहिर,अरुण,पूषन्,द्युमणि,तरणि,मित्र,चित्रभानु,विरोचन,विभावसु,ग्रहपति,त्विषाम्पति,अहर्पति,भानु,हंस,सहस्रांशु,तपन,सवितृ,रवि,पद्माक्ष,तेजसांराशि,छायानाथ,तमिस्रहन्,कर्मसाक्षिन्,जगच्चक्षुस्,लोकबन्धु,त्रयीतनु,प्रद्योतन,दिनमणि,खद्योत,लोकबान्धव,इन,भग,धामनिधि,अंशुमालिन्,अब्जिनीपति,चण्डांशु,क,खग,पतङ्ग,तमोनुद्,विश्वकर्मन्,अद्रि,हरि,हेलि,अवि,अंशु,तमोपह","किरणः,सूर्यपत्नी,सूर्यपार्श्वस्थः,प्रभा,सूर्यपार्श्वस्थः,सूर्यसारथिः",
अंशुमालिन्,पुं।,सूर्यः,,नाम,द्रव्यम्,तेजः,ग्रहः,,,,"सूर,सूर्य,अर्यमन्,आदित्य,द्वादशात्मन्,दिवाकर,भास्कर,अहस्कर,ब्रध्न,प्रभाकर,विभाकर,भास्वत्,विवस्वत्,सप्ताश्व,हरिदश्व,उष्णरश्मि,विकर्तन,अर्क,मार्तण्ड,मिहिर,अरुण,पूषन्,द्युमणि,तरणि,मित्र,चित्रभानु,विरोचन,विभावसु,ग्रहपति,त्विषाम्पति,अहर्पति,भानु,हंस,सहस्रांशु,तपन,सवितृ,रवि,पद्माक्ष,तेजसांराशि,छायानाथ,तमिस्रहन्,कर्मसाक्षिन्,जगच्चक्षुस्,लोकबन्धु,त्रयीतनु,प्रद्योतन,दिनमणि,खद्योत,लोकबान्धव,इन,भग,धामनिधि,अंशुमालिन्,अब्जिनीपति,चण्डांशु,क,खग,पतङ्ग,तमोनुद्,विश्वकर्मन्,अद्रि,हरि,हेलि,अवि,अंशु,तमोपह","किरणः,सूर्यपत्नी,सूर्यपार्श्वस्थः,प्रभा,सूर्यपार्श्वस्थः,सूर्यसारथिः",
अब्जिनीपति,पुं।,सूर्यः,,नाम,द्रव्यम्,तेजः,ग्रहः,,,,"सूर,सूर्य,अर्यमन्,आदित्य,द्वादशात्मन्,दिवाकर,भास्कर,अहस्कर,ब्रध्न,प्रभाकर,विभाकर,भास्वत्,विवस्वत्,सप्ताश्व,हरिदश्व,उष्णरश्मि,विकर्तन,अर्क,मार्तण्ड,मिहिर,अरुण,पूषन्,द्युमणि,तरणि,मित्र,चित्रभानु,विरोचन,विभावसु,ग्रहपति,त्विषाम्पति,अहर्पति,भानु,हंस,सहस्रांशु,तपन,सवितृ,रवि,पद्माक्ष,तेजसांराशि,छायानाथ,तमिस्रहन्,कर्मसाक्षिन्,जगच्चक्षुस्,लोकबन्धु,त्रयीतनु,प्रद्योतन,दिनमणि,खद्योत,लोकबान्धव,इन,भग,धामनिधि,अंशुमालिन्,अब्जिनीपति,चण्डांशु,क,खग,पतङ्ग,तमोनुद्,विश्वकर्मन्,अद्रि,हरि,हेलि,अवि,अंशु,तमोपह","किरणः,सूर्यपत्नी,सूर्यपार्श्वस्थः,प्रभा,सूर्यपार्श्वस्थः,सूर्यसारथिः",
माठर,पुं।,सूर्यपार्श्वस्थः,,,द्रव्यम्,तेजः,नक्षत्रम्,,,,"माठर,पिङ्गल,दण्ड,पारिपार्श्वक","सूर्यः,सूर्यः",
पिङ्गल,पुं।,सूर्यपार्श्वस्थः,,,द्रव्यम्,तेजः,नक्षत्रम्,,,,"माठर,पिङ्गल,दण्ड,पारिपार्श्वक","सूर्यः,सूर्यः",
दण्ड,पुं।,सूर्यपार्श्वस्थः,,,द्रव्यम्,तेजः,नक्षत्रम्,,,,"माठर,पिङ्गल,दण्ड,पारिपार्श्वक","सूर्यः,सूर्यः",
चण्डांशु,पुं।,सूर्यः,,नाम,द्रव्यम्,तेजः,ग्रहः,,,,"सूर,सूर्य,अर्यमन्,आदित्य,द्वादशात्मन्,दिवाकर,भास्कर,अहस्कर,ब्रध्न,प्रभाकर,विभाकर,भास्वत्,विवस्वत्,सप्ताश्व,हरिदश्व,उष्णरश्मि,विकर्तन,अर्क,मार्तण्ड,मिहिर,अरुण,पूषन्,द्युमणि,तरणि,मित्र,चित्रभानु,विरोचन,विभावसु,ग्रहपति,त्विषाम्पति,अहर्पति,भानु,हंस,सहस्रांशु,तपन,सवितृ,रवि,पद्माक्ष,तेजसांराशि,छायानाथ,तमिस्रहन्,कर्मसाक्षिन्,जगच्चक्षुस्,लोकबन्धु,त्रयीतनु,प्रद्योतन,दिनमणि,खद्योत,लोकबान्धव,इन,भग,धामनिधि,अंशुमालिन्,अब्जिनीपति,चण्डांशु,क,खग,पतङ्ग,तमोनुद्,विश्वकर्मन्,अद्रि,हरि,हेलि,अवि,अंशु,तमोपह","किरणः,सूर्यपत्नी,सूर्यपार्श्वस्थः,प्रभा,सूर्यपार्श्वस्थः,सूर्यसारथिः",
पारिपार्श्वक,पुं।,सूर्यपार्श्वस्थः,,,द्रव्यम्,तेजः,नक्षत्रम्,,,,"माठर,पिङ्गल,दण्ड,पारिपार्श्वक","सूर्यः,सूर्यः",
सूरसूत,पुं।,सूर्यसारथिः,,नाम,द्रव्यम्,पृथ्वी,चलसजीवः,अलौकिकचेतनः,,,"सूरसूत,अरुण,अनूरु,काश्यपि,गरुडाग्रज",सूर्यः,
अरुण,पुं।,सूर्यसारथिः,,नाम,द्रव्यम्,पृथ्वी,चलसजीवः,अलौकिकचेतनः,,,"सूरसूत,अरुण,अनूरु,काश्यपि,गरुडाग्रज",सूर्यः,
अनूरु,पुं।,सूर्यसारथिः,,नाम,द्रव्यम्,पृथ्वी,चलसजीवः,अलौकिकचेतनः,,,"सूरसूत,अरुण,अनूरु,काश्यपि,गरुडाग्रज",सूर्यः,
काश्यपि,पुं।,सूर्यसारथिः,,नाम,द्रव्यम्,पृथ्वी,चलसजीवः,अलौकिकचेतनः,,,"सूरसूत,अरुण,अनूरु,काश्यपि,गरुडाग्रज",सूर्यः,
गरुडाग्रज,पुं।,सूर्यसारथिः,,नाम,द्रव्यम्,पृथ्वी,चलसजीवः,अलौकिकचेतनः,,,"सूरसूत,अरुण,अनूरु,काश्यपि,गरुडाग्रज",सूर्यः,
परिवेष,पुं।,चन्द्रसूर्ययोरुत्पातादिजातमण्डलः,,,गुणः,परिमाणः,,,,,"परिवेष,परिधि,उपसूर्यक,मण्डल",,
परिधि,पुं।,चन्द्रसूर्ययोरुत्पातादिजातमण्डलः,,,गुणः,परिमाणः,,,,,"परिवेष,परिधि,उपसूर्यक,मण्डल",,
उपसूर्यक,नपुं।,चन्द्रसूर्ययोरुत्पातादिजातमण्डलः,,,गुणः,परिमाणः,,,,,"परिवेष,परिधि,उपसूर्यक,मण्डल",,
मण्डल,नपुं।,चन्द्रसूर्ययोरुत्पातादिजातमण्डलः,,,गुणः,परिमाणः,,,,,"परिवेष,परिधि,उपसूर्यक,मण्डल",,
किरण,पुं।,किरणः,,,द्रव्यम्,तेजः,,,,,"किरण,अस्र,मयूख,अंशु,गभस्ति,घृणि,रश्मि,भानु,कर,मरीचि,दीधिति,शिखा,गो,रुचि,पाद,हायन,धामन्,हरि,अभीषु,वसु",,"ज्योत्स्ना,रवेरर्चिः"
अस्र,नपुं।,किरणः,,,द्रव्यम्,तेजः,,,,,"किरण,अस्र,मयूख,अंशु,गभस्ति,घृणि,रश्मि,भानु,कर,मरीचि,दीधिति,शिखा,गो,रुचि,पाद,हायन,धामन्,हरि,अभीषु,वसु",,"ज्योत्स्ना,रवेरर्चिः"
मयूख,पुं।,किरणः,,,द्रव्यम्,तेजः,,,,,"किरण,अस्र,मयूख,अंशु,गभस्ति,घृणि,रश्मि,भानु,कर,मरीचि,दीधिति,शिखा,गो,रुचि,पाद,हायन,धामन्,हरि,अभीषु,वसु",,"ज्योत्स्ना,रवेरर्चिः"
अंशु,पुं।,किरणः,,,द्रव्यम्,तेजः,,,,,"किरण,अस्र,मयूख,अंशु,गभस्ति,घृणि,रश्मि,भानु,कर,मरीचि,दीधिति,शिखा,गो,रुचि,पाद,हायन,धामन्,हरि,अभीषु,वसु",,"ज्योत्स्ना,रवेरर्चिः"
गभस्ति,पुं।,किरणः,,,द्रव्यम्,तेजः,,,,,"किरण,अस्र,मयूख,अंशु,गभस्ति,घृणि,रश्मि,भानु,कर,मरीचि,दीधिति,शिखा,गो,रुचि,पाद,हायन,धामन्,हरि,अभीषु,वसु",,"ज्योत्स्ना,रवेरर्चिः"
घृणि,पुं।,किरणः,,,द्रव्यम्,तेजः,,,,,"किरण,अस्र,मयूख,अंशु,गभस्ति,घृणि,रश्मि,भानु,कर,मरीचि,दीधिति,शिखा,गो,रुचि,पाद,हायन,धामन्,हरि,अभीषु,वसु",,"ज्योत्स्ना,रवेरर्चिः"
रश्मि,पुं।,किरणः,,,द्रव्यम्,तेजः,,,,,"किरण,अस्र,मयूख,अंशु,गभस्ति,घृणि,रश्मि,भानु,कर,मरीचि,दीधिति,शिखा,गो,रुचि,पाद,हायन,धामन्,हरि,अभीषु,वसु",,"ज्योत्स्ना,रवेरर्चिः"
भानु,पुं।,किरणः,,,द्रव्यम्,तेजः,,,,,"किरण,अस्र,मयूख,अंशु,गभस्ति,घृणि,रश्मि,भानु,कर,मरीचि,दीधिति,शिखा,गो,रुचि,पाद,हायन,धामन्,हरि,अभीषु,वसु",,"ज्योत्स्ना,रवेरर्चिः"
कर,पुं।,किरणः,,,द्रव्यम्,तेजः,,,,,"किरण,अस्र,मयूख,अंशु,गभस्ति,घृणि,रश्मि,भानु,कर,मरीचि,दीधिति,शिखा,गो,रुचि,पाद,हायन,धामन्,हरि,अभीषु,वसु",,"ज्योत्स्ना,रवेरर्चिः"
मरीचि,स्त्री-पुं।,किरणः,,,द्रव्यम्,तेजः,,,,,"किरण,अस्र,मयूख,अंशु,गभस्ति,घृणि,रश्मि,भानु,कर,मरीचि,दीधिति,शिखा,गो,रुचि,पाद,हायन,धामन्,हरि,अभीषु,वसु",,"ज्योत्स्ना,रवेरर्चिः"
दीधिति,स्त्री।,किरणः,,,द्रव्यम्,तेजः,,,,,"किरण,अस्र,मयूख,अंशु,गभस्ति,घृणि,रश्मि,भानु,कर,मरीचि,दीधिति,शिखा,गो,रुचि,पाद,हायन,धामन्,हरि,अभीषु,वसु",,"ज्योत्स्ना,रवेरर्चिः"
प्रभा,स्त्री।,प्रभा,,,द्रव्यम्,तेजः,,,,,"प्रभा,रुच्,रुचि,त्विष्,भा,भास्,छवि,द्युति,दीप्ति,रोचिस्,शोचिस्,वर्च,महस्,ओजस्,तेजस्",सूर्यः,"तडित्,किरणः,आतपः,ज्योत्स्ना"
रुच्,स्त्री।,प्रभा,,,द्रव्यम्,तेजः,,,,,"प्रभा,रुच्,रुचि,त्विष्,भा,भास्,छवि,द्युति,दीप्ति,रोचिस्,शोचिस्,वर्च,महस्,ओजस्,तेजस्",सूर्यः,"तडित्,किरणः,आतपः,ज्योत्स्ना"
रुचि,स्त्री।,प्रभा,,,द्रव्यम्,तेजः,,,,,"प्रभा,रुच्,रुचि,त्विष्,भा,भास्,छवि,द्युति,दीप्ति,रोचिस्,शोचिस्,वर्च,महस्,ओजस्,तेजस्",सूर्यः,"तडित्,किरणः,आतपः,ज्योत्स्ना"
त्विष्,स्त्री।,प्रभा,,,द्रव्यम्,तेजः,,,,,"प्रभा,रुच्,रुचि,त्विष्,भा,भास्,छवि,द्युति,दीप्ति,रोचिस्,शोचिस्,वर्च,महस्,ओजस्,तेजस्",सूर्यः,"तडित्,किरणः,आतपः,ज्योत्स्ना"
भा,स्त्री।,प्रभा,,,द्रव्यम्,तेजः,,,,,"प्रभा,रुच्,रुचि,त्विष्,भा,भास्,छवि,द्युति,दीप्ति,रोचिस्,शोचिस्,वर्च,महस्,ओजस्,तेजस्",सूर्यः,"तडित्,किरणः,आतपः,ज्योत्स्ना"
भास्,स्त्री।,प्रभा,,,द्रव्यम्,तेजः,,,,,"प्रभा,रुच्,रुचि,त्विष्,भा,भास्,छवि,द्युति,दीप्ति,रोचिस्,शोचिस्,वर्च,महस्,ओजस्,तेजस्",सूर्यः,"तडित्,किरणः,आतपः,ज्योत्स्ना"
छवि,स्त्री।,प्रभा,,,द्रव्यम्,तेजः,,,,,"प्रभा,रुच्,रुचि,त्विष्,भा,भास्,छवि,द्युति,दीप्ति,रोचिस्,शोचिस्,वर्च,महस्,ओजस्,तेजस्",सूर्यः,"तडित्,किरणः,आतपः,ज्योत्स्ना"
द्युति,स्त्री।,प्रभा,,,द्रव्यम्,तेजः,,,,,"प्रभा,रुच्,रुचि,त्विष्,भा,भास्,छवि,द्युति,दीप्ति,रोचिस्,शोचिस्,वर्च,महस्,ओजस्,तेजस्",सूर्यः,"तडित्,किरणः,आतपः,ज्योत्स्ना"
दीप्ति,स्त्री।,प्रभा,,,द्रव्यम्,तेजः,,,,,"प्रभा,रुच्,रुचि,त्विष्,भा,भास्,छवि,द्युति,दीप्ति,रोचिस्,शोचिस्,वर्च,महस्,ओजस्,तेजस्",सूर्यः,"तडित्,किरणः,आतपः,ज्योत्स्ना"
रोचिस्,नपुं।,प्रभा,,,द्रव्यम्,तेजः,,,,,"प्रभा,रुच्,रुचि,त्विष्,भा,भास्,छवि,द्युति,दीप्ति,रोचिस्,शोचिस्,वर्च,महस्,ओजस्,तेजस्",सूर्यः,"तडित्,किरणः,आतपः,ज्योत्स्ना"
शोचिस्,नपुं।,प्रभा,,,द्रव्यम्,तेजः,,,,,"प्रभा,रुच्,रुचि,त्विष्,भा,भास्,छवि,द्युति,दीप्ति,रोचिस्,शोचिस्,वर्च,महस्,ओजस्,तेजस्",सूर्यः,"तडित्,किरणः,आतपः,ज्योत्स्ना"
प्रकाश,पुं।,आतपः,,,द्रव्यम्,तेजः,,,,,"प्रकाश,द्योत,आतप",,
द्योत,पुं।,आतपः,,,द्रव्यम्,तेजः,,,,,"प्रकाश,द्योत,आतप",,
आतप,पुं।,आतपः,,,द्रव्यम्,तेजः,,,,,"प्रकाश,द्योत,आतप",,
कोष्ण,नपुं।,ईषदुष्णम्,,,द्रव्यम्,तेजः,,,,,"कोष्ण,कवोष्ण,मन्दोष्ण,कदुष्ण",,
कवोष्ण,नपुं।,ईषदुष्णम्,,,द्रव्यम्,तेजः,,,,,"कोष्ण,कवोष्ण,मन्दोष्ण,कदुष्ण",,
मन्दोष्ण,नपुं।,ईषदुष्णम्,,,द्रव्यम्,तेजः,,,,,"कोष्ण,कवोष्ण,मन्दोष्ण,कदुष्ण",,
कदुष्ण,नपुं।,ईषदुष्णम्,,,द्रव्यम्,तेजः,,,,,"कोष्ण,कवोष्ण,मन्दोष्ण,कदुष्ण",,
तिग्म,नपुं।,अत्युष्णम्,,,द्रव्यम्,तेजः,,,,,"तिग्म,तीक्ष्ण,खर",,
तीक्ष्ण,नपुं।,अत्युष्णम्,,,द्रव्यम्,तेजः,,,,,"तिग्म,तीक्ष्ण,खर",,
खर,पुं।,अत्युष्णम्,,,द्रव्यम्,तेजः,,,,,"तिग्म,तीक्ष्ण,खर",,
मृगतृष्णा,स्त्री।,मृगतृष्णा,,,गुणः,मानसिकभावः,,,,,"मृगतृष्णा,मरीचिका",,
मरीचिका,स्त्री।,मृगतृष्णा,,,गुणः,मानसिकभावः,,,,,"मृगतृष्णा,मरीचिका",,
काल,पुं।,समयः,,,द्रव्यम्,कालः,,,,,"काल,दिष्ट,अनेहा,समय,त्रुटि,वेला",अह्नोऽष्टमभागः,"दिवसः,तिथिः,सन्ध्या,दिवसः_पूर्वो_भागः,दिवसः_अन्त्यो_भागः,दिवसः_मध्यो_भागः,रात्रिः,रात्रिप्रारम्भः,रात्रिमध्यः,प्रहरः,अष्ठदशनिमेषाः,त्रिंशत्_काष्टाः,त्रिंशत्_कलाः,पञ्चदशदिनानि,पक्षद्वयौ,द्वौ_मासौ,त्रिभिरृतुभिः-षण्मासैः,द्वाभ्यामयनाभ्यां_नाम-द्वादशमासाः,एकसप्तति_देवयुगम्,अह्नोऽष्टमभागः,वर्तमानकालः,जीवावच्छिन्नकालः,षट्_क्षणकालः,त्रेतायुगम्,कृतयुगम्,कलियुगम्,द्वापरयुगम्,दीर्घकालः,कस्मिंश्चित्काले,अतीतकालः,प्रभातम्,तदानीम्,एकस्मिन्_काले,सर्वस्मिन्_काले,अस्मिन्काले"
दिष्ट,पुं।,समयः,,,द्रव्यम्,कालः,,,,,"काल,दिष्ट,अनेहा,समय,त्रुटि,वेला",अह्नोऽष्टमभागः,"दिवसः,तिथिः,सन्ध्या,दिवसः_पूर्वो_भागः,दिवसः_अन्त्यो_भागः,दिवसः_मध्यो_भागः,रात्रिः,रात्रिप्रारम्भः,रात्रिमध्यः,प्रहरः,अष्ठदशनिमेषाः,त्रिंशत्_काष्टाः,त्रिंशत्_कलाः,पञ्चदशदिनानि,पक्षद्वयौ,द्वौ_मासौ,त्रिभिरृतुभिः-षण्मासैः,द्वाभ्यामयनाभ्यां_नाम-द्वादशमासाः,एकसप्तति_देवयुगम्,अह्नोऽष्टमभागः,वर्तमानकालः,जीवावच्छिन्नकालः,षट्_क्षणकालः,त्रेतायुगम्,कृतयुगम्,कलियुगम्,द्वापरयुगम्,दीर्घकालः,कस्मिंश्चित्काले,अतीतकालः,प्रभातम्,तदानीम्,एकस्मिन्_काले,सर्वस्मिन्_काले,अस्मिन्काले"
अनेहा,पुं।,समयः,,,द्रव्यम्,कालः,,,,,"काल,दिष्ट,अनेहा,समय,त्रुटि,वेला",अह्नोऽष्टमभागः,"दिवसः,तिथिः,सन्ध्या,दिवसः_पूर्वो_भागः,दिवसः_अन्त्यो_भागः,दिवसः_मध्यो_भागः,रात्रिः,रात्रिप्रारम्भः,रात्रिमध्यः,प्रहरः,अष्ठदशनिमेषाः,त्रिंशत्_काष्टाः,त्रिंशत्_कलाः,पञ्चदशदिनानि,पक्षद्वयौ,द्वौ_मासौ,त्रिभिरृतुभिः-षण्मासैः,द्वाभ्यामयनाभ्यां_नाम-द्वादशमासाः,एकसप्तति_देवयुगम्,अह्नोऽष्टमभागः,वर्तमानकालः,जीवावच्छिन्नकालः,षट्_क्षणकालः,त्रेतायुगम्,कृतयुगम्,कलियुगम्,द्वापरयुगम्,दीर्घकालः,कस्मिंश्चित्काले,अतीतकालः,प्रभातम्,तदानीम्,एकस्मिन्_काले,सर्वस्मिन्_काले,अस्मिन्काले"
समय,पुं।,समयः,,,द्रव्यम्,कालः,,,,,"काल,दिष्ट,अनेहा,समय,त्रुटि,वेला",अह्नोऽष्टमभागः,"दिवसः,तिथिः,सन्ध्या,दिवसः_पूर्वो_भागः,दिवसः_अन्त्यो_भागः,दिवसः_मध्यो_भागः,रात्रिः,रात्रिप्रारम्भः,रात्रिमध्यः,प्रहरः,अष्ठदशनिमेषाः,त्रिंशत्_काष्टाः,त्रिंशत्_कलाः,पञ्चदशदिनानि,पक्षद्वयौ,द्वौ_मासौ,त्रिभिरृतुभिः-षण्मासैः,द्वाभ्यामयनाभ्यां_नाम-द्वादशमासाः,एकसप्तति_देवयुगम्,अह्नोऽष्टमभागः,वर्तमानकालः,जीवावच्छिन्नकालः,षट्_क्षणकालः,त्रेतायुगम्,कृतयुगम्,कलियुगम्,द्वापरयुगम्,दीर्घकालः,कस्मिंश्चित्काले,अतीतकालः,प्रभातम्,तदानीम्,एकस्मिन्_काले,सर्वस्मिन्_काले,अस्मिन्काले"
पक्षति,स्त्री।,प्रतिपत्तिथिः,,,द्रव्यम्,कालः,,,,,"पक्षति,प्रतिपत्",,
प्रतिपत्,स्त्री।,प्रतिपत्तिथिः,,,द्रव्यम्,कालः,,,,,"पक्षति,प्रतिपत्",,
तिथि,स्त्री-पुं।,तिथिः,,,द्रव्यम्,कालः,,,,,तिथि,,"प्रतिपत्तिथिः,पर्वसन्धिः,पक्षान्ततिथिः,पूर्णिमा,अमावासी,तिथिभेदः"
घस्र,पुं।,दिवसः,,,द्रव्यम्,कालः,,,,,"अहन्,घस्र,दिन,अहन्,दिवस,वासर,दिवा","समयः,प्रत्यूषः,दिनान्तः,सन्ध्या,दिवसः_पूर्वो_भागः,दिवसः_अन्त्यो_भागः,दिवसः_मध्यो_भागः,प्राह्णापराह्णमध्याह्नाः,रात्रिः","मेघाच्छन्नदिनम्,समरात्रिन्दिवकालः,अस्मिन्नहनि,पूर्वे_अह्नि,उत्तरे_अह्नि,अपरे_अह्नि,अधरे_अह्नि,अन्यस्मिन्_अह्नि,अन्यतरस्मिन्_अह्नि,इतरस्मिन्_अह्नि,उभयस्मिन्नह्नि,परे_अह्नि,अतीते_अह्नि,अनागते_अह्नि"
दिन,नपुं।,दिवसः,,,द्रव्यम्,कालः,,,,,"अहन्,घस्र,दिन,अहन्,दिवस,वासर,दिवा","समयः,प्रत्यूषः,दिनान्तः,सन्ध्या,दिवसः_पूर्वो_भागः,दिवसः_अन्त्यो_भागः,दिवसः_मध्यो_भागः,प्राह्णापराह्णमध्याह्नाः,रात्रिः","मेघाच्छन्नदिनम्,समरात्रिन्दिवकालः,अस्मिन्नहनि,पूर्वे_अह्नि,उत्तरे_अह्नि,अपरे_अह्नि,अधरे_अह्नि,अन्यस्मिन्_अह्नि,अन्यतरस्मिन्_अह्नि,इतरस्मिन्_अह्नि,उभयस्मिन्नह्नि,परे_अह्नि,अतीते_अह्नि,अनागते_अह्नि"
अहन्,नपुं।,दिवसः,,,द्रव्यम्,कालः,,,,,"अहन्,घस्र,दिन,अहन्,दिवस,वासर,दिवा","समयः,प्रत्यूषः,दिनान्तः,सन्ध्या,दिवसः_पूर्वो_भागः,दिवसः_अन्त्यो_भागः,दिवसः_मध्यो_भागः,प्राह्णापराह्णमध्याह्नाः,रात्रिः","मेघाच्छन्नदिनम्,समरात्रिन्दिवकालः,अस्मिन्नहनि,पूर्वे_अह्नि,उत्तरे_अह्नि,अपरे_अह्नि,अधरे_अह्नि,अन्यस्मिन्_अह्नि,अन्यतरस्मिन्_अह्नि,इतरस्मिन्_अह्नि,उभयस्मिन्नह्नि,परे_अह्नि,अतीते_अह्नि,अनागते_अह्नि"
दिवस,पुं-नपुं।,दिवसः,,,द्रव्यम्,कालः,,,,,"अहन्,घस्र,दिन,अहन्,दिवस,वासर,दिवा","समयः,प्रत्यूषः,दिनान्तः,सन्ध्या,दिवसः_पूर्वो_भागः,दिवसः_अन्त्यो_भागः,दिवसः_मध्यो_भागः,प्राह्णापराह्णमध्याह्नाः,रात्रिः","मेघाच्छन्नदिनम्,समरात्रिन्दिवकालः,अस्मिन्नहनि,पूर्वे_अह्नि,उत्तरे_अह्नि,अपरे_अह्नि,अधरे_अह्नि,अन्यस्मिन्_अह्नि,अन्यतरस्मिन्_अह्नि,इतरस्मिन्_अह्नि,उभयस्मिन्नह्नि,परे_अह्नि,अतीते_अह्नि,अनागते_अह्नि"
वासर,पुं-नपुं।,दिवसः,,,द्रव्यम्,कालः,,,,,"अहन्,घस्र,दिन,अहन्,दिवस,वासर,दिवा","समयः,प्रत्यूषः,दिनान्तः,सन्ध्या,दिवसः_पूर्वो_भागः,दिवसः_अन्त्यो_भागः,दिवसः_मध्यो_भागः,प्राह्णापराह्णमध्याह्नाः,रात्रिः","मेघाच्छन्नदिनम्,समरात्रिन्दिवकालः,अस्मिन्नहनि,पूर्वे_अह्नि,उत्तरे_अह्नि,अपरे_अह्नि,अधरे_अह्नि,अन्यस्मिन्_अह्नि,अन्यतरस्मिन्_अह्नि,इतरस्मिन्_अह्नि,उभयस्मिन्नह्नि,परे_अह्नि,अतीते_अह्नि,अनागते_अह्नि"
प्रत्यूष,पुं।,प्रत्यूषः,,,द्रव्यम्,कालः,,,,,"प्रत्यूष,अहर्मुख,कल्य,उषस्,प्रत्युषस्,व्युष्ट,विभात,गोसर्ग,प्रभात,उषा",,
अहर्मुख,नपुं।,प्रत्यूषः,,,द्रव्यम्,कालः,,,,,"प्रत्यूष,अहर्मुख,कल्य,उषस्,प्रत्युषस्,व्युष्ट,विभात,गोसर्ग,प्रभात,उषा",,
कल्य,नपुं।,प्रत्यूषः,,,द्रव्यम्,कालः,,,,,"प्रत्यूष,अहर्मुख,कल्य,उषस्,प्रत्युषस्,व्युष्ट,विभात,गोसर्ग,प्रभात,उषा",,
उषस्,नपुं।,प्रत्यूषः,,,द्रव्यम्,कालः,,,,,"प्रत्यूष,अहर्मुख,कल्य,उषस्,प्रत्युषस्,व्युष्ट,विभात,गोसर्ग,प्रभात,उषा",,
प्रत्युषस्,नपुं।,प्रत्यूषः,,,द्रव्यम्,कालः,,,,,"प्रत्यूष,अहर्मुख,कल्य,उषस्,प्रत्युषस्,व्युष्ट,विभात,गोसर्ग,प्रभात,उषा",,
व्युष्ट,नपुं।,प्रत्यूषः,,,द्रव्यम्,कालः,,,,,"प्रत्यूष,अहर्मुख,कल्य,उषस्,प्रत्युषस्,व्युष्ट,विभात,गोसर्ग,प्रभात,उषा",,
विभात,नपुं।,प्रत्यूषः,,,द्रव्यम्,कालः,,,,,"प्रत्यूष,अहर्मुख,कल्य,उषस्,प्रत्युषस्,व्युष्ट,विभात,गोसर्ग,प्रभात,उषा",,
गोसर्ग,पुं।,प्रत्यूषः,,,द्रव्यम्,कालः,,,,,"प्रत्यूष,अहर्मुख,कल्य,उषस्,प्रत्युषस्,व्युष्ट,विभात,गोसर्ग,प्रभात,उषा",,
प्रभात,नपुं।,प्रत्यूषः,,,द्रव्यम्,कालः,,,,,"प्रत्यूष,अहर्मुख,कल्य,उषस्,प्रत्युषस्,व्युष्ट,विभात,गोसर्ग,प्रभात,उषा",,
दिनान्त,पुं।,दिनान्तः,,,द्रव्यम्,कालः,,,,,"दिनान्त,सायम्,सायम्",,
सायम्,अव्य।,दिनान्तः,,,द्रव्यम्,कालः,,,,,"दिनान्त,सायम्,सायम्",,
सन्ध्या,स्त्री।,सन्ध्या,,,द्रव्यम्,कालः,,,,,"सन्ध्या,पितृप्रसू",,"प्रत्यूषः,दिनान्तः,प्राह्णापराह्णमध्याह्नाः"
पितृप्रसू,स्त्री।,सन्ध्या,,,द्रव्यम्,कालः,,,,,"सन्ध्या,पितृप्रसू",,"प्रत्यूषः,दिनान्तः,प्राह्णापराह्णमध्याह्नाः"
प्राह्ण,पुं।,दिवसः_पूर्वो_भागः,,,द्रव्यम्,कालः,,,,,प्राह्ण,,
अपराह्ण,पुं।,दिवसः_अन्त्यो_भागः,,,द्रव्यम्,कालः,,,,,अपराह्ण,,
मध्याह्न,पुं।,दिवसः_मध्यो_भागः,,,द्रव्यम्,कालः,,,,,मध्याह्न,,
त्रिसन्ध्य,नपुं।,प्राह्णापराह्णमध्याह्नाः,,,द्रव्यम्,कालः,,,,,त्रिसन्ध्य,,
शर्वरी,स्त्री।,रात्रिः,,,द्रव्यम्,कालः,,,,,"शर्वरी,निशा,निशीथिनी,रात्रि,त्रियामा,क्षणदा,क्षपा,विभावरी,तमस्विनी,रजनी,यामिनी,तमी,वसति,श्यामा,दोषा,दोषा,नक्तम्","रात्रिप्रारम्भः,रात्रिमध्यः,प्रहरः","अत्यन्धकाररात्रिः,चन्द्रिकायुक्तरात्रिः,दिनद्वयमध्यगता_रात्रिः"
निशा,स्त्री।,रात्रिः,,,द्रव्यम्,कालः,,,,,"शर्वरी,निशा,निशीथिनी,रात्रि,त्रियामा,क्षणदा,क्षपा,विभावरी,तमस्विनी,रजनी,यामिनी,तमी,वसति,श्यामा,दोषा,दोषा,नक्तम्","रात्रिप्रारम्भः,रात्रिमध्यः,प्रहरः","अत्यन्धकाररात्रिः,चन्द्रिकायुक्तरात्रिः,दिनद्वयमध्यगता_रात्रिः"
निशीथिनी,स्त्री।,रात्रिः,,,द्रव्यम्,कालः,,,,,"शर्वरी,निशा,निशीथिनी,रात्रि,त्रियामा,क्षणदा,क्षपा,विभावरी,तमस्विनी,रजनी,यामिनी,तमी,वसति,श्यामा,दोषा,दोषा,नक्तम्","रात्रिप्रारम्भः,रात्रिमध्यः,प्रहरः","अत्यन्धकाररात्रिः,चन्द्रिकायुक्तरात्रिः,दिनद्वयमध्यगता_रात्रिः"
रात्रि,स्त्री।,रात्रिः,,,द्रव्यम्,कालः,,,,,"शर्वरी,निशा,निशीथिनी,रात्रि,त्रियामा,क्षणदा,क्षपा,विभावरी,तमस्विनी,रजनी,यामिनी,तमी,वसति,श्यामा,दोषा,दोषा,नक्तम्","रात्रिप्रारम्भः,रात्रिमध्यः,प्रहरः","अत्यन्धकाररात्रिः,चन्द्रिकायुक्तरात्रिः,दिनद्वयमध्यगता_रात्रिः"
त्रियामा,स्त्री।,रात्रिः,,,द्रव्यम्,कालः,,,,,"शर्वरी,निशा,निशीथिनी,रात्रि,त्रियामा,क्षणदा,क्षपा,विभावरी,तमस्विनी,रजनी,यामिनी,तमी,वसति,श्यामा,दोषा,दोषा,नक्तम्","रात्रिप्रारम्भः,रात्रिमध्यः,प्रहरः","अत्यन्धकाररात्रिः,चन्द्रिकायुक्तरात्रिः,दिनद्वयमध्यगता_रात्रिः"
क्षणदा,स्त्री।,रात्रिः,,,द्रव्यम्,कालः,,,,,"शर्वरी,निशा,निशीथिनी,रात्रि,त्रियामा,क्षणदा,क्षपा,विभावरी,तमस्विनी,रजनी,यामिनी,तमी,वसति,श्यामा,दोषा,दोषा,नक्तम्","रात्रिप्रारम्भः,रात्रिमध्यः,प्रहरः","अत्यन्धकाररात्रिः,चन्द्रिकायुक्तरात्रिः,दिनद्वयमध्यगता_रात्रिः"
क्षपा,स्त्री।,रात्रिः,,,द्रव्यम्,कालः,,,,,"शर्वरी,निशा,निशीथिनी,रात्रि,त्रियामा,क्षणदा,क्षपा,विभावरी,तमस्विनी,रजनी,यामिनी,तमी,वसति,श्यामा,दोषा,दोषा,नक्तम्","रात्रिप्रारम्भः,रात्रिमध्यः,प्रहरः","अत्यन्धकाररात्रिः,चन्द्रिकायुक्तरात्रिः,दिनद्वयमध्यगता_रात्रिः"
विभावरी,स्त्री।,रात्रिः,,,द्रव्यम्,कालः,,,,,"शर्वरी,निशा,निशीथिनी,रात्रि,त्रियामा,क्षणदा,क्षपा,विभावरी,तमस्विनी,रजनी,यामिनी,तमी,वसति,श्यामा,दोषा,दोषा,नक्तम्","रात्रिप्रारम्भः,रात्रिमध्यः,प्रहरः","अत्यन्धकाररात्रिः,चन्द्रिकायुक्तरात्रिः,दिनद्वयमध्यगता_रात्रिः"
तमस्विनी,स्त्री।,रात्रिः,,,द्रव्यम्,कालः,,,,,"शर्वरी,निशा,निशीथिनी,रात्रि,त्रियामा,क्षणदा,क्षपा,विभावरी,तमस्विनी,रजनी,यामिनी,तमी,वसति,श्यामा,दोषा,दोषा,नक्तम्","रात्रिप्रारम्भः,रात्रिमध्यः,प्रहरः","अत्यन्धकाररात्रिः,चन्द्रिकायुक्तरात्रिः,दिनद्वयमध्यगता_रात्रिः"
रजनी,स्त्री।,रात्रिः,,,द्रव्यम्,कालः,,,,,"शर्वरी,निशा,निशीथिनी,रात्रि,त्रियामा,क्षणदा,क्षपा,विभावरी,तमस्विनी,रजनी,यामिनी,तमी,वसति,श्यामा,दोषा,दोषा,नक्तम्","रात्रिप्रारम्भः,रात्रिमध्यः,प्रहरः","अत्यन्धकाररात्रिः,चन्द्रिकायुक्तरात्रिः,दिनद्वयमध्यगता_रात्रिः"
यामिनी,स्त्री।,रात्रिः,,,द्रव्यम्,कालः,,,,,"शर्वरी,निशा,निशीथिनी,रात्रि,त्रियामा,क्षणदा,क्षपा,विभावरी,तमस्विनी,रजनी,यामिनी,तमी,वसति,श्यामा,दोषा,दोषा,नक्तम्","रात्रिप्रारम्भः,रात्रिमध्यः,प्रहरः","अत्यन्धकाररात्रिः,चन्द्रिकायुक्तरात्रिः,दिनद्वयमध्यगता_रात्रिः"
तमी,स्त्री।,रात्रिः,,,द्रव्यम्,कालः,,,,,"शर्वरी,निशा,निशीथिनी,रात्रि,त्रियामा,क्षणदा,क्षपा,विभावरी,तमस्विनी,रजनी,यामिनी,तमी,वसति,श्यामा,दोषा,दोषा,नक्तम्","रात्रिप्रारम्भः,रात्रिमध्यः,प्रहरः","अत्यन्धकाररात्रिः,चन्द्रिकायुक्तरात्रिः,दिनद्वयमध्यगता_रात्रिः"
तमिस्रा,स्त्री।,अत्यन्धकाररात्रिः,,,द्रव्यम्,कालः,,,,,"तमिस्रा,तामसी",,
तामसी,स्त्री।,अत्यन्धकाररात्रिः,,,द्रव्यम्,कालः,,,,,"तमिस्रा,तामसी",,
ज्योत्स्नी,स्त्री।,चन्द्रिकायुक्तरात्रिः,,,द्रव्यम्,कालः,,,,,ज्योत्स्नी,,
चन्द्रिका,स्त्री।,ज्योत्स्ना,,,द्रव्यम्,तेजः,,,,,"चन्द्रिका,कौमुदी,ज्योत्स्ना,चन्द्रिका",चन्द्रः,
पक्षिणी,स्त्री।,दिनद्वयमध्यगता_रात्रिः,,,द्रव्यम्,कालः,,,,,पक्षिणी,,
गणरात्र,नपुं।,रात्रिसमूहः,,समूहः,द्रव्यम्,कालः,,,,,गणरात्र,,
प्रदोष,पुं।,रात्रिप्रारम्भः,,,द्रव्यम्,कालः,,,,,"प्रदोष,रजनीमुख",,
रजनीमुख,नपुं।,रात्रिप्रारम्भः,,,द्रव्यम्,कालः,,,,,"प्रदोष,रजनीमुख",,
अर्धरात्र,पुं।,रात्रिमध्यः,,,द्रव्यम्,कालः,,,,,"अर्धरात्र,निशीथ",,
निशीथ,पुं।,रात्रिमध्यः,,,द्रव्यम्,कालः,,,,,"अर्धरात्र,निशीथ",,
याम,पुं।,प्रहरः,,,द्रव्यम्,कालः,,,,,"याम,प्रहर",,
प्रहर,पुं।,प्रहरः,,,द्रव्यम्,कालः,,,,,"याम,प्रहर",,
पर्वसन्धि,पुं।,पर्वसन्धिः,,,द्रव्यम्,कालः,,,,,"पर्वसन्धि,प्रतिपद्",,
प्रतिपद्,स्त्री।,पर्वसन्धिः,,,द्रव्यम्,कालः,,,,,"पर्वसन्धि,प्रतिपद्",,
पक्षान्त,पुं।,पक्षान्ततिथिः,,,द्रव्यम्,कालः,,,,,"पक्षान्त,पञ्चदशी",,
पञ्चदशी,स्त्री।,पक्षान्ततिथिः,,,द्रव्यम्,कालः,,,,,"पक्षान्त,पञ्चदशी",,
पौर्णमासी,स्त्री।,पूर्णिमा,,,द्रव्यम्,कालः,,,,,"पौर्णमासी,पूर्णिमा",,"एककलाहीनचन्द्रयुक्ता_पूर्णिमा,पूर्णचन्द्रसहिता_पूर्णिमा"
पूर्णिमा,स्त्री।,पूर्णिमा,,,द्रव्यम्,कालः,,,,,"पौर्णमासी,पूर्णिमा",,"एककलाहीनचन्द्रयुक्ता_पूर्णिमा,पूर्णचन्द्रसहिता_पूर्णिमा"
कलाहीन,पुं।,एककलाहीनचन्द्रयुक्ता_पूर्णिमा,,,द्रव्यम्,कालः,,,,,"कलाहीन,अनुमति",,
अनुमति,स्त्री।,एककलाहीनचन्द्रयुक्ता_पूर्णिमा,,,द्रव्यम्,कालः,,,,,"कलाहीन,अनुमति",,
राका,स्त्री।,पूर्णचन्द्रसहिता_पूर्णिमा,,,द्रव्यम्,कालः,,,,,"राका,निशाकर",,
निशाकर,पुं।,पूर्णचन्द्रसहिता_पूर्णिमा,,,द्रव्यम्,कालः,,,,,"राका,निशाकर",,
अमावास्या,स्त्री।,अमावासी,,,द्रव्यम्,कालः,,,,,"अमावास्या,अमावस्या,दर्श,सूर्येन्दुसङ्गम",,"चतुर्दशीयोगाद्दृष्टचन्द्रा_अमावासी,अदृष्टचन्द्रामावासी"
अमावस्या,स्त्री।,अमावासी,,,द्रव्यम्,कालः,,,,,"अमावास्या,अमावस्या,दर्श,सूर्येन्दुसङ्गम",,"चतुर्दशीयोगाद्दृष्टचन्द्रा_अमावासी,अदृष्टचन्द्रामावासी"
दर्श,पुं।,अमावासी,,,द्रव्यम्,कालः,,,,,"अमावास्या,अमावस्या,दर्श,सूर्येन्दुसङ्गम",,"चतुर्दशीयोगाद्दृष्टचन्द्रा_अमावासी,अदृष्टचन्द्रामावासी"
सूर्येन्दुसङ्गम,पुं।,अमावासी,,,द्रव्यम्,कालः,,,,,"अमावास्या,अमावस्या,दर्श,सूर्येन्दुसङ्गम",,"चतुर्दशीयोगाद्दृष्टचन्द्रा_अमावासी,अदृष्टचन्द्रामावासी"
सिनीवाली,स्त्री।,चतुर्दशीयोगाद्दृष्टचन्द्रा_अमावासी,,,द्रव्यम्,कालः,,,,,सिनीवाली,,
कुहू,स्त्री।,अदृष्टचन्द्रामावासी,,,द्रव्यम्,कालः,,,,,कुहू,,
उपराग,पुं।,ग्रहणम्,,,द्रव्यम्,कालः,,,,,"उपराग,ग्रह",अर्कादयः,
ग्रह,पुं।,ग्रहणम्,,,द्रव्यम्,कालः,,,,,"उपराग,ग्रह",अर्कादयः,
उपप्लव,पुं।,राहुग्रस्थेन्दुः_अथवा_सूर्यः,,,द्रव्यम्,तेजः,ग्रहः,,,,"उपप्लव,उपरक्त",,
उपरक्त,पुं।,राहुग्रस्थेन्दुः_अथवा_सूर्यः,,,द्रव्यम्,तेजः,ग्रहः,,,,"उपप्लव,उपरक्त",,
अग्न्युत्पात,पुं।,आकाशादिष्वग्निविकारः,,,विद्युत्,,,,,,"अग्न्युत्पात,उपाहित",,
उपाहित,पुं।,आकाशादिष्वग्निविकारः,,,विद्युत्,,,,,,"अग्न्युत्पात,उपाहित",,
पुष्पवत्,पुं।,युगपदुच्यमानौ_सूर्यचन्द्रौ,,,द्रव्यम्,तेजः,ग्रहः,,,,पुष्पवत्,,
काष्टा,स्त्री।,अष्ठदशनिमेषाः,,,द्रव्यम्,कालः,,,,,काष्टा,,
कला,स्त्री।,त्रिंशत्_काष्टाः,,,द्रव्यम्,कालः,,,,,कला,अष्ठदशनिमेषाः,
क्षण,पुं।,त्रिंशत्_कलाः,,,द्रव्यम्,कालः,,,,,"क्षण,पर्वन्","त्रिंशत्_काष्टाः,षट्_क्षणकालः",
मुहूर्त,पुं-नपुं।,द्वादशक्षणाः,,,द्रव्यम्,कालः,,,,,मुहूर्त,त्रिंशत्_कलाः,
अहोरात्र,पुं-नपुं।,त्रिंशत्मुहूर्ताः,,,द्रव्यम्,कालः,,,,,अहोरात्र,द्वादशक्षणाः,
पक्ष,पुं।,पञ्चदशदिनानि,,,द्रव्यम्,कालः,,,,,पक्ष,,"पूर्वपक्षः,अपरपक्षः"
शुक्ल,पुं।,पूर्वपक्षः,,,द्रव्यम्,कालः,,,,,शुक्ल,,
कृष्ण,पुं।,अपरपक्षः,,,द्रव्यम्,कालः,,,,,कृष्ण,,
मास,पुं।,पक्षद्वयौ,,,द्रव्यम्,कालः,,,,,मास,"दिवसः,त्रिंशत्मुहूर्ताः,पञ्चदशदिनानि,पूर्वपक्षः,अपरपक्षः,मनुष्यमासः_पितृदिनम्","पुष्यनक्षत्रयुक्ता_पौर्णमासी,पौषमासः,मार्गशीर्षामासः,माघमासः,फाल्गुनमासः,चैत्रमासः,वैशाखमासः,ज्येष्ठमासः,आषाढमासः,श्रावणमासः,भाद्रपदमासः,आश्विनमासः,कार्तिकमासः,प्रसवमासः"
ऋतु,पुं।,द्वौ_मासौ,,,द्रव्यम्,कालः,,,,,ऋतु,पक्षद्वयौ,"मार्गपौषाभ्यां_निष्पन्नः_ऋतुः,माघफाल्गुनाभ्यां_निष्पन्नः_ऋतुः,चैत्रवैशाखाभ्यां_निष्पन्नः_ऋतुः,ज्येष्ठाषाढाभ्याम्_ऋतुः,ग्रीष्मऋतुः,श्रावणभाद्राभ्यां_निष्पन्नः_ऋतुः,आश्विनकार्तिकाभ्यां_निष्पन्नः_ऋतुः"
अयन,नपुं।,त्रिभिरृतुभिः-षण्मासैः,,,द्रव्यम्,कालः,,,,,अयन,द्वौ_मासौ,
वत्सर,पुं।,द्वाभ्यामयनाभ्यां_नाम-द्वादशमासाः,,,द्रव्यम्,कालः,,,,,वत्सर,त्रिभिरृतुभिः-षण्मासैः,
विषुवत्,नपुं।,समरात्रिन्दिवकालः,,,द्रव्यम्,कालः,,,,,"विषुवत्,विषुवं",,
विषुवं,नपुं।,समरात्रिन्दिवकालः,,,द्रव्यम्,कालः,,,,,"विषुवत्,विषुवं",,
पौषी,स्त्री।,पुष्यनक्षत्रयुक्ता_पौर्णमासी,,,द्रव्यम्,कालः,,,,,पौषी,,
पौष,पुं।,पौषमासः,,,द्रव्यम्,कालः,,,,,"पौष,पौष,तैष,सहस्य",,
मार्गशीर्ष,पुं।,मार्गशीर्षामासः,,,द्रव्यम्,कालः,,,,,"मार्गशीर्ष,सहस्,मार्ग,आग्रहायणिक",,
सहस्,पुं।,मार्गशीर्षामासः,,,द्रव्यम्,कालः,,,,,"मार्गशीर्ष,सहस्,मार्ग,आग्रहायणिक",,
मार्ग,पुं।,मार्गशीर्षामासः,,,द्रव्यम्,कालः,,,,,"मार्गशीर्ष,सहस्,मार्ग,आग्रहायणिक",,
आग्रहायणिक,पुं।,मार्गशीर्षामासः,,,द्रव्यम्,कालः,,,,,"मार्गशीर्ष,सहस्,मार्ग,आग्रहायणिक",,
पौष,पुं।,पौषमासः,,,द्रव्यम्,कालः,,,,,"पौष,पौष,तैष,सहस्य",,
तैष,पुं।,पौषमासः,,,द्रव्यम्,कालः,,,,,"पौष,पौष,तैष,सहस्य",,
सहस्य,पुं।,पौषमासः,,,द्रव्यम्,कालः,,,,,"पौष,पौष,तैष,सहस्य",,
तपस्,पुं।,माघमासः,,,द्रव्यम्,कालः,,,,,"तपस्,माघ",,
माघ,पुं।,माघमासः,,,द्रव्यम्,कालः,,,,,"तपस्,माघ",,
फाल्गुन,पुं।,फाल्गुनमासः,,,द्रव्यम्,कालः,,,,,"फाल्गुन,तपस्य,फाल्गुनिक",,
तपस्य,पुं।,फाल्गुनमासः,,,द्रव्यम्,कालः,,,,,"फाल्गुन,तपस्य,फाल्गुनिक",,
फाल्गुनिक,पुं।,फाल्गुनमासः,,,द्रव्यम्,कालः,,,,,"फाल्गुन,तपस्य,फाल्गुनिक",,
चैत्र,पुं।,चैत्रमासः,,,द्रव्यम्,कालः,,,,,"चैत्र,चैत्रिक,मधु",,
चैत्रिक,पुं।,चैत्रमासः,,,द्रव्यम्,कालः,,,,,"चैत्र,चैत्रिक,मधु",,
मधु,पुं।,चैत्रमासः,,,द्रव्यम्,कालः,,,,,"चैत्र,चैत्रिक,मधु",,
वैशाख,पुं।,वैशाखमासः,,,द्रव्यम्,कालः,,,,,"वैशाख,माधव,राध",,
माधव,पुं।,वैशाखमासः,,,द्रव्यम्,कालः,,,,,"वैशाख,माधव,राध",,
राध,पुं।,वैशाखमासः,,,द्रव्यम्,कालः,,,,,"वैशाख,माधव,राध",,
ज्येष्ठ,पुं।,ज्येष्ठमासः,,,द्रव्यम्,कालः,,,,,"ज्येष्ठ,शुक्र",,
शुक्र,पुं।,ज्येष्ठमासः,,,द्रव्यम्,कालः,,,,,"ज्येष्ठ,शुक्र",,
शुचि,पुं।,आषाढमासः,,,द्रव्यम्,कालः,,,,,"शुचि,आषाढ",,
आषाढ,पुं।,आषाढमासः,,,द्रव्यम्,कालः,,,,,"शुचि,आषाढ",,
श्रावण,पुं।,श्रावणमासः,,,द्रव्यम्,कालः,,,,,"श्रावण,नभस्,श्रावणिक,नभस्",,
नभस्,पुं।,श्रावणमासः,,,द्रव्यम्,कालः,,,,,"श्रावण,नभस्,श्रावणिक,नभस्",,
श्रावणिक,पुं।,श्रावणमासः,,,द्रव्यम्,कालः,,,,,"श्रावण,नभस्,श्रावणिक,नभस्",,
नभस्य,पुं।,भाद्रपदमासः,,,द्रव्यम्,कालः,,,,,"नभस्य,प्रौष्ठपद,भाद्र,भाद्रपद",,
प्रौष्ठपद,पुं।,भाद्रपदमासः,,,द्रव्यम्,कालः,,,,,"नभस्य,प्रौष्ठपद,भाद्र,भाद्रपद",,
भाद्र,पुं।,भाद्रपदमासः,,,द्रव्यम्,कालः,,,,,"नभस्य,प्रौष्ठपद,भाद्र,भाद्रपद",,
भाद्रपद,पुं।,भाद्रपदमासः,,,द्रव्यम्,कालः,,,,,"नभस्य,प्रौष्ठपद,भाद्र,भाद्रपद",,
आश्विन,पुं।,आश्विनमासः,,,द्रव्यम्,कालः,,,,,"आश्विन,इष,आश्वयुज",,
इष,पुं।,आश्विनमासः,,,द्रव्यम्,कालः,,,,,"आश्विन,इष,आश्वयुज",,
आश्वयुज,पुं।,आश्विनमासः,,,द्रव्यम्,कालः,,,,,"आश्विन,इष,आश्वयुज",,
कार्तिक,पुं।,कार्तिकमासः,,,द्रव्यम्,कालः,,,,,"कार्तिक,बाहुल,ऊर्ज,कार्तिकिक",,
बाहुल,पुं।,कार्तिकमासः,,,द्रव्यम्,कालः,,,,,"कार्तिक,बाहुल,ऊर्ज,कार्तिकिक",,
ऊर्ज,पुं।,कार्तिकमासः,,,द्रव्यम्,कालः,,,,,"कार्तिक,बाहुल,ऊर्ज,कार्तिकिक",,
कार्तिकिक,पुं।,कार्तिकमासः,,,द्रव्यम्,कालः,,,,,"कार्तिक,बाहुल,ऊर्ज,कार्तिकिक",,
हेमन्त,पुं।,मार्गपौषाभ्यां_निष्पन्नः_ऋतुः,,,द्रव्यम्,कालः,,,,,हेमन्त,,
शिशिर,पुं-नपुं।,माघफाल्गुनाभ्यां_निष्पन्नः_ऋतुः,,,द्रव्यम्,कालः,,,,,शिशिर,,
वसन्त,पुं।,चैत्रवैशाखाभ्यां_निष्पन्नः_ऋतुः,,,द्रव्यम्,कालः,,,,,"वसन्त,पुष्पसमय,सुरभि",,
पुष्पसमय,पुं।,चैत्रवैशाखाभ्यां_निष्पन्नः_ऋतुः,,,द्रव्यम्,कालः,,,,,"वसन्त,पुष्पसमय,सुरभि",,
सुरभि,पुं।,चैत्रवैशाखाभ्यां_निष्पन्नः_ऋतुः,,,द्रव्यम्,कालः,,,,,"वसन्त,पुष्पसमय,सुरभि",,
ग्रीष्म,पुं।,ज्येष्ठाषाढाभ्याम्_ऋतुः,,,द्रव्यम्,कालः,,,,,ग्रीष्म,,
ऊष्मक,पुं।,ग्रीष्मऋतुः,,,द्रव्यम्,कालः,,,,,"ऊष्मक,निदाघ,उष्णोपगम,उष्ण,ऊष्मागम,तप",,
निदाघ,पुं।,ग्रीष्मऋतुः,,,द्रव्यम्,कालः,,,,,"ऊष्मक,निदाघ,उष्णोपगम,उष्ण,ऊष्मागम,तप",,
उष्णोपगम,पुं।,ग्रीष्मऋतुः,,,द्रव्यम्,कालः,,,,,"ऊष्मक,निदाघ,उष्णोपगम,उष्ण,ऊष्मागम,तप",,
उष्ण,पुं।,ग्रीष्मऋतुः,,,द्रव्यम्,कालः,,,,,"ऊष्मक,निदाघ,उष्णोपगम,उष्ण,ऊष्मागम,तप",,
ऊष्मागम,पुं।,ग्रीष्मऋतुः,,,द्रव्यम्,कालः,,,,,"ऊष्मक,निदाघ,उष्णोपगम,उष्ण,ऊष्मागम,तप",,
तप,पुं।,ग्रीष्मऋतुः,,,द्रव्यम्,कालः,,,,,"ऊष्मक,निदाघ,उष्णोपगम,उष्ण,ऊष्मागम,तप",,
प्रावृष्,स्त्री।,श्रावणभाद्राभ्यां_निष्पन्नः_ऋतुः,,,द्रव्यम्,कालः,,,,,"प्रावृष्,वर्षा",,
वर्षा,स्त्री-बहु।,श्रावणभाद्राभ्यां_निष्पन्नः_ऋतुः,,,द्रव्यम्,कालः,,,,,"प्रावृष्,वर्षा",,
शरद्,स्त्री।,आश्विनकार्तिकाभ्यां_निष्पन्नः_ऋतुः,,,द्रव्यम्,कालः,,,,,शरद्,,
ऋतु,पुं।,हेमन्तादयः_षड्,,,द्रव्यम्,कालः,,,,,ऋतु,,
संवत्सर,पुं।,संवत्सरः,,,द्रव्यम्,कालः,,,,,"संवत्सर,वत्सर,अब्द,हायन,शरद्,संवत्",,"पूर्वे_अब्दे,पूर्वतरे_अब्दे,अस्मिन्_अब्दे"
वत्सर,पुं।,संवत्सरः,,,द्रव्यम्,कालः,,,,,"संवत्सर,वत्सर,अब्द,हायन,शरद्,संवत्",,"पूर्वे_अब्दे,पूर्वतरे_अब्दे,अस्मिन्_अब्दे"
अब्द,पुं।,संवत्सरः,,,द्रव्यम्,कालः,,,,,"संवत्सर,वत्सर,अब्द,हायन,शरद्,संवत्",,"पूर्वे_अब्दे,पूर्वतरे_अब्दे,अस्मिन्_अब्दे"
हायन,पुं-नपुं।,संवत्सरः,,,द्रव्यम्,कालः,,,,,"संवत्सर,वत्सर,अब्द,हायन,शरद्,संवत्",,"पूर्वे_अब्दे,पूर्वतरे_अब्दे,अस्मिन्_अब्दे"
शरद्,स्त्री।,संवत्सरः,,,द्रव्यम्,कालः,,,,,"संवत्सर,वत्सर,अब्द,हायन,शरद्,संवत्",,"पूर्वे_अब्दे,पूर्वतरे_अब्दे,अस्मिन्_अब्दे"
पैत्र,पुं।,मनुष्यमासः_पितृदिनम्,,,द्रव्यम्,कालः,,,,,पैत्र,नृवर्षः_दैवदिनम्,
दैवत,पुं।,नृवर्षः_दैवदिनम्,,,द्रव्यम्,कालः,,,,,दैवत,दैवम्_युगसहस्रद्वयम्,
ब्राह्म,पुं।,दैवयुगसहस्रद्वयम्,,,द्रव्यम्,कालः,,,,,ब्राह्म,,
कल्प,पुं।,दैवम्_युगसहस्रद्वयम्,,,द्रव्यम्,कालः,,,,,कल्प,,
मन्वन्तर,नपुं।,एकसप्तति_देवयुगम्,,,द्रव्यम्,कालः,,,,,मन्वन्तर,,
संवर्त,पुं।,प्रलयः,,,द्रव्यम्,कालः,,,,,"संवर्त,प्रलय,कल्प,क्षय,कल्पान्त",,
प्रलय,पुं।,प्रलयः,,,द्रव्यम्,कालः,,,,,"संवर्त,प्रलय,कल्प,क्षय,कल्पान्त",,
कल्प,पुं।,प्रलयः,,,द्रव्यम्,कालः,,,,,"संवर्त,प्रलय,कल्प,क्षय,कल्पान्त",,
क्षय,पुं।,प्रलयः,,,द्रव्यम्,कालः,,,,,"संवर्त,प्रलय,कल्प,क्षय,कल्पान्त",,
कल्पान्त,पुं।,प्रलयः,,,द्रव्यम्,कालः,,,,,"संवर्त,प्रलय,कल्प,क्षय,कल्पान्त",,
