पुर्,स्त्री।,नगरम्,,,द्रव्यम्,पृथ्वी,अचलनिर्जीवः,स्थानम्,मानवनिर्मितिः,,"पुर्,पुरी,नगरी,पत्तन,पुटभेदन,स्थानीय,निगम,भोगवती,पुर,मन्दिर","मूलनगरादन्यनगरम्,नगरद्वारम्","कुबेरपुरी,मूलनगरादन्यनगरम्"
पुरी,स्त्री।,नगरम्,,,द्रव्यम्,पृथ्वी,अचलनिर्जीवः,स्थानम्,मानवनिर्मितिः,,"पुर्,पुरी,नगरी,पत्तन,पुटभेदन,स्थानीय,निगम,भोगवती,पुर,मन्दिर","मूलनगरादन्यनगरम्,नगरद्वारम्","कुबेरपुरी,मूलनगरादन्यनगरम्"
नगरी,स्त्री-नपुं।,नगरम्,,,द्रव्यम्,पृथ्वी,अचलनिर्जीवः,स्थानम्,मानवनिर्मितिः,,"पुर्,पुरी,नगरी,पत्तन,पुटभेदन,स्थानीय,निगम,भोगवती,पुर,मन्दिर","मूलनगरादन्यनगरम्,नगरद्वारम्","कुबेरपुरी,मूलनगरादन्यनगरम्"
पत्तन,नपुं।,नगरम्,,,द्रव्यम्,पृथ्वी,अचलनिर्जीवः,स्थानम्,मानवनिर्मितिः,,"पुर्,पुरी,नगरी,पत्तन,पुटभेदन,स्थानीय,निगम,भोगवती,पुर,मन्दिर","मूलनगरादन्यनगरम्,नगरद्वारम्","कुबेरपुरी,मूलनगरादन्यनगरम्"
पुटभेदन,नपुं।,नगरम्,,,द्रव्यम्,पृथ्वी,अचलनिर्जीवः,स्थानम्,मानवनिर्मितिः,,"पुर्,पुरी,नगरी,पत्तन,पुटभेदन,स्थानीय,निगम,भोगवती,पुर,मन्दिर","मूलनगरादन्यनगरम्,नगरद्वारम्","कुबेरपुरी,मूलनगरादन्यनगरम्"
स्थानीय,नपुं।,नगरम्,,,द्रव्यम्,पृथ्वी,अचलनिर्जीवः,स्थानम्,मानवनिर्मितिः,,"पुर्,पुरी,नगरी,पत्तन,पुटभेदन,स्थानीय,निगम,भोगवती,पुर,मन्दिर","मूलनगरादन्यनगरम्,नगरद्वारम्","कुबेरपुरी,मूलनगरादन्यनगरम्"
निगम,पुं।,नगरम्,,,द्रव्यम्,पृथ्वी,अचलनिर्जीवः,स्थानम्,मानवनिर्मितिः,,"पुर्,पुरी,नगरी,पत्तन,पुटभेदन,स्थानीय,निगम,भोगवती,पुर,मन्दिर","मूलनगरादन्यनगरम्,नगरद्वारम्","कुबेरपुरी,मूलनगरादन्यनगरम्"
मूलनगर,नपुं।,राजधानी,,,द्रव्यम्,पृथ्वी,अचलनिर्जीवः,स्थानम्,मानवनिर्मितिः,,मूलनगर,,
पुर,पुं।,मूलनगरादन्यनगरम्,,,द्रव्यम्,पृथ्वी,अचलनिर्जीवः,स्थानम्,मानवनिर्मितिः,,"पुर,शाखानगर,अधिष्ठान,निगम",,इन्द्रपुरः
शाखानगर,नपुं।,मूलनगरादन्यनगरम्,,,द्रव्यम्,पृथ्वी,अचलनिर्जीवः,स्थानम्,मानवनिर्मितिः,,"पुर,शाखानगर,अधिष्ठान,निगम",,इन्द्रपुरः
वेश,पुं।,वेश्यानिवासः,,,द्रव्यम्,पृथ्वी,अचलनिर्जीवः,स्थानम्,मानवनिर्मितिः,,"वेश,वेश्याजनसमाश्रय",,
वेश्याजनसमाश्रय,पुं।,वेश्यानिवासः,,,द्रव्यम्,पृथ्वी,अचलनिर्जीवः,स्थानम्,मानवनिर्मितिः,,"वेश,वेश्याजनसमाश्रय",,
आपण,पुं।,क्रय्यवस्तुशाला,,,द्रव्यम्,पृथ्वी,अचलनिर्जीवः,स्थानम्,मानवनिर्मितिः,,"आपण,निषद्या",,
निषद्या,स्त्री।,क्रय्यवस्तुशाला,,,द्रव्यम्,पृथ्वी,अचलनिर्जीवः,स्थानम्,मानवनिर्मितिः,,"आपण,निषद्या",,
विपणि,स्त्री-पुं।,क्रय्यवस्तुशालापङ्क्तिः,,समूहः,द्रव्यम्,पृथ्वी,अचलनिर्जीवः,स्थानम्,मानवनिर्मितिः,,"विपणि,पण्यवीथिका",क्रय्यवस्तुशाला,
पण्यवीथिका,स्त्री।,क्रय्यवस्तुशालापङ्क्तिः,,समूहः,द्रव्यम्,पृथ्वी,अचलनिर्जीवः,स्थानम्,मानवनिर्मितिः,,"विपणि,पण्यवीथिका",क्रय्यवस्तुशाला,
रथ्या,स्त्री।,ग्राममध्यमार्गः,,,द्रव्यम्,पृथ्वी,अचलनिर्जीवः,स्थानम्,मानवनिर्मितिः,,"रथ्या,प्रतोली,विशिखा",,
प्रतोली,स्त्री।,ग्राममध्यमार्गः,,,द्रव्यम्,पृथ्वी,अचलनिर्जीवः,स्थानम्,मानवनिर्मितिः,,"रथ्या,प्रतोली,विशिखा",,
विशिखा,स्त्री।,ग्राममध्यमार्गः,,,द्रव्यम्,पृथ्वी,अचलनिर्जीवः,स्थानम्,मानवनिर्मितिः,,"रथ्या,प्रतोली,विशिखा",,
चय,पुं।,परिखोद्धृतमृत्तिकाकूटः,,,द्रव्यम्,पृथ्वी,अचलनिर्जीवः,स्थानम्,मानवनिर्मितिः,,"चय,वप्र",,
वप्र,पुं-नपुं।,परिखोद्धृतमृत्तिकाकूटः,,,द्रव्यम्,पृथ्वी,अचलनिर्जीवः,स्थानम्,मानवनिर्मितिः,,"चय,वप्र",,
प्राकार,पुं।,यष्टिकाकण्टकादिरचितवेष्टनम्,,,द्रव्यम्,पृथ्वी,अचलनिर्जीवः,स्थानम्,मानवनिर्मितिः,,"प्राकार,वरण,साल",,
वरण,पुं।,यष्टिकाकण्टकादिरचितवेष्टनम्,,,द्रव्यम्,पृथ्वी,अचलनिर्जीवः,स्थानम्,मानवनिर्मितिः,,"प्राकार,वरण,साल",,
साल,पुं।,यष्टिकाकण्टकादिरचितवेष्टनम्,,,द्रव्यम्,पृथ्वी,अचलनिर्जीवः,स्थानम्,मानवनिर्मितिः,,"प्राकार,वरण,साल",,
प्राचीन,नपुं।,कण्टकादिवेष्टनम्,,,द्रव्यम्,पृथ्वी,अचलनिर्जीवः,स्थानम्,मानवनिर्मितिः,,प्राचीन,,
भित्ति,स्त्री।,भित्तिः,,,द्रव्यम्,पृथ्वी,अचलनिर्जीवः,स्थानम्,मानवनिर्मितिः,,"भित्ति,कुड्य,कपिशीर्ष",,"कूपमुखे_इष्टकादिभिर्बद्धः,परिखोद्धृतमृत्तिकाकूटः,कण्टकादिवेष्टनम्,अस्थ्यादिमयभित्तिः"
कुड्य,नपुं।,भित्तिः,,,द्रव्यम्,पृथ्वी,अचलनिर्जीवः,स्थानम्,मानवनिर्मितिः,,"भित्ति,कुड्य,कपिशीर्ष",,"कूपमुखे_इष्टकादिभिर्बद्धः,परिखोद्धृतमृत्तिकाकूटः,कण्टकादिवेष्टनम्,अस्थ्यादिमयभित्तिः"
एडूक,नपुं।,अस्थ्यादिमयभित्तिः,,,द्रव्यम्,पृथ्वी,अचलनिर्जीवः,स्थानम्,मानवनिर्मितिः,,एडूक,,
गृह,नपुं।,गृहम्,,,द्रव्यम्,पृथ्वी,अचलनिर्जीवः,स्थानम्,मानवनिर्मितिः,,"गृह,गेह,उदवसित,वेश्मन्,सद्मन्,निकेतन,निशान्त,वस्त्य,सदन,भवन,आगार,मन्दिर,गृह,निकाय्य,निलय,आलय,शरण,धामन्,क्षय,धिष्ण्य,पुर,कुल,ओकस्","यष्टिकाकण्टकादिरचितवेष्टनम्,कण्टकादिवेष्टनम्,भित्तिः,अस्थ्यादिमयभित्तिः,सभागृहम्,गृहमध्यभागः,प्रसवस्थानम्,जालकम्,मण्डपः,त्रीणिद्वाराद्बहिर्वर्तमानः_प्रकोष्टकः,देहली,प्राङ्गणम्,द्वारस्तम्भाधःस्थितकाष्ठम्,द्वारस्तम्भोपरिस्थितदारुः,गुप्तद्वारम्,पार्श्वद्वारम्,गृहाच्छादनपटलप्रान्तभागः,छादनम्,छादनार्थवक्रदारुः,गृहप्रान्तस्थपक्षिस्थानम्,द्वारम्,प्राङ्गणस्थोपवेशस्थानम्,द्वारबाह्यभागम्,कवाटम्,कवाटबन्धनकाष्ठम्,सौधाद्यारोहणमार्गः,काष्टादिकृतावरोहणमार्गः,गृहसम्मार्जनी,गृहनिर्गमनप्रवेशमार्गः,शिरोनिधानम्,शय्या,पर्यङ्कः,आसनम्,सम्पुटः,केशमार्जनी,दर्पणः,व्यजनम्,अन्तर्गृहम्","इन्द्रगृहम्,वेश्यानिवासः,क्रय्यवस्तुशाला,सभागृहम्,अन्योन्याभिमुखशालाचतुष्कम्,मुनीनां_गृहम्,अश्वालयः,स्वर्णकारादीनाम्_शाला,जलशाला,शिष्याणां_निलयः,मद्यसन्धानगृहम्,प्रसवस्थानम्,चन्द्रशाला,धनवतां_वासस्थानम्,देवानां_राज्ञां_च_गृहम्,राजगृहम्,राजगृहसामान्यम्,
ईश्वरगृहविशेषः,राज्ञां_स्त्रीगृहम्,हर्म्याद्युपरिगृहम्,वस्त्रगेहम्,गजबन्धनशाला,बन्दिशाला,बन्धनगृहम्,मद्यगृहम्,अन्तर्गृहम्"
गेह,पुं-नपुं।,गृहम्,,,द्रव्यम्,पृथ्वी,अचलनिर्जीवः,स्थानम्,मानवनिर्मितिः,,"गृह,गेह,उदवसित,वेश्मन्,सद्मन्,निकेतन,निशान्त,वस्त्य,सदन,भवन,आगार,मन्दिर,गृह,निकाय्य,निलय,आलय,शरण,धामन्,क्षय,धिष्ण्य,पुर,कुल,ओकस्","यष्टिकाकण्टकादिरचितवेष्टनम्,कण्टकादिवेष्टनम्,भित्तिः,अस्थ्यादिमयभित्तिः,सभागृहम्,गृहमध्यभागः,प्रसवस्थानम्,जालकम्,मण्डपः,त्रीणिद्वाराद्बहिर्वर्तमानः_प्रकोष्टकः,देहली,प्राङ्गणम्,द्वारस्तम्भाधःस्थितकाष्ठम्,द्वारस्तम्भोपरिस्थितदारुः,गुप्तद्वारम्,पार्श्वद्वारम्,गृहाच्छादनपटलप्रान्तभागः,छादनम्,छादनार्थवक्रदारुः,गृहप्रान्तस्थपक्षिस्थानम्,द्वारम्,प्राङ्गणस्थोपवेशस्थानम्,द्वारबाह्यभागम्,कवाटम्,कवाटबन्धनकाष्ठम्,सौधाद्यारोहणमार्गः,काष्टादिकृतावरोहणमार्गः,गृहसम्मार्जनी,गृहनिर्गमनप्रवेशमार्गः,शिरोनिधानम्,शय्या,पर्यङ्कः,आसनम्,सम्पुटः,केशमार्जनी,दर्पणः,व्यजनम्,अन्तर्गृहम्","इन्द्रगृहम्,वेश्यानिवासः,क्रय्यवस्तुशाला,सभागृहम्,अन्योन्याभिमुखशालाचतुष्कम्,मुनीनां_गृहम्,अश्वालयः,स्वर्णकारादीनाम्_शाला,जलशाला,शिष्याणां_निलयः,मद्यसन्धानगृहम्,प्रसवस्थानम्,चन्द्रशाला,धनवतां_वासस्थानम्,देवानां_राज्ञां_च_गृहम्,राजगृहम्,राजगृहसामान्यम्,
ईश्वरगृहविशेषः,राज्ञां_स्त्रीगृहम्,हर्म्याद्युपरिगृहम्,वस्त्रगेहम्,गजबन्धनशाला,बन्दिशाला,बन्धनगृहम्,मद्यगृहम्,अन्तर्गृहम्"
उदवसित,नपुं।,गृहम्,,,द्रव्यम्,पृथ्वी,अचलनिर्जीवः,स्थानम्,मानवनिर्मितिः,,"गृह,गेह,उदवसित,वेश्मन्,सद्मन्,निकेतन,निशान्त,वस्त्य,सदन,भवन,आगार,मन्दिर,गृह,निकाय्य,निलय,आलय,शरण,धामन्,क्षय,धिष्ण्य,पुर,कुल,ओकस्","यष्टिकाकण्टकादिरचितवेष्टनम्,कण्टकादिवेष्टनम्,भित्तिः,अस्थ्यादिमयभित्तिः,सभागृहम्,गृहमध्यभागः,प्रसवस्थानम्,जालकम्,मण्डपः,त्रीणिद्वाराद्बहिर्वर्तमानः_प्रकोष्टकः,देहली,प्राङ्गणम्,द्वारस्तम्भाधःस्थितकाष्ठम्,द्वारस्तम्भोपरिस्थितदारुः,गुप्तद्वारम्,पार्श्वद्वारम्,गृहाच्छादनपटलप्रान्तभागः,छादनम्,छादनार्थवक्रदारुः,गृहप्रान्तस्थपक्षिस्थानम्,द्वारम्,प्राङ्गणस्थोपवेशस्थानम्,द्वारबाह्यभागम्,कवाटम्,कवाटबन्धनकाष्ठम्,सौधाद्यारोहणमार्गः,काष्टादिकृतावरोहणमार्गः,गृहसम्मार्जनी,गृहनिर्गमनप्रवेशमार्गः,शिरोनिधानम्,शय्या,पर्यङ्कः,आसनम्,सम्पुटः,केशमार्जनी,दर्पणः,व्यजनम्,अन्तर्गृहम्","इन्द्रगृहम्,वेश्यानिवासः,क्रय्यवस्तुशाला,सभागृहम्,अन्योन्याभिमुखशालाचतुष्कम्,मुनीनां_गृहम्,अश्वालयः,स्वर्णकारादीनाम्_शाला,जलशाला,शिष्याणां_निलयः,मद्यसन्धानगृहम्,प्रसवस्थानम्,चन्द्रशाला,धनवतां_वासस्थानम्,देवानां_राज्ञां_च_गृहम्,राजगृहम्,राजगृहसामान्यम्,
ईश्वरगृहविशेषः,राज्ञां_स्त्रीगृहम्,हर्म्याद्युपरिगृहम्,वस्त्रगेहम्,गजबन्धनशाला,बन्दिशाला,बन्धनगृहम्,मद्यगृहम्,अन्तर्गृहम्"
वेश्मन्,नपुं।,गृहम्,,,द्रव्यम्,पृथ्वी,अचलनिर्जीवः,स्थानम्,मानवनिर्मितिः,,"गृह,गेह,उदवसित,वेश्मन्,सद्मन्,निकेतन,निशान्त,वस्त्य,सदन,भवन,आगार,मन्दिर,गृह,निकाय्य,निलय,आलय,शरण,धामन्,क्षय,धिष्ण्य,पुर,कुल,ओकस्","यष्टिकाकण्टकादिरचितवेष्टनम्,कण्टकादिवेष्टनम्,भित्तिः,अस्थ्यादिमयभित्तिः,सभागृहम्,गृहमध्यभागः,प्रसवस्थानम्,जालकम्,मण्डपः,त्रीणिद्वाराद्बहिर्वर्तमानः_प्रकोष्टकः,देहली,प्राङ्गणम्,द्वारस्तम्भाधःस्थितकाष्ठम्,द्वारस्तम्भोपरिस्थितदारुः,गुप्तद्वारम्,पार्श्वद्वारम्,गृहाच्छादनपटलप्रान्तभागः,छादनम्,छादनार्थवक्रदारुः,गृहप्रान्तस्थपक्षिस्थानम्,द्वारम्,प्राङ्गणस्थोपवेशस्थानम्,द्वारबाह्यभागम्,कवाटम्,कवाटबन्धनकाष्ठम्,सौधाद्यारोहणमार्गः,काष्टादिकृतावरोहणमार्गः,गृहसम्मार्जनी,गृहनिर्गमनप्रवेशमार्गः,शिरोनिधानम्,शय्या,पर्यङ्कः,आसनम्,सम्पुटः,केशमार्जनी,दर्पणः,व्यजनम्,अन्तर्गृहम्","इन्द्रगृहम्,वेश्यानिवासः,क्रय्यवस्तुशाला,सभागृहम्,अन्योन्याभिमुखशालाचतुष्कम्,मुनीनां_गृहम्,अश्वालयः,स्वर्णकारादीनाम्_शाला,जलशाला,शिष्याणां_निलयः,मद्यसन्धानगृहम्,प्रसवस्थानम्,चन्द्रशाला,धनवतां_वासस्थानम्,देवानां_राज्ञां_च_गृहम्,राजगृहम्,राजगृहसामान्यम्,
ईश्वरगृहविशेषः,राज्ञां_स्त्रीगृहम्,हर्म्याद्युपरिगृहम्,वस्त्रगेहम्,गजबन्धनशाला,बन्दिशाला,बन्धनगृहम्,मद्यगृहम्,अन्तर्गृहम्"
सद्मन्,नपुं।,गृहम्,,,द्रव्यम्,पृथ्वी,अचलनिर्जीवः,स्थानम्,मानवनिर्मितिः,,"गृह,गेह,उदवसित,वेश्मन्,सद्मन्,निकेतन,निशान्त,वस्त्य,सदन,भवन,आगार,मन्दिर,गृह,निकाय्य,निलय,आलय,शरण,धामन्,क्षय,धिष्ण्य,पुर,कुल,ओकस्","यष्टिकाकण्टकादिरचितवेष्टनम्,कण्टकादिवेष्टनम्,भित्तिः,अस्थ्यादिमयभित्तिः,सभागृहम्,गृहमध्यभागः,प्रसवस्थानम्,जालकम्,मण्डपः,त्रीणिद्वाराद्बहिर्वर्तमानः_प्रकोष्टकः,देहली,प्राङ्गणम्,द्वारस्तम्भाधःस्थितकाष्ठम्,द्वारस्तम्भोपरिस्थितदारुः,गुप्तद्वारम्,पार्श्वद्वारम्,गृहाच्छादनपटलप्रान्तभागः,छादनम्,छादनार्थवक्रदारुः,गृहप्रान्तस्थपक्षिस्थानम्,द्वारम्,प्राङ्गणस्थोपवेशस्थानम्,द्वारबाह्यभागम्,कवाटम्,कवाटबन्धनकाष्ठम्,सौधाद्यारोहणमार्गः,काष्टादिकृतावरोहणमार्गः,गृहसम्मार्जनी,गृहनिर्गमनप्रवेशमार्गः,शिरोनिधानम्,शय्या,पर्यङ्कः,आसनम्,सम्पुटः,केशमार्जनी,दर्पणः,व्यजनम्,अन्तर्गृहम्","इन्द्रगृहम्,वेश्यानिवासः,क्रय्यवस्तुशाला,सभागृहम्,अन्योन्याभिमुखशालाचतुष्कम्,मुनीनां_गृहम्,अश्वालयः,स्वर्णकारादीनाम्_शाला,जलशाला,शिष्याणां_निलयः,मद्यसन्धानगृहम्,प्रसवस्थानम्,चन्द्रशाला,धनवतां_वासस्थानम्,देवानां_राज्ञां_च_गृहम्,राजगृहम्,राजगृहसामान्यम्,
ईश्वरगृहविशेषः,राज्ञां_स्त्रीगृहम्,हर्म्याद्युपरिगृहम्,वस्त्रगेहम्,गजबन्धनशाला,बन्दिशाला,बन्धनगृहम्,मद्यगृहम्,अन्तर्गृहम्"
निकेतन,नपुं।,गृहम्,,,द्रव्यम्,पृथ्वी,अचलनिर्जीवः,स्थानम्,मानवनिर्मितिः,,"गृह,गेह,उदवसित,वेश्मन्,सद्मन्,निकेतन,निशान्त,वस्त्य,सदन,भवन,आगार,मन्दिर,गृह,निकाय्य,निलय,आलय,शरण,धामन्,क्षय,धिष्ण्य,पुर,कुल,ओकस्","यष्टिकाकण्टकादिरचितवेष्टनम्,कण्टकादिवेष्टनम्,भित्तिः,अस्थ्यादिमयभित्तिः,सभागृहम्,गृहमध्यभागः,प्रसवस्थानम्,जालकम्,मण्डपः,त्रीणिद्वाराद्बहिर्वर्तमानः_प्रकोष्टकः,देहली,प्राङ्गणम्,द्वारस्तम्भाधःस्थितकाष्ठम्,द्वारस्तम्भोपरिस्थितदारुः,गुप्तद्वारम्,पार्श्वद्वारम्,गृहाच्छादनपटलप्रान्तभागः,छादनम्,छादनार्थवक्रदारुः,गृहप्रान्तस्थपक्षिस्थानम्,द्वारम्,प्राङ्गणस्थोपवेशस्थानम्,द्वारबाह्यभागम्,कवाटम्,कवाटबन्धनकाष्ठम्,सौधाद्यारोहणमार्गः,काष्टादिकृतावरोहणमार्गः,गृहसम्मार्जनी,गृहनिर्गमनप्रवेशमार्गः,शिरोनिधानम्,शय्या,पर्यङ्कः,आसनम्,सम्पुटः,केशमार्जनी,दर्पणः,व्यजनम्,अन्तर्गृहम्","इन्द्रगृहम्,वेश्यानिवासः,क्रय्यवस्तुशाला,सभागृहम्,अन्योन्याभिमुखशालाचतुष्कम्,मुनीनां_गृहम्,अश्वालयः,स्वर्णकारादीनाम्_शाला,जलशाला,शिष्याणां_निलयः,मद्यसन्धानगृहम्,प्रसवस्थानम्,चन्द्रशाला,धनवतां_वासस्थानम्,देवानां_राज्ञां_च_गृहम्,राजगृहम्,राजगृहसामान्यम्,
ईश्वरगृहविशेषः,राज्ञां_स्त्रीगृहम्,हर्म्याद्युपरिगृहम्,वस्त्रगेहम्,गजबन्धनशाला,बन्दिशाला,बन्धनगृहम्,मद्यगृहम्,अन्तर्गृहम्"
निशान्त,नपुं।,गृहम्,,,द्रव्यम्,पृथ्वी,अचलनिर्जीवः,स्थानम्,मानवनिर्मितिः,,"गृह,गेह,उदवसित,वेश्मन्,सद्मन्,निकेतन,निशान्त,वस्त्य,सदन,भवन,आगार,मन्दिर,गृह,निकाय्य,निलय,आलय,शरण,धामन्,क्षय,धिष्ण्य,पुर,कुल,ओकस्","यष्टिकाकण्टकादिरचितवेष्टनम्,कण्टकादिवेष्टनम्,भित्तिः,अस्थ्यादिमयभित्तिः,सभागृहम्,गृहमध्यभागः,प्रसवस्थानम्,जालकम्,मण्डपः,त्रीणिद्वाराद्बहिर्वर्तमानः_प्रकोष्टकः,देहली,प्राङ्गणम्,द्वारस्तम्भाधःस्थितकाष्ठम्,द्वारस्तम्भोपरिस्थितदारुः,गुप्तद्वारम्,पार्श्वद्वारम्,गृहाच्छादनपटलप्रान्तभागः,छादनम्,छादनार्थवक्रदारुः,गृहप्रान्तस्थपक्षिस्थानम्,द्वारम्,प्राङ्गणस्थोपवेशस्थानम्,द्वारबाह्यभागम्,कवाटम्,कवाटबन्धनकाष्ठम्,सौधाद्यारोहणमार्गः,काष्टादिकृतावरोहणमार्गः,गृहसम्मार्जनी,गृहनिर्गमनप्रवेशमार्गः,शिरोनिधानम्,शय्या,पर्यङ्कः,आसनम्,सम्पुटः,केशमार्जनी,दर्पणः,व्यजनम्,अन्तर्गृहम्","इन्द्रगृहम्,वेश्यानिवासः,क्रय्यवस्तुशाला,सभागृहम्,अन्योन्याभिमुखशालाचतुष्कम्,मुनीनां_गृहम्,अश्वालयः,स्वर्णकारादीनाम्_शाला,जलशाला,शिष्याणां_निलयः,मद्यसन्धानगृहम्,प्रसवस्थानम्,चन्द्रशाला,धनवतां_वासस्थानम्,देवानां_राज्ञां_च_गृहम्,राजगृहम्,राजगृहसामान्यम्,
ईश्वरगृहविशेषः,राज्ञां_स्त्रीगृहम्,हर्म्याद्युपरिगृहम्,वस्त्रगेहम्,गजबन्धनशाला,बन्दिशाला,बन्धनगृहम्,मद्यगृहम्,अन्तर्गृहम्"
वस्त्य,नपुं।,गृहम्,,,द्रव्यम्,पृथ्वी,अचलनिर्जीवः,स्थानम्,मानवनिर्मितिः,,"गृह,गेह,उदवसित,वेश्मन्,सद्मन्,निकेतन,निशान्त,वस्त्य,सदन,भवन,आगार,मन्दिर,गृह,निकाय्य,निलय,आलय,शरण,धामन्,क्षय,धिष्ण्य,पुर,कुल,ओकस्","यष्टिकाकण्टकादिरचितवेष्टनम्,कण्टकादिवेष्टनम्,भित्तिः,अस्थ्यादिमयभित्तिः,सभागृहम्,गृहमध्यभागः,प्रसवस्थानम्,जालकम्,मण्डपः,त्रीणिद्वाराद्बहिर्वर्तमानः_प्रकोष्टकः,देहली,प्राङ्गणम्,द्वारस्तम्भाधःस्थितकाष्ठम्,द्वारस्तम्भोपरिस्थितदारुः,गुप्तद्वारम्,पार्श्वद्वारम्,गृहाच्छादनपटलप्रान्तभागः,छादनम्,छादनार्थवक्रदारुः,गृहप्रान्तस्थपक्षिस्थानम्,द्वारम्,प्राङ्गणस्थोपवेशस्थानम्,द्वारबाह्यभागम्,कवाटम्,कवाटबन्धनकाष्ठम्,सौधाद्यारोहणमार्गः,काष्टादिकृतावरोहणमार्गः,गृहसम्मार्जनी,गृहनिर्गमनप्रवेशमार्गः,शिरोनिधानम्,शय्या,पर्यङ्कः,आसनम्,सम्पुटः,केशमार्जनी,दर्पणः,व्यजनम्,अन्तर्गृहम्","इन्द्रगृहम्,वेश्यानिवासः,क्रय्यवस्तुशाला,सभागृहम्,अन्योन्याभिमुखशालाचतुष्कम्,मुनीनां_गृहम्,अश्वालयः,स्वर्णकारादीनाम्_शाला,जलशाला,शिष्याणां_निलयः,मद्यसन्धानगृहम्,प्रसवस्थानम्,चन्द्रशाला,धनवतां_वासस्थानम्,देवानां_राज्ञां_च_गृहम्,राजगृहम्,राजगृहसामान्यम्,
ईश्वरगृहविशेषः,राज्ञां_स्त्रीगृहम्,हर्म्याद्युपरिगृहम्,वस्त्रगेहम्,गजबन्धनशाला,बन्दिशाला,बन्धनगृहम्,मद्यगृहम्,अन्तर्गृहम्"
सदन,नपुं।,गृहम्,,,द्रव्यम्,पृथ्वी,अचलनिर्जीवः,स्थानम्,मानवनिर्मितिः,,"गृह,गेह,उदवसित,वेश्मन्,सद्मन्,निकेतन,निशान्त,वस्त्य,सदन,भवन,आगार,मन्दिर,गृह,निकाय्य,निलय,आलय,शरण,धामन्,क्षय,धिष्ण्य,पुर,कुल,ओकस्","यष्टिकाकण्टकादिरचितवेष्टनम्,कण्टकादिवेष्टनम्,भित्तिः,अस्थ्यादिमयभित्तिः,सभागृहम्,गृहमध्यभागः,प्रसवस्थानम्,जालकम्,मण्डपः,त्रीणिद्वाराद्बहिर्वर्तमानः_प्रकोष्टकः,देहली,प्राङ्गणम्,द्वारस्तम्भाधःस्थितकाष्ठम्,द्वारस्तम्भोपरिस्थितदारुः,गुप्तद्वारम्,पार्श्वद्वारम्,गृहाच्छादनपटलप्रान्तभागः,छादनम्,छादनार्थवक्रदारुः,गृहप्रान्तस्थपक्षिस्थानम्,द्वारम्,प्राङ्गणस्थोपवेशस्थानम्,द्वारबाह्यभागम्,कवाटम्,कवाटबन्धनकाष्ठम्,सौधाद्यारोहणमार्गः,काष्टादिकृतावरोहणमार्गः,गृहसम्मार्जनी,गृहनिर्गमनप्रवेशमार्गः,शिरोनिधानम्,शय्या,पर्यङ्कः,आसनम्,सम्पुटः,केशमार्जनी,दर्पणः,व्यजनम्,अन्तर्गृहम्","इन्द्रगृहम्,वेश्यानिवासः,क्रय्यवस्तुशाला,सभागृहम्,अन्योन्याभिमुखशालाचतुष्कम्,मुनीनां_गृहम्,अश्वालयः,स्वर्णकारादीनाम्_शाला,जलशाला,शिष्याणां_निलयः,मद्यसन्धानगृहम्,प्रसवस्थानम्,चन्द्रशाला,धनवतां_वासस्थानम्,देवानां_राज्ञां_च_गृहम्,राजगृहम्,राजगृहसामान्यम्,
ईश्वरगृहविशेषः,राज्ञां_स्त्रीगृहम्,हर्म्याद्युपरिगृहम्,वस्त्रगेहम्,गजबन्धनशाला,बन्दिशाला,बन्धनगृहम्,मद्यगृहम्,अन्तर्गृहम्"
भवन,नपुं।,गृहम्,,,द्रव्यम्,पृथ्वी,अचलनिर्जीवः,स्थानम्,मानवनिर्मितिः,,"गृह,गेह,उदवसित,वेश्मन्,सद्मन्,निकेतन,निशान्त,वस्त्य,सदन,भवन,आगार,मन्दिर,गृह,निकाय्य,निलय,आलय,शरण,धामन्,क्षय,धिष्ण्य,पुर,कुल,ओकस्","यष्टिकाकण्टकादिरचितवेष्टनम्,कण्टकादिवेष्टनम्,भित्तिः,अस्थ्यादिमयभित्तिः,सभागृहम्,गृहमध्यभागः,प्रसवस्थानम्,जालकम्,मण्डपः,त्रीणिद्वाराद्बहिर्वर्तमानः_प्रकोष्टकः,देहली,प्राङ्गणम्,द्वारस्तम्भाधःस्थितकाष्ठम्,द्वारस्तम्भोपरिस्थितदारुः,गुप्तद्वारम्,पार्श्वद्वारम्,गृहाच्छादनपटलप्रान्तभागः,छादनम्,छादनार्थवक्रदारुः,गृहप्रान्तस्थपक्षिस्थानम्,द्वारम्,प्राङ्गणस्थोपवेशस्थानम्,द्वारबाह्यभागम्,कवाटम्,कवाटबन्धनकाष्ठम्,सौधाद्यारोहणमार्गः,काष्टादिकृतावरोहणमार्गः,गृहसम्मार्जनी,गृहनिर्गमनप्रवेशमार्गः,शिरोनिधानम्,शय्या,पर्यङ्कः,आसनम्,सम्पुटः,केशमार्जनी,दर्पणः,व्यजनम्,अन्तर्गृहम्","इन्द्रगृहम्,वेश्यानिवासः,क्रय्यवस्तुशाला,सभागृहम्,अन्योन्याभिमुखशालाचतुष्कम्,मुनीनां_गृहम्,अश्वालयः,स्वर्णकारादीनाम्_शाला,जलशाला,शिष्याणां_निलयः,मद्यसन्धानगृहम्,प्रसवस्थानम्,चन्द्रशाला,धनवतां_वासस्थानम्,देवानां_राज्ञां_च_गृहम्,राजगृहम्,राजगृहसामान्यम्,
ईश्वरगृहविशेषः,राज्ञां_स्त्रीगृहम्,हर्म्याद्युपरिगृहम्,वस्त्रगेहम्,गजबन्धनशाला,बन्दिशाला,बन्धनगृहम्,मद्यगृहम्,अन्तर्गृहम्"
आगार,नपुं।,गृहम्,,,द्रव्यम्,पृथ्वी,अचलनिर्जीवः,स्थानम्,मानवनिर्मितिः,,"गृह,गेह,उदवसित,वेश्मन्,सद्मन्,निकेतन,निशान्त,वस्त्य,सदन,भवन,आगार,मन्दिर,गृह,निकाय्य,निलय,आलय,शरण,धामन्,क्षय,धिष्ण्य,पुर,कुल,ओकस्","यष्टिकाकण्टकादिरचितवेष्टनम्,कण्टकादिवेष्टनम्,भित्तिः,अस्थ्यादिमयभित्तिः,सभागृहम्,गृहमध्यभागः,प्रसवस्थानम्,जालकम्,मण्डपः,त्रीणिद्वाराद्बहिर्वर्तमानः_प्रकोष्टकः,देहली,प्राङ्गणम्,द्वारस्तम्भाधःस्थितकाष्ठम्,द्वारस्तम्भोपरिस्थितदारुः,गुप्तद्वारम्,पार्श्वद्वारम्,गृहाच्छादनपटलप्रान्तभागः,छादनम्,छादनार्थवक्रदारुः,गृहप्रान्तस्थपक्षिस्थानम्,द्वारम्,प्राङ्गणस्थोपवेशस्थानम्,द्वारबाह्यभागम्,कवाटम्,कवाटबन्धनकाष्ठम्,सौधाद्यारोहणमार्गः,काष्टादिकृतावरोहणमार्गः,गृहसम्मार्जनी,गृहनिर्गमनप्रवेशमार्गः,शिरोनिधानम्,शय्या,पर्यङ्कः,आसनम्,सम्पुटः,केशमार्जनी,दर्पणः,व्यजनम्,अन्तर्गृहम्","इन्द्रगृहम्,वेश्यानिवासः,क्रय्यवस्तुशाला,सभागृहम्,अन्योन्याभिमुखशालाचतुष्कम्,मुनीनां_गृहम्,अश्वालयः,स्वर्णकारादीनाम्_शाला,जलशाला,शिष्याणां_निलयः,मद्यसन्धानगृहम्,प्रसवस्थानम्,चन्द्रशाला,धनवतां_वासस्थानम्,देवानां_राज्ञां_च_गृहम्,राजगृहम्,राजगृहसामान्यम्,
ईश्वरगृहविशेषः,राज्ञां_स्त्रीगृहम्,हर्म्याद्युपरिगृहम्,वस्त्रगेहम्,गजबन्धनशाला,बन्दिशाला,बन्धनगृहम्,मद्यगृहम्,अन्तर्गृहम्"
मन्दिर,नपुं।,गृहम्,,,द्रव्यम्,पृथ्वी,अचलनिर्जीवः,स्थानम्,मानवनिर्मितिः,,"गृह,गेह,उदवसित,वेश्मन्,सद्मन्,निकेतन,निशान्त,वस्त्य,सदन,भवन,आगार,मन्दिर,गृह,निकाय्य,निलय,आलय,शरण,धामन्,क्षय,धिष्ण्य,पुर,कुल,ओकस्","यष्टिकाकण्टकादिरचितवेष्टनम्,कण्टकादिवेष्टनम्,भित्तिः,अस्थ्यादिमयभित्तिः,सभागृहम्,गृहमध्यभागः,प्रसवस्थानम्,जालकम्,मण्डपः,त्रीणिद्वाराद्बहिर्वर्तमानः_प्रकोष्टकः,देहली,प्राङ्गणम्,द्वारस्तम्भाधःस्थितकाष्ठम्,द्वारस्तम्भोपरिस्थितदारुः,गुप्तद्वारम्,पार्श्वद्वारम्,गृहाच्छादनपटलप्रान्तभागः,छादनम्,छादनार्थवक्रदारुः,गृहप्रान्तस्थपक्षिस्थानम्,द्वारम्,प्राङ्गणस्थोपवेशस्थानम्,द्वारबाह्यभागम्,कवाटम्,कवाटबन्धनकाष्ठम्,सौधाद्यारोहणमार्गः,काष्टादिकृतावरोहणमार्गः,गृहसम्मार्जनी,गृहनिर्गमनप्रवेशमार्गः,शिरोनिधानम्,शय्या,पर्यङ्कः,आसनम्,सम्पुटः,केशमार्जनी,दर्पणः,व्यजनम्,अन्तर्गृहम्","इन्द्रगृहम्,वेश्यानिवासः,क्रय्यवस्तुशाला,सभागृहम्,अन्योन्याभिमुखशालाचतुष्कम्,मुनीनां_गृहम्,अश्वालयः,स्वर्णकारादीनाम्_शाला,जलशाला,शिष्याणां_निलयः,मद्यसन्धानगृहम्,प्रसवस्थानम्,चन्द्रशाला,धनवतां_वासस्थानम्,देवानां_राज्ञां_च_गृहम्,राजगृहम्,राजगृहसामान्यम्,
ईश्वरगृहविशेषः,राज्ञां_स्त्रीगृहम्,हर्म्याद्युपरिगृहम्,वस्त्रगेहम्,गजबन्धनशाला,बन्दिशाला,बन्धनगृहम्,मद्यगृहम्,अन्तर्गृहम्"
गृह,पुं-बहु।,गृहम्,,,द्रव्यम्,पृथ्वी,अचलनिर्जीवः,स्थानम्,मानवनिर्मितिः,,"गृह,गेह,उदवसित,वेश्मन्,सद्मन्,निकेतन,निशान्त,वस्त्य,सदन,भवन,आगार,मन्दिर,गृह,निकाय्य,निलय,आलय,शरण,धामन्,क्षय,धिष्ण्य,पुर,कुल,ओकस्","यष्टिकाकण्टकादिरचितवेष्टनम्,कण्टकादिवेष्टनम्,भित्तिः,अस्थ्यादिमयभित्तिः,सभागृहम्,गृहमध्यभागः,प्रसवस्थानम्,जालकम्,मण्डपः,त्रीणिद्वाराद्बहिर्वर्तमानः_प्रकोष्टकः,देहली,प्राङ्गणम्,द्वारस्तम्भाधःस्थितकाष्ठम्,द्वारस्तम्भोपरिस्थितदारुः,गुप्तद्वारम्,पार्श्वद्वारम्,गृहाच्छादनपटलप्रान्तभागः,छादनम्,छादनार्थवक्रदारुः,गृहप्रान्तस्थपक्षिस्थानम्,द्वारम्,प्राङ्गणस्थोपवेशस्थानम्,द्वारबाह्यभागम्,कवाटम्,कवाटबन्धनकाष्ठम्,सौधाद्यारोहणमार्गः,काष्टादिकृतावरोहणमार्गः,गृहसम्मार्जनी,गृहनिर्गमनप्रवेशमार्गः,शिरोनिधानम्,शय्या,पर्यङ्कः,आसनम्,सम्पुटः,केशमार्जनी,दर्पणः,व्यजनम्,अन्तर्गृहम्","इन्द्रगृहम्,वेश्यानिवासः,क्रय्यवस्तुशाला,सभागृहम्,अन्योन्याभिमुखशालाचतुष्कम्,मुनीनां_गृहम्,अश्वालयः,स्वर्णकारादीनाम्_शाला,जलशाला,शिष्याणां_निलयः,मद्यसन्धानगृहम्,प्रसवस्थानम्,चन्द्रशाला,धनवतां_वासस्थानम्,देवानां_राज्ञां_च_गृहम्,राजगृहम्,राजगृहसामान्यम्,
ईश्वरगृहविशेषः,राज्ञां_स्त्रीगृहम्,हर्म्याद्युपरिगृहम्,वस्त्रगेहम्,गजबन्धनशाला,बन्दिशाला,बन्धनगृहम्,मद्यगृहम्,अन्तर्गृहम्"
निकाय्य,पुं।,गृहम्,,,द्रव्यम्,पृथ्वी,अचलनिर्जीवः,स्थानम्,मानवनिर्मितिः,,"गृह,गेह,उदवसित,वेश्मन्,सद्मन्,निकेतन,निशान्त,वस्त्य,सदन,भवन,आगार,मन्दिर,गृह,निकाय्य,निलय,आलय,शरण,धामन्,क्षय,धिष्ण्य,पुर,कुल,ओकस्","यष्टिकाकण्टकादिरचितवेष्टनम्,कण्टकादिवेष्टनम्,भित्तिः,अस्थ्यादिमयभित्तिः,सभागृहम्,गृहमध्यभागः,प्रसवस्थानम्,जालकम्,मण्डपः,त्रीणिद्वाराद्बहिर्वर्तमानः_प्रकोष्टकः,देहली,प्राङ्गणम्,द्वारस्तम्भाधःस्थितकाष्ठम्,द्वारस्तम्भोपरिस्थितदारुः,गुप्तद्वारम्,पार्श्वद्वारम्,गृहाच्छादनपटलप्रान्तभागः,छादनम्,छादनार्थवक्रदारुः,गृहप्रान्तस्थपक्षिस्थानम्,द्वारम्,प्राङ्गणस्थोपवेशस्थानम्,द्वारबाह्यभागम्,कवाटम्,कवाटबन्धनकाष्ठम्,सौधाद्यारोहणमार्गः,काष्टादिकृतावरोहणमार्गः,गृहसम्मार्जनी,गृहनिर्गमनप्रवेशमार्गः,शिरोनिधानम्,शय्या,पर्यङ्कः,आसनम्,सम्पुटः,केशमार्जनी,दर्पणः,व्यजनम्,अन्तर्गृहम्","इन्द्रगृहम्,वेश्यानिवासः,क्रय्यवस्तुशाला,सभागृहम्,अन्योन्याभिमुखशालाचतुष्कम्,मुनीनां_गृहम्,अश्वालयः,स्वर्णकारादीनाम्_शाला,जलशाला,शिष्याणां_निलयः,मद्यसन्धानगृहम्,प्रसवस्थानम्,चन्द्रशाला,धनवतां_वासस्थानम्,देवानां_राज्ञां_च_गृहम्,राजगृहम्,राजगृहसामान्यम्,
ईश्वरगृहविशेषः,राज्ञां_स्त्रीगृहम्,हर्म्याद्युपरिगृहम्,वस्त्रगेहम्,गजबन्धनशाला,बन्दिशाला,बन्धनगृहम्,मद्यगृहम्,अन्तर्गृहम्"
निलय,पुं।,गृहम्,,,द्रव्यम्,पृथ्वी,अचलनिर्जीवः,स्थानम्,मानवनिर्मितिः,,"गृह,गेह,उदवसित,वेश्मन्,सद्मन्,निकेतन,निशान्त,वस्त्य,सदन,भवन,आगार,मन्दिर,गृह,निकाय्य,निलय,आलय,शरण,धामन्,क्षय,धिष्ण्य,पुर,कुल,ओकस्","यष्टिकाकण्टकादिरचितवेष्टनम्,कण्टकादिवेष्टनम्,भित्तिः,अस्थ्यादिमयभित्तिः,सभागृहम्,गृहमध्यभागः,प्रसवस्थानम्,जालकम्,मण्डपः,त्रीणिद्वाराद्बहिर्वर्तमानः_प्रकोष्टकः,देहली,प्राङ्गणम्,द्वारस्तम्भाधःस्थितकाष्ठम्,द्वारस्तम्भोपरिस्थितदारुः,गुप्तद्वारम्,पार्श्वद्वारम्,गृहाच्छादनपटलप्रान्तभागः,छादनम्,छादनार्थवक्रदारुः,गृहप्रान्तस्थपक्षिस्थानम्,द्वारम्,प्राङ्गणस्थोपवेशस्थानम्,द्वारबाह्यभागम्,कवाटम्,कवाटबन्धनकाष्ठम्,सौधाद्यारोहणमार्गः,काष्टादिकृतावरोहणमार्गः,गृहसम्मार्जनी,गृहनिर्गमनप्रवेशमार्गः,शिरोनिधानम्,शय्या,पर्यङ्कः,आसनम्,सम्पुटः,केशमार्जनी,दर्पणः,व्यजनम्,अन्तर्गृहम्","इन्द्रगृहम्,वेश्यानिवासः,क्रय्यवस्तुशाला,सभागृहम्,अन्योन्याभिमुखशालाचतुष्कम्,मुनीनां_गृहम्,अश्वालयः,स्वर्णकारादीनाम्_शाला,जलशाला,शिष्याणां_निलयः,मद्यसन्धानगृहम्,प्रसवस्थानम्,चन्द्रशाला,धनवतां_वासस्थानम्,देवानां_राज्ञां_च_गृहम्,राजगृहम्,राजगृहसामान्यम्,
ईश्वरगृहविशेषः,राज्ञां_स्त्रीगृहम्,हर्म्याद्युपरिगृहम्,वस्त्रगेहम्,गजबन्धनशाला,बन्दिशाला,बन्धनगृहम्,मद्यगृहम्,अन्तर्गृहम्"
आलय,पुं।,गृहम्,,,द्रव्यम्,पृथ्वी,अचलनिर्जीवः,स्थानम्,मानवनिर्मितिः,,"गृह,गेह,उदवसित,वेश्मन्,सद्मन्,निकेतन,निशान्त,वस्त्य,सदन,भवन,आगार,मन्दिर,गृह,निकाय्य,निलय,आलय,शरण,धामन्,क्षय,धिष्ण्य,पुर,कुल,ओकस्","यष्टिकाकण्टकादिरचितवेष्टनम्,कण्टकादिवेष्टनम्,भित्तिः,अस्थ्यादिमयभित्तिः,सभागृहम्,गृहमध्यभागः,प्रसवस्थानम्,जालकम्,मण्डपः,त्रीणिद्वाराद्बहिर्वर्तमानः_प्रकोष्टकः,देहली,प्राङ्गणम्,द्वारस्तम्भाधःस्थितकाष्ठम्,द्वारस्तम्भोपरिस्थितदारुः,गुप्तद्वारम्,पार्श्वद्वारम्,गृहाच्छादनपटलप्रान्तभागः,छादनम्,छादनार्थवक्रदारुः,गृहप्रान्तस्थपक्षिस्थानम्,द्वारम्,प्राङ्गणस्थोपवेशस्थानम्,द्वारबाह्यभागम्,कवाटम्,कवाटबन्धनकाष्ठम्,सौधाद्यारोहणमार्गः,काष्टादिकृतावरोहणमार्गः,गृहसम्मार्जनी,गृहनिर्गमनप्रवेशमार्गः,शिरोनिधानम्,शय्या,पर्यङ्कः,आसनम्,सम्पुटः,केशमार्जनी,दर्पणः,व्यजनम्,अन्तर्गृहम्","इन्द्रगृहम्,वेश्यानिवासः,क्रय्यवस्तुशाला,सभागृहम्,अन्योन्याभिमुखशालाचतुष्कम्,मुनीनां_गृहम्,अश्वालयः,स्वर्णकारादीनाम्_शाला,जलशाला,शिष्याणां_निलयः,मद्यसन्धानगृहम्,प्रसवस्थानम्,चन्द्रशाला,धनवतां_वासस्थानम्,देवानां_राज्ञां_च_गृहम्,राजगृहम्,राजगृहसामान्यम्,
ईश्वरगृहविशेषः,राज्ञां_स्त्रीगृहम्,हर्म्याद्युपरिगृहम्,वस्त्रगेहम्,गजबन्धनशाला,बन्दिशाला,बन्धनगृहम्,मद्यगृहम्,अन्तर्गृहम्"
वास,पुं।,सभागृहम्,,,द्रव्यम्,पृथ्वी,अचलनिर्जीवः,स्थानम्,मानवनिर्मितिः,,"वास,कुटी,शाला,सभा",,
कुटी,स्त्री-पुं।,सभागृहम्,,,द्रव्यम्,पृथ्वी,अचलनिर्जीवः,स्थानम्,मानवनिर्मितिः,,"वास,कुटी,शाला,सभा",,
शाला,स्त्री।,सभागृहम्,,,द्रव्यम्,पृथ्वी,अचलनिर्जीवः,स्थानम्,मानवनिर्मितिः,,"वास,कुटी,शाला,सभा",,
सभा,स्त्री।,सभागृहम्,,,द्रव्यम्,पृथ्वी,अचलनिर्जीवः,स्थानम्,मानवनिर्मितिः,,"वास,कुटी,शाला,सभा",,
सञ्जवन,नपुं।,अन्योन्याभिमुखशालाचतुष्कम्,,समूहः,द्रव्यम्,पृथ्वी,अचलनिर्जीवः,स्थानम्,मानवनिर्मितिः,,"सञ्जवन,चतुःशाल",,
चतुःशाल,नपुं।,अन्योन्याभिमुखशालाचतुष्कम्,,समूहः,द्रव्यम्,पृथ्वी,अचलनिर्जीवः,स्थानम्,मानवनिर्मितिः,,"सञ्जवन,चतुःशाल",,
पर्णशाला,स्त्री।,मुनीनां_गृहम्,,,द्रव्यम्,पृथ्वी,अचलनिर्जीवः,स्थानम्,मानवनिर्मितिः,,"पर्णशाला,उटज",,
उटज,पुं-नपुं।,मुनीनां_गृहम्,,,द्रव्यम्,पृथ्वी,अचलनिर्जीवः,स्थानम्,मानवनिर्मितिः,,"पर्णशाला,उटज",,
चैत्य,नपुं।,यज्ञस्थानम्,,,द्रव्यम्,पृथ्वी,अचलनिर्जीवः,स्थानम्,मानवनिर्मितिः,,"चैत्य,आयतन",,
आयतन,नपुं।,यज्ञस्थानम्,,,द्रव्यम्,पृथ्वी,अचलनिर्जीवः,स्थानम्,मानवनिर्मितिः,,"चैत्य,आयतन",,
वाजिशाला,स्त्री।,अश्वालयः,,,द्रव्यम्,पृथ्वी,अचलनिर्जीवः,स्थानम्,मानवनिर्मितिः,,"वाजिशाला,मन्दुरा",,
मन्दुरा,स्त्री।,अश्वालयः,,,द्रव्यम्,पृथ्वी,अचलनिर्जीवः,स्थानम्,मानवनिर्मितिः,,"वाजिशाला,मन्दुरा",,
आवेशन,नपुं।,स्वर्णकारादीनाम्_शाला,,,द्रव्यम्,पृथ्वी,अचलनिर्जीवः,स्थानम्,मानवनिर्मितिः,,"आवेशन,शिल्पिशाला",,
शिल्पिशाला,स्त्री।,स्वर्णकारादीनाम्_शाला,,,द्रव्यम्,पृथ्वी,अचलनिर्जीवः,स्थानम्,मानवनिर्मितिः,,"आवेशन,शिल्पिशाला",,
प्रपा,स्त्री।,जलशाला,,,द्रव्यम्,पृथ्वी,अचलनिर्जीवः,स्थानम्,मानवनिर्मितिः,,"प्रपा,पानीयशालिका",,
पानीयशालिका,स्त्री।,जलशाला,,,द्रव्यम्,पृथ्वी,अचलनिर्जीवः,स्थानम्,मानवनिर्मितिः,,"प्रपा,पानीयशालिका",,
मठ,पुं।,शिष्याणां_निलयः,,,द्रव्यम्,पृथ्वी,अचलनिर्जीवः,स्थानम्,मानवनिर्मितिः,,मठ,,
गञ्जा,स्त्री।,मद्यसन्धानगृहम्,,,द्रव्यम्,पृथ्वी,अचलनिर्जीवः,स्थानम्,मानवनिर्मितिः,,"गञ्जा,मदिरागृह",,
मदिरागृह,नपुं।,मद्यसन्धानगृहम्,,,द्रव्यम्,पृथ्वी,अचलनिर्जीवः,स्थानम्,मानवनिर्मितिः,,"गञ्जा,मदिरागृह",,
गर्भागार,नपुं।,गृहमध्यभागः,,,द्रव्यम्,पृथ्वी,अचलनिर्जीवः,स्थानम्,मानवनिर्मितिः,,"गर्भागार,वासगृह",,
वासगृह,नपुं।,गृहमध्यभागः,,,द्रव्यम्,पृथ्वी,अचलनिर्जीवः,स्थानम्,मानवनिर्मितिः,,"गर्भागार,वासगृह",,
अरिष्ट,नपुं।,प्रसवस्थानम्,,,द्रव्यम्,पृथ्वी,अचलनिर्जीवः,स्थानम्,मानवनिर्मितिः,,"अरिष्ट,सूतिकागृह",,
सूतिकागृह,नपुं।,प्रसवस्थानम्,,,द्रव्यम्,पृथ्वी,अचलनिर्जीवः,स्थानम्,मानवनिर्मितिः,,"अरिष्ट,सूतिकागृह",,
कुट्टिम,पुं।,पाषाणादिनिबद्धा_भूः,,,द्रव्यम्,पृथ्वी,,,,,कुट्टिम,,
चन्द्रशाला,स्त्री।,चन्द्रशाला,,,द्रव्यम्,पृथ्वी,अचलनिर्जीवः,स्थानम्,मानवनिर्मितिः,,"चन्द्रशाला,शिरोगृह",,
शिरोगृह,नपुं।,चन्द्रशाला,,,द्रव्यम्,पृथ्वी,अचलनिर्जीवः,स्थानम्,मानवनिर्मितिः,,"चन्द्रशाला,शिरोगृह",,
वातायन,नपुं।,जालकम्,,,द्रव्यम्,पृथ्वी,अचलनिर्जीवः,स्थानम्,मानवनिर्मितिः,,"वातायन,गवाक्ष,जाल",,
गवाक्ष,पुं।,जालकम्,,,द्रव्यम्,पृथ्वी,अचलनिर्जीवः,स्थानम्,मानवनिर्मितिः,,"वातायन,गवाक्ष,जाल",,
मण्डप,पुं-नपुं।,मण्डपः,,,द्रव्यम्,पृथ्वी,अचलनिर्जीवः,स्थानम्,मानवनिर्मितिः,,"मण्डप,जनाश्रय",,
जनाश्रय,पुं।,मण्डपः,,,द्रव्यम्,पृथ्वी,अचलनिर्जीवः,स्थानम्,मानवनिर्मितिः,,"मण्डप,जनाश्रय",,
हर्म्य,नपुं।,धनवतां_वासस्थानम्,,,द्रव्यम्,पृथ्वी,अचलनिर्जीवः,स्थानम्,मानवनिर्मितिः,,हर्म्य,,
प्रासाद,पुं।,देवानां_राज्ञां_च_गृहम्,,,द्रव्यम्,पृथ्वी,अचलनिर्जीवः,स्थानम्,मानवनिर्मितिः,,प्रासाद,,
सौध,पुं-नपुं।,राजगृहम्,,,द्रव्यम्,पृथ्वी,अचलनिर्जीवः,स्थानम्,मानवनिर्मितिः,,"सौध,राजसदन","राज्ञां_स्त्रीगृहम्,हर्म्याद्युपरिगृहम्,राजा",
राजसदन,नपुं।,राजगृहम्,,,द्रव्यम्,पृथ्वी,अचलनिर्जीवः,स्थानम्,मानवनिर्मितिः,,"सौध,राजसदन","राज्ञां_स्त्रीगृहम्,हर्म्याद्युपरिगृहम्,राजा",
उपकार्या,स्त्री।,राजगृहसामान्यम्,,,द्रव्यम्,पृथ्वी,अचलनिर्जीवः,स्थानम्,मानवनिर्मितिः,,"उपकार्या,उपकारिका",राजा,
उपकारिका,स्त्री।,राजगृहसामान्यम्,,,द्रव्यम्,पृथ्वी,अचलनिर्जीवः,स्थानम्,मानवनिर्मितिः,,"उपकार्या,उपकारिका",राजा,
स्वस्तिक,पुं।,ईश्वरगृहविशेषः,,,द्रव्यम्,पृथ्वी,अचलनिर्जीवः,स्थानम्,मानवनिर्मितिः,,"स्वस्तिक,सर्वतोभद्र,नन्द्यावर्त,विच्छन्दक,प्रभेद",,
सर्वतोभद्र,पुं।,ईश्वरगृहविशेषः,,,द्रव्यम्,पृथ्वी,अचलनिर्जीवः,स्थानम्,मानवनिर्मितिः,,"स्वस्तिक,सर्वतोभद्र,नन्द्यावर्त,विच्छन्दक,प्रभेद",,
नन्द्यावर्त,पुं।,ईश्वरगृहविशेषः,,,द्रव्यम्,पृथ्वी,अचलनिर्जीवः,स्थानम्,मानवनिर्मितिः,,"स्वस्तिक,सर्वतोभद्र,नन्द्यावर्त,विच्छन्दक,प्रभेद",,
विच्छन्दक,पुं।,ईश्वरगृहविशेषः,,,द्रव्यम्,पृथ्वी,अचलनिर्जीवः,स्थानम्,मानवनिर्मितिः,,"स्वस्तिक,सर्वतोभद्र,नन्द्यावर्त,विच्छन्दक,प्रभेद",,
प्रभेद,पुं।,ईश्वरगृहविशेषः,,,द्रव्यम्,पृथ्वी,अचलनिर्जीवः,स्थानम्,मानवनिर्मितिः,,"स्वस्तिक,सर्वतोभद्र,नन्द्यावर्त,विच्छन्दक,प्रभेद",,
स्त्र्यगार,नपुं।,राज्ञां_स्त्रीगृहम्,,,द्रव्यम्,पृथ्वी,अचलनिर्जीवः,स्थानम्,मानवनिर्मितिः,,"स्त्र्यगार,अन्तःपुर,शुद्धान्त,अवरोधन",राजा,
अन्तःपुर,नपुं।,राज्ञां_स्त्रीगृहम्,,,द्रव्यम्,पृथ्वी,अचलनिर्जीवः,स्थानम्,मानवनिर्मितिः,,"स्त्र्यगार,अन्तःपुर,शुद्धान्त,अवरोधन",राजा,
शुद्धान्त,पुं।,राज्ञां_स्त्रीगृहम्,,,द्रव्यम्,पृथ्वी,अचलनिर्जीवः,स्थानम्,मानवनिर्मितिः,,"स्त्र्यगार,अन्तःपुर,शुद्धान्त,अवरोधन",राजा,
अवरोधन,नपुं।,राज्ञां_स्त्रीगृहम्,,,द्रव्यम्,पृथ्वी,अचलनिर्जीवः,स्थानम्,मानवनिर्मितिः,,"स्त्र्यगार,अन्तःपुर,शुद्धान्त,अवरोधन",राजा,
अट्ट,पुं।,हर्म्याद्युपरिगृहम्,,,द्रव्यम्,पृथ्वी,अचलनिर्जीवः,स्थानम्,मानवनिर्मितिः,,"अट्ट,क्षौम,तल्प",,
क्षौम,पुं-नपुं।,हर्म्याद्युपरिगृहम्,,,द्रव्यम्,पृथ्वी,अचलनिर्जीवः,स्थानम्,मानवनिर्मितिः,,"अट्ट,क्षौम,तल्प",,
प्रघाण,पुं।,त्रीणिद्वाराद्बहिर्वर्तमानः_प्रकोष्टकः,,,द्रव्यम्,पृथ्वी,अचलनिर्जीवः,स्थानम्,मानवनिर्मितिः,,"प्रघाण,प्रघण,अलिन्द",,
प्रघण,पुं।,त्रीणिद्वाराद्बहिर्वर्तमानः_प्रकोष्टकः,,,द्रव्यम्,पृथ्वी,अचलनिर्जीवः,स्थानम्,मानवनिर्मितिः,,"प्रघाण,प्रघण,अलिन्द",,
अलिन्द,पुं।,त्रीणिद्वाराद्बहिर्वर्तमानः_प्रकोष्टकः,,,द्रव्यम्,पृथ्वी,अचलनिर्जीवः,स्थानम्,मानवनिर्मितिः,,"प्रघाण,प्रघण,अलिन्द",,
गृहावग्रहणी,स्त्री।,देहली,,,द्रव्यम्,पृथ्वी,अचलनिर्जीवः,स्थानम्,मानवनिर्मितिः,,"गृहावग्रहणी,देहली",,
देहली,स्त्री।,देहली,,,द्रव्यम्,पृथ्वी,अचलनिर्जीवः,स्थानम्,मानवनिर्मितिः,,"गृहावग्रहणी,देहली",,
अङ्गण,नपुं।,प्राङ्गणम्,,,द्रव्यम्,पृथ्वी,अचलनिर्जीवः,स्थानम्,मानवनिर्मितिः,,"अङ्गण,चत्वर,अजिर",,
चत्वर,नपुं।,प्राङ्गणम्,,,द्रव्यम्,पृथ्वी,अचलनिर्जीवः,स्थानम्,मानवनिर्मितिः,,"अङ्गण,चत्वर,अजिर",,
अजिर,नपुं।,प्राङ्गणम्,,,द्रव्यम्,पृथ्वी,अचलनिर्जीवः,स्थानम्,मानवनिर्मितिः,,"अङ्गण,चत्वर,अजिर",,
शिला,स्त्री।,द्वारस्तम्भाधःस्थितकाष्ठम्,,,द्रव्यम्,पृथ्वी,अचलनिर्जीवः,अचलनिर्जीववस्तु,,,शिला,,
नासा,स्त्री।,द्वारस्तम्भोपरिस्थितदारुः,,,द्रव्यम्,पृथ्वी,अचलनिर्जीवः,अचलनिर्जीववस्तु,,,नासा,,
प्रच्छन्न,नपुं।,गुप्तद्वारम्,,,द्रव्यम्,पृथ्वी,अचलनिर्जीवः,स्थानम्,मानवनिर्मितिः,,"प्रच्छन्न,अन्तर्द्वार",,
अन्तर्द्वार,नपुं।,गुप्तद्वारम्,,,द्रव्यम्,पृथ्वी,अचलनिर्जीवः,स्थानम्,मानवनिर्मितिः,,"प्रच्छन्न,अन्तर्द्वार",,
पक्षद्वार,नपुं।,पार्श्वद्वारम्,,,द्रव्यम्,पृथ्वी,अचलनिर्जीवः,स्थानम्,मानवनिर्मितिः,,"पक्षद्वार,पक्षक",,
पक्षक,पुं।,पार्श्वद्वारम्,,,द्रव्यम्,पृथ्वी,अचलनिर्जीवः,स्थानम्,मानवनिर्मितिः,,"पक्षद्वार,पक्षक",,
वलीक,पुं-नपुं।,गृहाच्छादनपटलप्रान्तभागः,,,द्रव्यम्,पृथ्वी,अचलनिर्जीवः,स्थानम्,मानवनिर्मितिः,,"वलीक,नीध्र,पटलप्रान्त",,
नीध्र,नपुं।,गृहाच्छादनपटलप्रान्तभागः,,,द्रव्यम्,पृथ्वी,अचलनिर्जीवः,स्थानम्,मानवनिर्मितिः,,"वलीक,नीध्र,पटलप्रान्त",,
पटलप्रान्त,पुं।,गृहाच्छादनपटलप्रान्तभागः,,,द्रव्यम्,पृथ्वी,अचलनिर्जीवः,स्थानम्,मानवनिर्मितिः,,"वलीक,नीध्र,पटलप्रान्त",,
पटल,नपुं।,छादनम्,,,द्रव्यम्,पृथ्वी,अचलनिर्जीवः,स्थानम्,मानवनिर्मितिः,,"पटल,छदिस्",,
छदिस्,स्त्री।,छादनम्,,,द्रव्यम्,पृथ्वी,अचलनिर्जीवः,स्थानम्,मानवनिर्मितिः,,"पटल,छदिस्",,
गोपानसी,स्त्री।,छादनार्थवक्रदारुः,,,द्रव्यम्,पृथ्वी,अचलनिर्जीवः,अचलनिर्जीववस्तु,,,"गोपानसी,वलभी",,
वलभी,स्त्री।,छादनार्थवक्रदारुः,,,द्रव्यम्,पृथ्वी,अचलनिर्जीवः,अचलनिर्जीववस्तु,,,"गोपानसी,वलभी",,
कपोतपालिका,स्त्री।,गृहप्रान्तस्थपक्षिस्थानम्,,,द्रव्यम्,पृथ्वी,अचलनिर्जीवः,स्थानम्,मानवनिर्मितिः,,"कपोतपालिका,विटङ्क",,
विटङ्क,पुं-नपुं।,गृहप्रान्तस्थपक्षिस्थानम्,,,द्रव्यम्,पृथ्वी,अचलनिर्जीवः,स्थानम्,मानवनिर्मितिः,,"कपोतपालिका,विटङ्क",,
द्वा,स्त्री।,द्वारम्,,,द्रव्यम्,पृथ्वी,अचलनिर्जीवः,स्थानम्,मानवनिर्मितिः,,"द्वा,द्वार,प्रतीहार,निर्यूह",,"गुप्तद्वारम्,पार्श्वद्वारम्,नगरद्वारम्"
द्वार,नपुं।,द्वारम्,,,द्रव्यम्,पृथ्वी,अचलनिर्जीवः,स्थानम्,मानवनिर्मितिः,,"द्वा,द्वार,प्रतीहार,निर्यूह",,"गुप्तद्वारम्,पार्श्वद्वारम्,नगरद्वारम्"
प्रतीहार,पुं।,द्वारम्,,,द्रव्यम्,पृथ्वी,अचलनिर्जीवः,स्थानम्,मानवनिर्मितिः,,"द्वा,द्वार,प्रतीहार,निर्यूह",,"गुप्तद्वारम्,पार्श्वद्वारम्,नगरद्वारम्"
वितर्दि,स्त्री।,प्राङ्गणस्थोपवेशस्थानम्,,,द्रव्यम्,पृथ्वी,अचलनिर्जीवः,स्थानम्,मानवनिर्मितिः,,"वितर्दि,वेदिका",,
वेदिका,स्त्री।,प्राङ्गणस्थोपवेशस्थानम्,,,द्रव्यम्,पृथ्वी,अचलनिर्जीवः,स्थानम्,मानवनिर्मितिः,,"वितर्दि,वेदिका",,
तोरण,पुं-नपुं।,द्वारबाह्यभागम्,,,द्रव्यम्,पृथ्वी,अचलनिर्जीवः,स्थानम्,मानवनिर्मितिः,,"तोरण,बहिर्द्वार",,
बहिर्द्वार,नपुं।,द्वारबाह्यभागम्,,,द्रव्यम्,पृथ्वी,अचलनिर्जीवः,स्थानम्,मानवनिर्मितिः,,"तोरण,बहिर्द्वार",,
पुरद्वार,नपुं।,नगरद्वारम्,,,द्रव्यम्,पृथ्वी,अचलनिर्जीवः,स्थानम्,मानवनिर्मितिः,,"पुरद्वार,गोपुर",,
गोपुर,नपुं।,नगरद्वारम्,,,द्रव्यम्,पृथ्वी,अचलनिर्जीवः,स्थानम्,मानवनिर्मितिः,,"पुरद्वार,गोपुर",,
हस्तिनख,पुं।,नगरद्वारावतरणार्थं_कृतं_मृत्कूटम्,,,द्रव्यम्,पृथ्वी,अचलनिर्जीवः,अचलनिर्जीववस्तु,,,हस्तिनख,,
कपाट,वि।,कवाटम्,,,द्रव्यम्,पृथ्वी,अचलनिर्जीवः,स्थानम्,मानवनिर्मितिः,,"कपाट,अरर",,
अरर,वि।,कवाटम्,,,द्रव्यम्,पृथ्वी,अचलनिर्जीवः,स्थानम्,मानवनिर्मितिः,,"कपाट,अरर",,
अर्गल,स्त्री-नपुं।,कवाटबन्धनकाष्ठम्,,,द्रव्यम्,पृथ्वी,अचलनिर्जीवः,अचलनिर्जीववस्तु,,,अर्गल,,
आरोहण,नपुं।,सौधाद्यारोहणमार्गः,,,द्रव्यम्,पृथ्वी,अचलनिर्जीवः,स्थानम्,मानवनिर्मितिः,,"आरोहण,सोपान",,
सोपान,नपुं।,सौधाद्यारोहणमार्गः,,,द्रव्यम्,पृथ्वी,अचलनिर्जीवः,स्थानम्,मानवनिर्मितिः,,"आरोहण,सोपान",,
निःश्रेणि,स्त्री।,काष्टादिकृतावरोहणमार्गः,,,द्रव्यम्,पृथ्वी,अचलनिर्जीवः,स्थानम्,मानवनिर्मितिः,,"निःश्रेणि,अधिरोहिणी",,
अधिरोहिणी,स्त्री।,काष्टादिकृतावरोहणमार्गः,,,द्रव्यम्,पृथ्वी,अचलनिर्जीवः,स्थानम्,मानवनिर्मितिः,,"निःश्रेणि,अधिरोहिणी",,
सम्मार्जनी,स्त्री।,गृहसम्मार्जनी,,"उपकरणम्,गार्हिकोपकरणम्",,,,,,,"सम्मार्जनी,शोधनी",,
शोधनी,स्त्री।,गृहसम्मार्जनी,,"उपकरणम्,गार्हिकोपकरणम्",,,,,,,"सम्मार्जनी,शोधनी",,
सङ्कर,पुं।,गृहशोधन्याक्षिप्त_धूल्यादिः-कचरा,,,द्रव्यम्,पृथ्वी,अचलनिर्जीवः,अचलनिर्जीववस्तु,,,"सङ्कर,अवकर",,
अवकर,पुं।,गृहशोधन्याक्षिप्त_धूल्यादिः-कचरा,,,द्रव्यम्,पृथ्वी,अचलनिर्जीवः,अचलनिर्जीववस्तु,,,"सङ्कर,अवकर",,
मुख,नपुं।,गृहनिर्गमनप्रवेशमार्गः,,,द्रव्यम्,पृथ्वी,अचलनिर्जीवः,स्थानम्,मानवनिर्मितिः,,"मुख,निःसरण",,
निःसरण,नपुं।,गृहनिर्गमनप्रवेशमार्गः,,,द्रव्यम्,पृथ्वी,अचलनिर्जीवः,स्थानम्,मानवनिर्मितिः,,"मुख,निःसरण",,
संनिवेश,पुं।,गृहरचनापरिच्छिन्नदेशः,,,द्रव्यम्,पृथ्वी,अचलनिर्जीवः,स्थानम्,मानवनिर्मितिः,,"संनिवेश,निकर्षण","गृहरचनावच्छिन्नवास्तुभूमिः,गृहोपवनम्,गणिकामात्यादिगृहोपवनम्",
निकर्षण,नपुं।,गृहरचनापरिच्छिन्नदेशः,,,द्रव्यम्,पृथ्वी,अचलनिर्जीवः,स्थानम्,मानवनिर्मितिः,,"संनिवेश,निकर्षण","गृहरचनावच्छिन्नवास्तुभूमिः,गृहोपवनम्,गणिकामात्यादिगृहोपवनम्",
संवसथ,पुं।,ग्रामः,,,द्रव्यम्,पृथ्वी,अचलनिर्जीवः,स्थानम्,मानवनिर्मितिः,,"संवसथ,ग्राम,खेटक","ग्राममध्यमार्गः,सीमा,ग्रामाधिपः","गोपग्रामः,भिल्लग्रामः"
ग्राम,पुं।,ग्रामः,,,द्रव्यम्,पृथ्वी,अचलनिर्जीवः,स्थानम्,मानवनिर्मितिः,,"संवसथ,ग्राम,खेटक","ग्राममध्यमार्गः,सीमा,ग्रामाधिपः","गोपग्रामः,भिल्लग्रामः"
वेश्मभू,स्त्री।,गृहरचनावच्छिन्नवास्तुभूमिः,,,द्रव्यम्,पृथ्वी,,,,,"वेश्मभू,वास्तु",,
वास्तु,पुं-नपुं।,गृहरचनावच्छिन्नवास्तुभूमिः,,,द्रव्यम्,पृथ्वी,,,,,"वेश्मभू,वास्तु",,
ग्रामान्त,नपुं।,ग्रामादिसमीपदेशः,,,द्रव्यम्,पृथ्वी,अचलनिर्जीवः,स्थानम्,प्राकृतिकस्थानम्,,"ग्रामान्त,उपशल्य",,
उपशल्य,नपुं।,ग्रामादिसमीपदेशः,,,द्रव्यम्,पृथ्वी,अचलनिर्जीवः,स्थानम्,प्राकृतिकस्थानम्,,"ग्रामान्त,उपशल्य",,
सीमा,स्त्री।,सीमा,,,द्रव्यम्,पृथ्वी,अचलनिर्जीवः,स्थानम्,मानवनिर्मितिः,,"सीमा,सीमन्",,
सीमन्,स्त्री।,सीमा,,,द्रव्यम्,पृथ्वी,अचलनिर्जीवः,स्थानम्,मानवनिर्मितिः,,"सीमा,सीमन्",,
घोष,पुं।,गोपग्रामः,,,द्रव्यम्,पृथ्वी,अचलनिर्जीवः,स्थानम्,मानवनिर्मितिः,,"घोष,आभीरपल्ली",गोपालः,
आभीरपल्ली,स्त्री।,गोपग्रामः,,,द्रव्यम्,पृथ्वी,अचलनिर्जीवः,स्थानम्,मानवनिर्मितिः,,"घोष,आभीरपल्ली",गोपालः,
पक्कण,पुं।,भिल्लग्रामः,,,द्रव्यम्,पृथ्वी,अचलनिर्जीवः,स्थानम्,मानवनिर्मितिः,,"पक्कण,शबरालय",शबरः,
शबरालय,पुं।,भिल्लग्रामः,,,द्रव्यम्,पृथ्वी,अचलनिर्जीवः,स्थानम्,मानवनिर्मितिः,,"पक्कण,शबरालय",शबरः,
महीध्र,पुं।,पर्वतः,,,द्रव्यम्,पृथ्वी,अचलनिर्जीवः,स्थानम्,प्राकृतिकस्थानम्,,"महीध्र,शिखरिन्,क्ष्माभृत्,अहार्य,धर,पर्वत,अद्रि,गोत्र,गिरि,ग्रावन्,अचल,शैल,शिलोच्चय,नग,अग,जीमूत,भूभृत्,मरु,अवि","पाषाणः,पर्वताग्रः,मेखलाख्यपर्वतमध्यभागः,पर्वतनिर्गतशिलाखण्डः","मेरुपर्वतः,लोकालोकपर्वतः,लङ्काधिष्ठानपर्वतः,पश्चिमपर्वतः,उदयपर्वतः,हिमवान्,निषधपर्वतः,विन्ध्यापर्वतः,माल्यवान्,परियात्रकपर्वतः,गन्धमादनपर्वतः,हेमकूटपर्वतः,पर्वतसमीपस्थाल्पपर्वतः"
शिखरिन्,पुं।,पर्वतः,,,द्रव्यम्,पृथ्वी,अचलनिर्जीवः,स्थानम्,प्राकृतिकस्थानम्,,"महीध्र,शिखरिन्,क्ष्माभृत्,अहार्य,धर,पर्वत,अद्रि,गोत्र,गिरि,ग्रावन्,अचल,शैल,शिलोच्चय,नग,अग,जीमूत,भूभृत्,मरु,अवि","पाषाणः,पर्वताग्रः,मेखलाख्यपर्वतमध्यभागः,पर्वतनिर्गतशिलाखण्डः","मेरुपर्वतः,लोकालोकपर्वतः,लङ्काधिष्ठानपर्वतः,पश्चिमपर्वतः,उदयपर्वतः,हिमवान्,निषधपर्वतः,विन्ध्यापर्वतः,माल्यवान्,परियात्रकपर्वतः,गन्धमादनपर्वतः,हेमकूटपर्वतः,पर्वतसमीपस्थाल्पपर्वतः"
क्ष्माभृत्,पुं।,पर्वतः,,,द्रव्यम्,पृथ्वी,अचलनिर्जीवः,स्थानम्,प्राकृतिकस्थानम्,,"महीध्र,शिखरिन्,क्ष्माभृत्,अहार्य,धर,पर्वत,अद्रि,गोत्र,गिरि,ग्रावन्,अचल,शैल,शिलोच्चय,नग,अग,जीमूत,भूभृत्,मरु,अवि","पाषाणः,पर्वताग्रः,मेखलाख्यपर्वतमध्यभागः,पर्वतनिर्गतशिलाखण्डः","मेरुपर्वतः,लोकालोकपर्वतः,लङ्काधिष्ठानपर्वतः,पश्चिमपर्वतः,उदयपर्वतः,हिमवान्,निषधपर्वतः,विन्ध्यापर्वतः,माल्यवान्,परियात्रकपर्वतः,गन्धमादनपर्वतः,हेमकूटपर्वतः,पर्वतसमीपस्थाल्पपर्वतः"
अहार्य,पुं।,पर्वतः,,,द्रव्यम्,पृथ्वी,अचलनिर्जीवः,स्थानम्,प्राकृतिकस्थानम्,,"महीध्र,शिखरिन्,क्ष्माभृत्,अहार्य,धर,पर्वत,अद्रि,गोत्र,गिरि,ग्रावन्,अचल,शैल,शिलोच्चय,नग,अग,जीमूत,भूभृत्,मरु,अवि","पाषाणः,पर्वताग्रः,मेखलाख्यपर्वतमध्यभागः,पर्वतनिर्गतशिलाखण्डः","मेरुपर्वतः,लोकालोकपर्वतः,लङ्काधिष्ठानपर्वतः,पश्चिमपर्वतः,उदयपर्वतः,हिमवान्,निषधपर्वतः,विन्ध्यापर्वतः,माल्यवान्,परियात्रकपर्वतः,गन्धमादनपर्वतः,हेमकूटपर्वतः,पर्वतसमीपस्थाल्पपर्वतः"
धर,पुं।,पर्वतः,,,द्रव्यम्,पृथ्वी,अचलनिर्जीवः,स्थानम्,प्राकृतिकस्थानम्,,"महीध्र,शिखरिन्,क्ष्माभृत्,अहार्य,धर,पर्वत,अद्रि,गोत्र,गिरि,ग्रावन्,अचल,शैल,शिलोच्चय,नग,अग,जीमूत,भूभृत्,मरु,अवि","पाषाणः,पर्वताग्रः,मेखलाख्यपर्वतमध्यभागः,पर्वतनिर्गतशिलाखण्डः","मेरुपर्वतः,लोकालोकपर्वतः,लङ्काधिष्ठानपर्वतः,पश्चिमपर्वतः,उदयपर्वतः,हिमवान्,निषधपर्वतः,विन्ध्यापर्वतः,माल्यवान्,परियात्रकपर्वतः,गन्धमादनपर्वतः,हेमकूटपर्वतः,पर्वतसमीपस्थाल्पपर्वतः"
पर्वत,पुं।,पर्वतः,,,द्रव्यम्,पृथ्वी,अचलनिर्जीवः,स्थानम्,प्राकृतिकस्थानम्,,"महीध्र,शिखरिन्,क्ष्माभृत्,अहार्य,धर,पर्वत,अद्रि,गोत्र,गिरि,ग्रावन्,अचल,शैल,शिलोच्चय,नग,अग,जीमूत,भूभृत्,मरु,अवि","पाषाणः,पर्वताग्रः,मेखलाख्यपर्वतमध्यभागः,पर्वतनिर्गतशिलाखण्डः","मेरुपर्वतः,लोकालोकपर्वतः,लङ्काधिष्ठानपर्वतः,पश्चिमपर्वतः,उदयपर्वतः,हिमवान्,निषधपर्वतः,विन्ध्यापर्वतः,माल्यवान्,परियात्रकपर्वतः,गन्धमादनपर्वतः,हेमकूटपर्वतः,पर्वतसमीपस्थाल्पपर्वतः"
अद्रि,पुं।,पर्वतः,,,द्रव्यम्,पृथ्वी,अचलनिर्जीवः,स्थानम्,प्राकृतिकस्थानम्,,"महीध्र,शिखरिन्,क्ष्माभृत्,अहार्य,धर,पर्वत,अद्रि,गोत्र,गिरि,ग्रावन्,अचल,शैल,शिलोच्चय,नग,अग,जीमूत,भूभृत्,मरु,अवि","पाषाणः,पर्वताग्रः,मेखलाख्यपर्वतमध्यभागः,पर्वतनिर्गतशिलाखण्डः","मेरुपर्वतः,लोकालोकपर्वतः,लङ्काधिष्ठानपर्वतः,पश्चिमपर्वतः,उदयपर्वतः,हिमवान्,निषधपर्वतः,विन्ध्यापर्वतः,माल्यवान्,परियात्रकपर्वतः,गन्धमादनपर्वतः,हेमकूटपर्वतः,पर्वतसमीपस्थाल्पपर्वतः"
गोत्र,पुं।,पर्वतः,,,द्रव्यम्,पृथ्वी,अचलनिर्जीवः,स्थानम्,प्राकृतिकस्थानम्,,"महीध्र,शिखरिन्,क्ष्माभृत्,अहार्य,धर,पर्वत,अद्रि,गोत्र,गिरि,ग्रावन्,अचल,शैल,शिलोच्चय,नग,अग,जीमूत,भूभृत्,मरु,अवि","पाषाणः,पर्वताग्रः,मेखलाख्यपर्वतमध्यभागः,पर्वतनिर्गतशिलाखण्डः","मेरुपर्वतः,लोकालोकपर्वतः,लङ्काधिष्ठानपर्वतः,पश्चिमपर्वतः,उदयपर्वतः,हिमवान्,निषधपर्वतः,विन्ध्यापर्वतः,माल्यवान्,परियात्रकपर्वतः,गन्धमादनपर्वतः,हेमकूटपर्वतः,पर्वतसमीपस्थाल्पपर्वतः"
गिरि,पुं।,पर्वतः,,,द्रव्यम्,पृथ्वी,अचलनिर्जीवः,स्थानम्,प्राकृतिकस्थानम्,,"महीध्र,शिखरिन्,क्ष्माभृत्,अहार्य,धर,पर्वत,अद्रि,गोत्र,गिरि,ग्रावन्,अचल,शैल,शिलोच्चय,नग,अग,जीमूत,भूभृत्,मरु,अवि","पाषाणः,पर्वताग्रः,मेखलाख्यपर्वतमध्यभागः,पर्वतनिर्गतशिलाखण्डः","मेरुपर्वतः,लोकालोकपर्वतः,लङ्काधिष्ठानपर्वतः,पश्चिमपर्वतः,उदयपर्वतः,हिमवान्,निषधपर्वतः,विन्ध्यापर्वतः,माल्यवान्,परियात्रकपर्वतः,गन्धमादनपर्वतः,हेमकूटपर्वतः,पर्वतसमीपस्थाल्पपर्वतः"
ग्रावन्,पुं।,पर्वतः,,,द्रव्यम्,पृथ्वी,अचलनिर्जीवः,स्थानम्,प्राकृतिकस्थानम्,,"महीध्र,शिखरिन्,क्ष्माभृत्,अहार्य,धर,पर्वत,अद्रि,गोत्र,गिरि,ग्रावन्,अचल,शैल,शिलोच्चय,नग,अग,जीमूत,भूभृत्,मरु,अवि","पाषाणः,पर्वताग्रः,मेखलाख्यपर्वतमध्यभागः,पर्वतनिर्गतशिलाखण्डः","मेरुपर्वतः,लोकालोकपर्वतः,लङ्काधिष्ठानपर्वतः,पश्चिमपर्वतः,उदयपर्वतः,हिमवान्,निषधपर्वतः,विन्ध्यापर्वतः,माल्यवान्,परियात्रकपर्वतः,गन्धमादनपर्वतः,हेमकूटपर्वतः,पर्वतसमीपस्थाल्पपर्वतः"
अचल,पुं।,पर्वतः,,,द्रव्यम्,पृथ्वी,अचलनिर्जीवः,स्थानम्,प्राकृतिकस्थानम्,,"महीध्र,शिखरिन्,क्ष्माभृत्,अहार्य,धर,पर्वत,अद्रि,गोत्र,गिरि,ग्रावन्,अचल,शैल,शिलोच्चय,नग,अग,जीमूत,भूभृत्,मरु,अवि","पाषाणः,पर्वताग्रः,मेखलाख्यपर्वतमध्यभागः,पर्वतनिर्गतशिलाखण्डः","मेरुपर्वतः,लोकालोकपर्वतः,लङ्काधिष्ठानपर्वतः,पश्चिमपर्वतः,उदयपर्वतः,हिमवान्,निषधपर्वतः,विन्ध्यापर्वतः,माल्यवान्,परियात्रकपर्वतः,गन्धमादनपर्वतः,हेमकूटपर्वतः,पर्वतसमीपस्थाल्पपर्वतः"
शैल,पुं।,पर्वतः,,,द्रव्यम्,पृथ्वी,अचलनिर्जीवः,स्थानम्,प्राकृतिकस्थानम्,,"महीध्र,शिखरिन्,क्ष्माभृत्,अहार्य,धर,पर्वत,अद्रि,गोत्र,गिरि,ग्रावन्,अचल,शैल,शिलोच्चय,नग,अग,जीमूत,भूभृत्,मरु,अवि","पाषाणः,पर्वताग्रः,मेखलाख्यपर्वतमध्यभागः,पर्वतनिर्गतशिलाखण्डः","मेरुपर्वतः,लोकालोकपर्वतः,लङ्काधिष्ठानपर्वतः,पश्चिमपर्वतः,उदयपर्वतः,हिमवान्,निषधपर्वतः,विन्ध्यापर्वतः,माल्यवान्,परियात्रकपर्वतः,गन्धमादनपर्वतः,हेमकूटपर्वतः,पर्वतसमीपस्थाल्पपर्वतः"
शिलोच्चय,पुं।,पर्वतः,,,द्रव्यम्,पृथ्वी,अचलनिर्जीवः,स्थानम्,प्राकृतिकस्थानम्,,"महीध्र,शिखरिन्,क्ष्माभृत्,अहार्य,धर,पर्वत,अद्रि,गोत्र,गिरि,ग्रावन्,अचल,शैल,शिलोच्चय,नग,अग,जीमूत,भूभृत्,मरु,अवि","पाषाणः,पर्वताग्रः,मेखलाख्यपर्वतमध्यभागः,पर्वतनिर्गतशिलाखण्डः","मेरुपर्वतः,लोकालोकपर्वतः,लङ्काधिष्ठानपर्वतः,पश्चिमपर्वतः,उदयपर्वतः,हिमवान्,निषधपर्वतः,विन्ध्यापर्वतः,माल्यवान्,परियात्रकपर्वतः,गन्धमादनपर्वतः,हेमकूटपर्वतः,पर्वतसमीपस्थाल्पपर्वतः"
लोकालोक,पुं।,लोकालोकपर्वतः,,,द्रव्यम्,पृथ्वी,,,,,"लोकालोक,चक्रवाल",,
चक्रवाल,पुं।,लोकालोकपर्वतः,,,द्रव्यम्,पृथ्वी,,,,,"लोकालोक,चक्रवाल",,
त्रिकूट,पुं।,लङ्काधिष्ठानपर्वतः,,,द्रव्यम्,पृथ्वी,अचलनिर्जीवः,स्थानम्,प्राकृतिकस्थानम्,,"त्रिकूट,त्रिककुद्",,
त्रिककुद्,पुं।,लङ्काधिष्ठानपर्वतः,,,द्रव्यम्,पृथ्वी,अचलनिर्जीवः,स्थानम्,प्राकृतिकस्थानम्,,"त्रिकूट,त्रिककुद्",,
अस्त,पुं।,पश्चिमपर्वतः,,,द्रव्यम्,पृथ्वी,अचलनिर्जीवः,स्थानम्,प्राकृतिकस्थानम्,,"अस्त,चरमक्ष्माभृत्",,
चरमक्ष्माभृत्,पुं।,पश्चिमपर्वतः,,,द्रव्यम्,पृथ्वी,अचलनिर्जीवः,स्थानम्,प्राकृतिकस्थानम्,,"अस्त,चरमक्ष्माभृत्",,
उदय,पुं।,उदयपर्वतः,,,द्रव्यम्,पृथ्वी,अचलनिर्जीवः,स्थानम्,प्राकृतिकस्थानम्,,"उदय,पूर्वपर्वत",,
पूर्वपर्वत,पुं।,उदयपर्वतः,,,द्रव्यम्,पृथ्वी,अचलनिर्जीवः,स्थानम्,प्राकृतिकस्थानम्,,"उदय,पूर्वपर्वत",,
हिमवत्,पुं।,हिमवान्,,,द्रव्यम्,पृथ्वी,,,,,हिमवत्,पार्वती,
निषध,पुं।,निषधपर्वतः,,,द्रव्यम्,पृथ्वी,,,,,निषध,,
विन्ध्य,पुं।,विन्ध्यापर्वतः,,,द्रव्यम्,पृथ्वी,,,,,विन्ध्य,,
माल्यवत्,पुं।,माल्यवान्,,,द्रव्यम्,पृथ्वी,,,,,माल्यवत्,,
परियात्रक,पुं।,परियात्रकपर्वतः,,,द्रव्यम्,पृथ्वी,,,,,परियात्रक,,
गन्धमादन,नपुं।,गन्धमादनपर्वतः,,,द्रव्यम्,पृथ्वी,,,,,गन्धमादन,,
हेमकूट,पुं।,हेमकूटपर्वतः,,,द्रव्यम्,पृथ्वी,,,,,हेमकूट,,
पाषाण,पुं।,पाषाणः,,,द्रव्यम्,पृथ्वी,,,,,"पाषाण,प्रस्तर,ग्रावन्,उपल,अश्मन्,शिला,दृषद्",,"पतितस्थूलपाषाणः,पर्वतनिर्गतशिलाखण्डः"
प्रस्तर,पुं।,पाषाणः,,,द्रव्यम्,पृथ्वी,,,,,"पाषाण,प्रस्तर,ग्रावन्,उपल,अश्मन्,शिला,दृषद्",,"पतितस्थूलपाषाणः,पर्वतनिर्गतशिलाखण्डः"
ग्रावन्,पुं।,पाषाणः,,,द्रव्यम्,पृथ्वी,,,,,"पाषाण,प्रस्तर,ग्रावन्,उपल,अश्मन्,शिला,दृषद्",,"पतितस्थूलपाषाणः,पर्वतनिर्गतशिलाखण्डः"
उपल,पुं।,पाषाणः,,,द्रव्यम्,पृथ्वी,,,,,"पाषाण,प्रस्तर,ग्रावन्,उपल,अश्मन्,शिला,दृषद्",,"पतितस्थूलपाषाणः,पर्वतनिर्गतशिलाखण्डः"
अश्मन्,पुं।,पाषाणः,,,द्रव्यम्,पृथ्वी,,,,,"पाषाण,प्रस्तर,ग्रावन्,उपल,अश्मन्,शिला,दृषद्",,"पतितस्थूलपाषाणः,पर्वतनिर्गतशिलाखण्डः"
शिला,स्त्री।,पाषाणः,,,द्रव्यम्,पृथ्वी,,,,,"पाषाण,प्रस्तर,ग्रावन्,उपल,अश्मन्,शिला,दृषद्",,"पतितस्थूलपाषाणः,पर्वतनिर्गतशिलाखण्डः"
दृषद्,स्त्री।,पाषाणः,,,द्रव्यम्,पृथ्वी,,,,,"पाषाण,प्रस्तर,ग्रावन्,उपल,अश्मन्,शिला,दृषद्",,"पतितस्थूलपाषाणः,पर्वतनिर्गतशिलाखण्डः"
कूट,पुं-नपुं।,पर्वताग्रः,,,द्रव्यम्,पृथ्वी,अचलनिर्जीवः,स्थानम्,प्राकृतिकस्थानम्,,"कूट,शिखर,शृङ्ग",,
शिखर,नपुं।,पर्वताग्रः,,,द्रव्यम्,पृथ्वी,अचलनिर्जीवः,स्थानम्,प्राकृतिकस्थानम्,,"कूट,शिखर,शृङ्ग",,
शृङ्ग,नपुं।,पर्वताग्रः,,,द्रव्यम्,पृथ्वी,अचलनिर्जीवः,स्थानम्,प्राकृतिकस्थानम्,,"कूट,शिखर,शृङ्ग",,
प्रपात,पुं।,पर्वतात्पतनस्थानम्,,,द्रव्यम्,पृथ्वी,अचलनिर्जीवः,स्थानम्,प्राकृतिकस्थानम्,,"प्रपात,अतट,भृगु",,
अतट,पुं।,पर्वतात्पतनस्थानम्,,,द्रव्यम्,पृथ्वी,अचलनिर्जीवः,स्थानम्,प्राकृतिकस्थानम्,,"प्रपात,अतट,भृगु",,
भृगु,पुं।,पर्वतात्पतनस्थानम्,,,द्रव्यम्,पृथ्वी,अचलनिर्जीवः,स्थानम्,प्राकृतिकस्थानम्,,"प्रपात,अतट,भृगु",,
कटक,पुं-नपुं।,मेखलाख्यपर्वतमध्यभागः,,,द्रव्यम्,पृथ्वी,अचलनिर्जीवः,स्थानम्,प्राकृतिकस्थानम्,,"कटक,कटक",,
स्नु,पुं।,पर्वतसमभूभागः,,,द्रव्यम्,पृथ्वी,अचलनिर्जीवः,स्थानम्,प्राकृतिकस्थानम्,,"स्नु,प्रस्थ,सानु,शृङ्ग",,
प्रस्थ,पुं-नपुं।,पर्वतसमभूभागः,,,द्रव्यम्,पृथ्वी,अचलनिर्जीवः,स्थानम्,प्राकृतिकस्थानम्,,"स्नु,प्रस्थ,सानु,शृङ्ग",,
सानु,पुं-नपुं।,पर्वतसमभूभागः,,,द्रव्यम्,पृथ्वी,अचलनिर्जीवः,स्थानम्,प्राकृतिकस्थानम्,,"स्नु,प्रस्थ,सानु,शृङ्ग",,
उत्स,पुं।,जलस्रवणस्थानम्,,,द्रव्यम्,पृथ्वी,अचलनिर्जीवः,स्थानम्,मानवनिर्मितिः,,"उत्स,प्रस्रवण",,
प्रस्रवण,नपुं।,जलस्रवणस्थानम्,,,द्रव्यम्,पृथ्वी,अचलनिर्जीवः,स्थानम्,मानवनिर्मितिः,,"उत्स,प्रस्रवण",,
वारिप्रवाह,पुं।,निर्गतजलप्रवाहः,,,द्रव्यम्,पृथ्वी,अचलनिर्जीवः,स्थानम्,प्राकृतिकस्थानम्,,"वारिप्रवाह,निर्झर,झर",,
निर्झर,पुं।,निर्गतजलप्रवाहः,,,द्रव्यम्,पृथ्वी,अचलनिर्जीवः,स्थानम्,प्राकृतिकस्थानम्,,"वारिप्रवाह,निर्झर,झर",,
झर,पुं।,निर्गतजलप्रवाहः,,,द्रव्यम्,पृथ्वी,अचलनिर्जीवः,स्थानम्,प्राकृतिकस्थानम्,,"वारिप्रवाह,निर्झर,झर",,
दरी,स्त्री।,कृत्रिमगृहाकारगिरिविवरम्,,,द्रव्यम्,पृथ्वी,अचलनिर्जीवः,स्थानम्,मानवनिर्मितिः,,"दरी,कन्दर",,
कन्दर,स्त्री-पुं।,कृत्रिमगृहाकारगिरिविवरम्,,,द्रव्यम्,पृथ्वी,अचलनिर्जीवः,स्थानम्,मानवनिर्मितिः,,"दरी,कन्दर",,
देवखात,नपुं।,गिरिबिलम्,,,द्रव्यम्,पृथ्वी,अचलनिर्जीवः,स्थानम्,प्राकृतिकस्थानम्,,"देवखात,बिल,गुहा,गह्वर",,
बिल,नपुं।,गिरिबिलम्,,,द्रव्यम्,पृथ्वी,अचलनिर्जीवः,स्थानम्,प्राकृतिकस्थानम्,,"देवखात,बिल,गुहा,गह्वर",,
गुहा,स्त्री।,गिरिबिलम्,,,द्रव्यम्,पृथ्वी,अचलनिर्जीवः,स्थानम्,प्राकृतिकस्थानम्,,"देवखात,बिल,गुहा,गह्वर",,
गह्वर,नपुं।,गिरिबिलम्,,,द्रव्यम्,पृथ्वी,अचलनिर्जीवः,स्थानम्,प्राकृतिकस्थानम्,,"देवखात,बिल,गुहा,गह्वर",,
गण्डशैल,पुं।,पतितस्थूलपाषाणः,,,द्रव्यम्,पृथ्वी,,,,,गण्डशैल,,
दन्तक,पुं।,पर्वतनिर्गतशिलाखण्डः,,,द्रव्यम्,पृथ्वी,,,,,दन्तक,,
खनि,स्त्री।,रत्नाद्युत्पत्तिस्थानम्,,,द्रव्यम्,पृथ्वी,अचलनिर्जीवः,स्थानम्,प्राकृतिकस्थानम्,,"खनि,आकर",,
आकर,पुं।,रत्नाद्युत्पत्तिस्थानम्,,,द्रव्यम्,पृथ्वी,अचलनिर्जीवः,स्थानम्,प्राकृतिकस्थानम्,,"खनि,आकर",,
पाद,पुं।,पर्वतसमीपस्थाल्पपर्वतः,,,द्रव्यम्,पृथ्वी,,,,,"पाद,प्रत्यन्तपर्वत",,
प्रत्यन्तपर्वत,पुं।,पर्वतसमीपस्थाल्पपर्वतः,,,द्रव्यम्,पृथ्वी,,,,,"पाद,प्रत्यन्तपर्वत",,
उपत्यका,स्त्री।,अद्रेरधस्थोर्ध्वासन्नभूमिः,,,द्रव्यम्,पृथ्वी,,,,,उपत्यका,,
धातु,पुं।,मनःशिलादिधातुः,,,द्रव्यम्,पृथ्वी,अचलनिर्जीवः,मूलकम्,,,धातु,,धातुविशेषः
गैरिक,वि।,धातुविशेषः,,,द्रव्यम्,पृथ्वी,अचलनिर्जीवः,मूलकम्,,,गैरिक,,"सुवर्णम्,रजतम्,पित्तलम्,ताम्रम्,लोहः,काचः,पारदः,अभ्रकम्,सौवीराञ्जनम्,तुत्थाञ्जनम्,आवर्तननिष्पन्नरसाञ्जनम्,रसाञ्जनम्,सन्तप्तपित्तलादुत्पन्नद्रव्यम्,हरितालम्,शिलाजतुः,गन्धरसः,समुद्रफेनः,सिन्दूरम्,सीसकम्,वङ्गम्,मनःशिला,यवक्षारः,स्वर्जिकाक्षारः"
निकुञ्ज,पुं-नपुं।,लताच्छादितगर्भस्थानम्,,,द्रव्यम्,पृथ्वी,अचलनिर्जीवः,स्थानम्,मानवनिर्मितिः,,"निकुञ्ज,कुञ्ज",,
कुञ्ज,पुं-नपुं।,लताच्छादितगर्भस्थानम्,,,द्रव्यम्,पृथ्वी,अचलनिर्जीवः,स्थानम्,मानवनिर्मितिः,,"निकुञ्ज,कुञ्ज",,
