ब्राह्मी,स्त्री।,सरस्वती,,,पौरुषेयः,,,,,,"ब्राह्मी,भारती,भाषा,गिर्,वाच्,वाणी,सरस्वती",वचनम्,
भारती,स्त्री।,सरस्वती,,,पौरुषेयः,,,,,,"ब्राह्मी,भारती,भाषा,गिर्,वाच्,वाणी,सरस्वती",वचनम्,
भाषा,स्त्री।,सरस्वती,,,पौरुषेयः,,,,,,"ब्राह्मी,भारती,भाषा,गिर्,वाच्,वाणी,सरस्वती",वचनम्,
गिर्,स्त्री।,सरस्वती,,,पौरुषेयः,,,,,,"ब्राह्मी,भारती,भाषा,गिर्,वाच्,वाणी,सरस्वती",वचनम्,
वाच्,स्त्री।,सरस्वती,,,पौरुषेयः,,,,,,"ब्राह्मी,भारती,भाषा,गिर्,वाच्,वाणी,सरस्वती",वचनम्,
वाणी,स्त्री।,सरस्वती,,,पौरुषेयः,,,,,,"ब्राह्मी,भारती,भाषा,गिर्,वाच्,वाणी,सरस्वती",वचनम्,
सरस्वती,स्त्री।,सरस्वती,,,पौरुषेयः,,,,,,"ब्राह्मी,भारती,भाषा,गिर्,वाच्,वाणी,सरस्वती",वचनम्,
व्याहार,पुं।,वचनम्,,,गुणः,शब्दः,,,,,"व्याहार,उक्ति,लपित,भाषित,वचन,वचस्,गो,इडा,इला,इरा",,"शपथः,द्विरुक्तिः,अप्रियवचः,भयदर्शकवाक्यम्,सनिन्दाभाषणम्,परस्त्रीनिमित्तं_पुंसः_परपुरुषनिमित्तं_स्त्रियाश्च_आक्रोशनम्,सम्भाषणम्,प्रयोजनशून्योन्मत्तादिवचनम्,बहुभाषणम्,अनुशोचनोक्तिः,अन्योन्यविरुद्धवचनम्,परस्परभाषणम्,शोभनवचनम्,गोपनकारिवचनम्,शापवचनम्,प्रेम्णा_मिथ्याभाषणम्,सन्देशवचनम्,अकल्याणवचनम्,शुभवचनम्,सान्त्वनवचनम्,युक्त्यामिलितवचनम्,कर्कशवचनम्,अश्लीलवचनम्,प्रियसत्यवचनम्,विरुद्धार्थवचनम्,अशक्त्यादिना_सम्पूर्णोच्चारितम्,शीघ्रोच्चारितवचः,श्लेष्मनिर्गमसहितवचनम्,निन्दावचनम्,मिथ्यावचनम्,स्पष्टवचनम्,अप्रकटवचनम्,असत्यवचनम्,सत्यवचनम्,अवध्यब्राह्मणादेर्दोषोक्तिः,पटुवचनम्,साकल्यवचनम्,आसङ्गवचनम्,आक्रोशनम्,जनवादः,वल्गुवाक्"
उक्ति,स्त्री।,वचनम्,,,गुणः,शब्दः,,,,,"व्याहार,उक्ति,लपित,भाषित,वचन,वचस्,गो,इडा,इला,इरा",,"शपथः,द्विरुक्तिः,अप्रियवचः,भयदर्शकवाक्यम्,सनिन्दाभाषणम्,परस्त्रीनिमित्तं_पुंसः_परपुरुषनिमित्तं_स्त्रियाश्च_आक्रोशनम्,सम्भाषणम्,प्रयोजनशून्योन्मत्तादिवचनम्,बहुभाषणम्,अनुशोचनोक्तिः,अन्योन्यविरुद्धवचनम्,परस्परभाषणम्,शोभनवचनम्,गोपनकारिवचनम्,शापवचनम्,प्रेम्णा_मिथ्याभाषणम्,सन्देशवचनम्,अकल्याणवचनम्,शुभवचनम्,सान्त्वनवचनम्,युक्त्यामिलितवचनम्,कर्कशवचनम्,अश्लीलवचनम्,प्रियसत्यवचनम्,विरुद्धार्थवचनम्,अशक्त्यादिना_सम्पूर्णोच्चारितम्,शीघ्रोच्चारितवचः,श्लेष्मनिर्गमसहितवचनम्,निन्दावचनम्,मिथ्यावचनम्,स्पष्टवचनम्,अप्रकटवचनम्,असत्यवचनम्,सत्यवचनम्,अवध्यब्राह्मणादेर्दोषोक्तिः,पटुवचनम्,साकल्यवचनम्,आसङ्गवचनम्,आक्रोशनम्,जनवादः,वल्गुवाक्"
लपित,नपुं।,वचनम्,,,गुणः,शब्दः,,,,,"व्याहार,उक्ति,लपित,भाषित,वचन,वचस्,गो,इडा,इला,इरा",,"शपथः,द्विरुक्तिः,अप्रियवचः,भयदर्शकवाक्यम्,सनिन्दाभाषणम्,परस्त्रीनिमित्तं_पुंसः_परपुरुषनिमित्तं_स्त्रियाश्च_आक्रोशनम्,सम्भाषणम्,प्रयोजनशून्योन्मत्तादिवचनम्,बहुभाषणम्,अनुशोचनोक्तिः,अन्योन्यविरुद्धवचनम्,परस्परभाषणम्,शोभनवचनम्,गोपनकारिवचनम्,शापवचनम्,प्रेम्णा_मिथ्याभाषणम्,सन्देशवचनम्,अकल्याणवचनम्,शुभवचनम्,सान्त्वनवचनम्,युक्त्यामिलितवचनम्,कर्कशवचनम्,अश्लीलवचनम्,प्रियसत्यवचनम्,विरुद्धार्थवचनम्,अशक्त्यादिना_सम्पूर्णोच्चारितम्,शीघ्रोच्चारितवचः,श्लेष्मनिर्गमसहितवचनम्,निन्दावचनम्,मिथ्यावचनम्,स्पष्टवचनम्,अप्रकटवचनम्,असत्यवचनम्,सत्यवचनम्,अवध्यब्राह्मणादेर्दोषोक्तिः,पटुवचनम्,साकल्यवचनम्,आसङ्गवचनम्,आक्रोशनम्,जनवादः,वल्गुवाक्"
भाषित,नपुं।,वचनम्,,,गुणः,शब्दः,,,,,"व्याहार,उक्ति,लपित,भाषित,वचन,वचस्,गो,इडा,इला,इरा",,"शपथः,द्विरुक्तिः,अप्रियवचः,भयदर्शकवाक्यम्,सनिन्दाभाषणम्,परस्त्रीनिमित्तं_पुंसः_परपुरुषनिमित्तं_स्त्रियाश्च_आक्रोशनम्,सम्भाषणम्,प्रयोजनशून्योन्मत्तादिवचनम्,बहुभाषणम्,अनुशोचनोक्तिः,अन्योन्यविरुद्धवचनम्,परस्परभाषणम्,शोभनवचनम्,गोपनकारिवचनम्,शापवचनम्,प्रेम्णा_मिथ्याभाषणम्,सन्देशवचनम्,अकल्याणवचनम्,शुभवचनम्,सान्त्वनवचनम्,युक्त्यामिलितवचनम्,कर्कशवचनम्,अश्लीलवचनम्,प्रियसत्यवचनम्,विरुद्धार्थवचनम्,अशक्त्यादिना_सम्पूर्णोच्चारितम्,शीघ्रोच्चारितवचः,श्लेष्मनिर्गमसहितवचनम्,निन्दावचनम्,मिथ्यावचनम्,स्पष्टवचनम्,अप्रकटवचनम्,असत्यवचनम्,सत्यवचनम्,अवध्यब्राह्मणादेर्दोषोक्तिः,पटुवचनम्,साकल्यवचनम्,आसङ्गवचनम्,आक्रोशनम्,जनवादः,वल्गुवाक्"
वचन,नपुं।,वचनम्,,,गुणः,शब्दः,,,,,"व्याहार,उक्ति,लपित,भाषित,वचन,वचस्,गो,इडा,इला,इरा",,"शपथः,द्विरुक्तिः,अप्रियवचः,भयदर्शकवाक्यम्,सनिन्दाभाषणम्,परस्त्रीनिमित्तं_पुंसः_परपुरुषनिमित्तं_स्त्रियाश्च_आक्रोशनम्,सम्भाषणम्,प्रयोजनशून्योन्मत्तादिवचनम्,बहुभाषणम्,अनुशोचनोक्तिः,अन्योन्यविरुद्धवचनम्,परस्परभाषणम्,शोभनवचनम्,गोपनकारिवचनम्,शापवचनम्,प्रेम्णा_मिथ्याभाषणम्,सन्देशवचनम्,अकल्याणवचनम्,शुभवचनम्,सान्त्वनवचनम्,युक्त्यामिलितवचनम्,कर्कशवचनम्,अश्लीलवचनम्,प्रियसत्यवचनम्,विरुद्धार्थवचनम्,अशक्त्यादिना_सम्पूर्णोच्चारितम्,शीघ्रोच्चारितवचः,श्लेष्मनिर्गमसहितवचनम्,निन्दावचनम्,मिथ्यावचनम्,स्पष्टवचनम्,अप्रकटवचनम्,असत्यवचनम्,सत्यवचनम्,अवध्यब्राह्मणादेर्दोषोक्तिः,पटुवचनम्,साकल्यवचनम्,आसङ्गवचनम्,आक्रोशनम्,जनवादः,वल्गुवाक्"
वचस्,नपुं।,वचनम्,,,गुणः,शब्दः,,,,,"व्याहार,उक्ति,लपित,भाषित,वचन,वचस्,गो,इडा,इला,इरा",,"शपथः,द्विरुक्तिः,अप्रियवचः,भयदर्शकवाक्यम्,सनिन्दाभाषणम्,परस्त्रीनिमित्तं_पुंसः_परपुरुषनिमित्तं_स्त्रियाश्च_आक्रोशनम्,सम्भाषणम्,प्रयोजनशून्योन्मत्तादिवचनम्,बहुभाषणम्,अनुशोचनोक्तिः,अन्योन्यविरुद्धवचनम्,परस्परभाषणम्,शोभनवचनम्,गोपनकारिवचनम्,शापवचनम्,प्रेम्णा_मिथ्याभाषणम्,सन्देशवचनम्,अकल्याणवचनम्,शुभवचनम्,सान्त्वनवचनम्,युक्त्यामिलितवचनम्,कर्कशवचनम्,अश्लीलवचनम्,प्रियसत्यवचनम्,विरुद्धार्थवचनम्,अशक्त्यादिना_सम्पूर्णोच्चारितम्,शीघ्रोच्चारितवचः,श्लेष्मनिर्गमसहितवचनम्,निन्दावचनम्,मिथ्यावचनम्,स्पष्टवचनम्,अप्रकटवचनम्,असत्यवचनम्,सत्यवचनम्,अवध्यब्राह्मणादेर्दोषोक्तिः,पटुवचनम्,साकल्यवचनम्,आसङ्गवचनम्,आक्रोशनम्,जनवादः,वल्गुवाक्"
अपभ्रंश,पुं।,अपशब्दः,,,गुणः,शब्दः,,,,,"अपभ्रंश,अपशब्द",,
अपशब्द,पुं।,अपशब्दः,,,गुणः,शब्दः,,,,,"अपभ्रंश,अपशब्द",,
शब्द,पुं।,व्याकरणादिशास्त्रवाचकः,,,पौरुषेयः,,,,,,शब्द,,
वाक्य,नपुं।,तिङ्सुबन्तचयः_कारकान्विता_क्रिया,,,पौरुषेयः,,,,,,वाक्य,,
श्रुति,स्त्री।,वेदः,,,अपौरुषेयः,,,,,,"श्रुति,वेद,आम्नाय,त्रयी,श्रुति,निगम",वेदाङ्गम्,"ऋग्वेदः,सामवेदः,यजुर्वेदः,ऋग्यजुस्साम-वेदाः,वेदः,आगमः,वेदभेदः"
वेद,पुं।,वेदः,,,अपौरुषेयः,,,,,,"श्रुति,वेद,आम्नाय,त्रयी,श्रुति,निगम",वेदाङ्गम्,"ऋग्वेदः,सामवेदः,यजुर्वेदः,ऋग्यजुस्साम-वेदाः,वेदः,आगमः,वेदभेदः"
आम्नाय,पुं।,वेदः,,,अपौरुषेयः,,,,,,"श्रुति,वेद,आम्नाय,त्रयी,श्रुति,निगम",वेदाङ्गम्,"ऋग्वेदः,सामवेदः,यजुर्वेदः,ऋग्यजुस्साम-वेदाः,वेदः,आगमः,वेदभेदः"
त्रयी,स्त्री।,वेदः,,,अपौरुषेयः,,,,,,"श्रुति,वेद,आम्नाय,त्रयी,श्रुति,निगम",वेदाङ्गम्,"ऋग्वेदः,सामवेदः,यजुर्वेदः,ऋग्यजुस्साम-वेदाः,वेदः,आगमः,वेदभेदः"
धर्म,पुं।,वेदविहितकर्माः,,,क्रिया,,,,,,धर्म,,
ऋच्,स्त्री।,ऋग्वेदः,,,अपौरुषेयः,,,,,,ऋच्,,
सामन्,नपुं।,सामवेदः,,,अपौरुषेयः,,,,,,सामन्,,
यजुस्,नपुं।,यजुर्वेदः,,,अपौरुषेयः,,,,,,यजुस्,,
त्रयी,स्त्री।,ऋग्यजुस्साम-वेदाः,,,अपौरुषेयः,,,,,,त्रयी,,
शिक्षा,स्त्री।,वेदाङ्गम्,,,पौरुषेयः,,,,,,शिक्षा,वेदः,
ओङ्कार,पुं।,ओंकारः,,,पौरुषेयः,,,,,,"ओङ्कार,प्रणव",,
प्रणव,पुं।,ओंकारः,,,पौरुषेयः,,,,,,"ओङ्कार,प्रणव",,
इतिहास,पुं।,पूर्वचरितप्रतिपादकग्रन्थः,,,पौरुषेयः,,,,,,"इतिहास,पुरावृत्त",,
पुरावृत्त,नपुं।,पूर्वचरितप्रतिपादकग्रन्थः,,,पौरुषेयः,,,,,,"इतिहास,पुरावृत्त",,
उदात्त,पुं।,उदात्तस्वरः,,,पौरुषेयः,,,,,,उदात्त,,
आन्वीक्षिकी,स्त्री।,तर्कशास्त्रम्,,,पौरुषेयः,,,,,,"आन्वीक्षिकी,तर्कविद्या",,
दण्डनीति,स्त्री।,अर्थशास्त्रम्,,,पौरुषेयः,,,,,,दण्डनीति,,
तर्कविद्या,स्त्री।,तर्कशास्त्रम्,,,पौरुषेयः,,,,,,"आन्वीक्षिकी,तर्कविद्या",,
आख्यायिका,स्त्री।,सत्यार्थविषयिणी_कथा,,,पौरुषेयः,,,,,,आख्यायिका,,
प्रबन्धकल्पना,स्त्री।,वाक्यविस्तरकल्पना,,,पौरुषेयः,,,,,,"प्रबन्धकल्पना,कथा",काथिकः,सत्यार्थविषयिणी_कथा
कथा,स्त्री।,वाक्यविस्तरकल्पना,,,पौरुषेयः,,,,,,"प्रबन्धकल्पना,कथा",काथिकः,सत्यार्थविषयिणी_कथा
प्रवह्लिका,स्त्री।,दुर्विज्ञानार्थः_प्रश्नः,,,गुणः,शब्दः,,,,,"प्रवह्लिका,प्रहेलिका",,
प्रहेलिका,स्त्री।,दुर्विज्ञानार्थः_प्रश्नः,,,गुणः,शब्दः,,,,,"प्रवह्लिका,प्रहेलिका",,
स्मृति,स्त्री।,धर्मशास्त्रम्,,,पौरुषेयः,,,,,,"स्मृति,धर्मसंहिता",,
धर्मसंहिता,स्त्री।,धर्मशास्त्रम्,,,पौरुषेयः,,,,,,"स्मृति,धर्मसंहिता",,
समाहृति,स्त्री।,सङ्ग्रहः,,समूहः,गुणः,शब्दः,वर्णात्मकः,,,,"समाहृति,सङ्ग्रह",,
सङ्ग्रह,पुं।,सङ्ग्रहः,,समूहः,गुणः,शब्दः,वर्णात्मकः,,,,"समाहृति,सङ्ग्रह",,
समस्या,स्त्री।,समस्या,,,गुणः,शब्दः,,,,,"समस्या,समासार्था",,
समासार्था,स्त्री।,समस्या,,,गुणः,शब्दः,,,,,"समस्या,समासार्था",,
किंवदन्ती,स्त्री।,लोकप्रवादः,,,गुणः,शब्दः,,,,,"किंवदन्ती,जनश्रुति,वार्ता",,
जनश्रुति,स्त्री।,लोकप्रवादः,,,गुणः,शब्दः,,,,,"किंवदन्ती,जनश्रुति,वार्ता",,
वार्ता,स्त्री।,वार्ता,,,गुणः,शब्दः,,,,,"वार्ता,प्रवृत्ति,वृत्तान्त,उदन्त,कर्षु,किल",वार्तावाहकः,
प्रवृत्ति,स्त्री।,वार्ता,,,गुणः,शब्दः,,,,,"वार्ता,प्रवृत्ति,वृत्तान्त,उदन्त,कर्षु,किल",वार्तावाहकः,
वृत्तान्त,पुं।,वार्ता,,,गुणः,शब्दः,,,,,"वार्ता,प्रवृत्ति,वृत्तान्त,उदन्त,कर्षु,किल",वार्तावाहकः,
उदन्त,पुं।,वार्ता,,,गुणः,शब्दः,,,,,"वार्ता,प्रवृत्ति,वृत्तान्त,उदन्त,कर्षु,किल",वार्तावाहकः,
आह्वय,पुं।,नाम,,नाम,,,,,,,"आह्वय,आख्या,आह्वा,अभिधान,नामधेय,नामन्,संज्ञा,अभिख्या,गोत्र,प्रादुस्",,
आख्या,स्त्री।,नाम,,नाम,,,,,,,"आह्वय,आख्या,आह्वा,अभिधान,नामधेय,नामन्,संज्ञा,अभिख्या,गोत्र,प्रादुस्",,
आह्वा,स्त्री।,नाम,,नाम,,,,,,,"आह्वय,आख्या,आह्वा,अभिधान,नामधेय,नामन्,संज्ञा,अभिख्या,गोत्र,प्रादुस्",,
अभिधान,नपुं।,नाम,,नाम,,,,,,,"आह्वय,आख्या,आह्वा,अभिधान,नामधेय,नामन्,संज्ञा,अभिख्या,गोत्र,प्रादुस्",,
नामधेय,नपुं।,नाम,,नाम,,,,,,,"आह्वय,आख्या,आह्वा,अभिधान,नामधेय,नामन्,संज्ञा,अभिख्या,गोत्र,प्रादुस्",,
नामन्,नपुं।,नाम,,नाम,,,,,,,"आह्वय,आख्या,आह्वा,अभिधान,नामधेय,नामन्,संज्ञा,अभिख्या,गोत्र,प्रादुस्",,
हूति,स्त्री।,आह्वानम्,,,गुणः,शब्दः,,,,,"हूति,आकारणा,आह्वान,हव,हूति,क्रन्दन",,हुकर्तृकाह्वानम्
आकारणा,स्त्री।,आह्वानम्,,,गुणः,शब्दः,,,,,"हूति,आकारणा,आह्वान,हव,हूति,क्रन्दन",,हुकर्तृकाह्वानम्
आह्वान,नपुं।,आह्वानम्,,,गुणः,शब्दः,,,,,"हूति,आकारणा,आह्वान,हव,हूति,क्रन्दन",,हुकर्तृकाह्वानम्
संहूति,स्त्री।,हुकर्तृकाह्वानम्,,,गुणः,शब्दः,,,,,संहूति,,
विवाद,पुं।,ऋणादिन्यायः,,,पौरुषेयः,,,,,,"विवाद,व्यवहार",,
व्यवहार,पुं।,ऋणादिन्यायः,,,पौरुषेयः,,,,,,"विवाद,व्यवहार",,
उपन्यास,पुं।,वचनोपक्रमः,,,गुणः,शब्दः,,,,,"उपन्यास,वाङ्मुख",,
वाङ्मुख,नपुं।,वचनोपक्रमः,,,गुणः,शब्दः,,,,,"उपन्यास,वाङ्मुख",,
उपोद्धात,पुं।,वक्ष्यमाणौपयोग्यर्थवर्णनम्,,,पौरुषेयः,,,,,,"उपोद्धात,उदाहार",,
उदाहार,पुं।,वक्ष्यमाणौपयोग्यर्थवर्णनम्,,,पौरुषेयः,,,,,,"उपोद्धात,उदाहार",,
शपन,नपुं।,शपथः,,,गुणः,शब्दः,,,,,"शपन,शपथ,प्रत्यय,समय,सत्य",,
शपथ,पुं।,शपथः,,,गुणः,शब्दः,,,,,"शपन,शपथ,प्रत्यय,समय,सत्य",,
प्रश्न,पुं।,प्रश्नः,,,गुणः,शब्दः,,,,,"प्रश्न,अनुयोग,पृच्छा,स्वित्,उत,अथो,अथ,नु,ननु,अपि,किम्,ऊम्",,"दुर्विज्ञानार्थः_प्रश्नः,अद्भुतप्रश्नः,परिप्रश्नः"
अनुयोग,पुं।,प्रश्नः,,,गुणः,शब्दः,,,,,"प्रश्न,अनुयोग,पृच्छा,स्वित्,उत,अथो,अथ,नु,ननु,अपि,किम्,ऊम्",,"दुर्विज्ञानार्थः_प्रश्नः,अद्भुतप्रश्नः,परिप्रश्नः"
पृच्छा,स्त्री।,प्रश्नः,,,गुणः,शब्दः,,,,,"प्रश्न,अनुयोग,पृच्छा,स्वित्,उत,अथो,अथ,नु,ननु,अपि,किम्,ऊम्",,"दुर्विज्ञानार्थः_प्रश्नः,अद्भुतप्रश्नः,परिप्रश्नः"
प्रतिवाक्य,नपुं।,उत्तरम्,,,गुणः,शब्दः,,,,,"प्रतिवाक्य,उत्तर",,
उत्तर,नपुं।,उत्तरम्,,,गुणः,शब्दः,,,,,"प्रतिवाक्य,उत्तर",,
मिथ्याभियोग,पुं।,मिथ्याविवादः,,,गुणः,शब्दः,,,,,"मिथ्याभियोग,अभ्याख्यान",,
अभ्याख्यान,नपुं।,मिथ्याविवादः,,,गुणः,शब्दः,,,,,"मिथ्याभियोग,अभ्याख्यान",,
मिथ्याभिशंसन,नपुं।,सुरपानादि_मिथ्या_पापोद्भवनम्,,,गुणः,शब्दः,,,,,"मिथ्याभिशंसन,अभिशाप",,
अभिशाप,पुं।,सुरपानादि_मिथ्या_पापोद्भवनम्,,,गुणः,शब्दः,,,,,"मिथ्याभिशंसन,अभिशाप",,
प्रणाद,पुं।,प्रीतिविशेषजनितमुखकण्ठादिशब्दः,,,गुणः,शब्दः,,,,,प्रणाद,,
यशस्,नपुं।,कीर्तिः,,,गुणः,शब्दः,,,,,"यशस्,कीर्ति,समज्ञा,प्रथा,ख्याति,श्लोक,भग",,
कीर्ति,स्त्री।,कीर्तिः,,,गुणः,शब्दः,,,,,"यशस्,कीर्ति,समज्ञा,प्रथा,ख्याति,श्लोक,भग",,
समज्ञा,स्त्री।,कीर्तिः,,,गुणः,शब्दः,,,,,"यशस्,कीर्ति,समज्ञा,प्रथा,ख्याति,श्लोक,भग",,
स्तव,पुं।,स्तुतिः,,,गुणः,शब्दः,,,,,"स्तव,स्तोत्र,स्तुति,नुति,वर्ण,स्तोम",,
स्तोत्र,नपुं।,स्तुतिः,,,गुणः,शब्दः,,,,,"स्तव,स्तोत्र,स्तुति,नुति,वर्ण,स्तोम",,
स्तुति,स्त्री।,स्तुतिः,,,गुणः,शब्दः,,,,,"स्तव,स्तोत्र,स्तुति,नुति,वर्ण,स्तोम",,
नुति,स्त्री।,स्तुतिः,,,गुणः,शब्दः,,,,,"स्तव,स्तोत्र,स्तुति,नुति,वर्ण,स्तोम",,
आम्रेडित,नपुं।,द्विरुक्तिः,,,गुणः,शब्दः,,,,,आम्रेडित,,
उच्चैर्घुष्ट,नपुं।,उच्चैः_शब्दनम्,,,गुणः,शब्दः,,,,,"उच्चैर्घुष्ट,घोषणा",,
घोषणा,स्त्री।,उच्चैः_शब्दनम्,,,गुणः,शब्दः,,,,,"उच्चैर्घुष्ट,घोषणा",,
काकु,स्त्री।,शोकादिना_विकृतध्वनिः,,,गुणः,शब्दः,,,,,काकु,,
अवर्ण,पुं।,जुगुप्सा,,,गुणः,मानसिकभावः,,,,,"अवर्ण,आक्षेप,निर्वाद,परीवाद,अपवाद,उपक्रोश,जुगुप्सा,कुत्सा,निन्दा,गर्हण,घृणा,कु",,
आक्षेप,पुं।,जुगुप्सा,,,गुणः,मानसिकभावः,,,,,"अवर्ण,आक्षेप,निर्वाद,परीवाद,अपवाद,उपक्रोश,जुगुप्सा,कुत्सा,निन्दा,गर्हण,घृणा,कु",,
निर्वाद,पुं।,जुगुप्सा,,,गुणः,मानसिकभावः,,,,,"अवर्ण,आक्षेप,निर्वाद,परीवाद,अपवाद,उपक्रोश,जुगुप्सा,कुत्सा,निन्दा,गर्हण,घृणा,कु",,
परीवाद,पुं।,जुगुप्सा,,,गुणः,मानसिकभावः,,,,,"अवर्ण,आक्षेप,निर्वाद,परीवाद,अपवाद,उपक्रोश,जुगुप्सा,कुत्सा,निन्दा,गर्हण,घृणा,कु",,
अपवाद,पुं।,जुगुप्सा,,,गुणः,मानसिकभावः,,,,,"अवर्ण,आक्षेप,निर्वाद,परीवाद,अपवाद,उपक्रोश,जुगुप्सा,कुत्सा,निन्दा,गर्हण,घृणा,कु",,
उपक्रोश,पुं।,जुगुप्सा,,,गुणः,मानसिकभावः,,,,,"अवर्ण,आक्षेप,निर्वाद,परीवाद,अपवाद,उपक्रोश,जुगुप्सा,कुत्सा,निन्दा,गर्हण,घृणा,कु",,
जुगुप्सा,स्त्री।,जुगुप्सा,,,गुणः,मानसिकभावः,,,,,"अवर्ण,आक्षेप,निर्वाद,परीवाद,अपवाद,उपक्रोश,जुगुप्सा,कुत्सा,निन्दा,गर्हण,घृणा,कु",,
कुत्सा,स्त्री।,जुगुप्सा,,,गुणः,मानसिकभावः,,,,,"अवर्ण,आक्षेप,निर्वाद,परीवाद,अपवाद,उपक्रोश,जुगुप्सा,कुत्सा,निन्दा,गर्हण,घृणा,कु",,
निन्दा,स्त्री।,जुगुप्सा,,,गुणः,मानसिकभावः,,,,,"अवर्ण,आक्षेप,निर्वाद,परीवाद,अपवाद,उपक्रोश,जुगुप्सा,कुत्सा,निन्दा,गर्हण,घृणा,कु",,
गर्हण,नपुं।,जुगुप्सा,,,गुणः,मानसिकभावः,,,,,"अवर्ण,आक्षेप,निर्वाद,परीवाद,अपवाद,उपक्रोश,जुगुप्सा,कुत्सा,निन्दा,गर्हण,घृणा,कु",,
पारुष्य,नपुं।,अप्रियवचः,,,गुणः,शब्दः,,,,,"पारुष्य,अतिवाद",,
अतिवाद,पुं।,अप्रियवचः,,,गुणः,शब्दः,,,,,"पारुष्य,अतिवाद",,
भर्त्सन,नपुं।,भयदर्शकवाक्यम्,,,गुणः,शब्दः,,,,,"भर्त्सन,अपकारगिर्",,
अपकारगिर्,स्त्री।,भयदर्शकवाक्यम्,,,गुणः,शब्दः,,,,,"भर्त्सन,अपकारगिर्",,
परिभाषण,नपुं।,सनिन्दाभाषणम्,,,गुणः,शब्दः,,,,,परिभाषण,,
आक्षारण,स्त्री-नपुं।,परस्त्रीनिमित्तं_पुंसः_परपुरुषनिमित्तं_स्त्रियाश्च_आक्रोशनम्,,,गुणः,शब्दः,,,,,आक्षारण,,
आभाषण,नपुं।,सम्भाषणम्,,,गुणः,शब्दः,,,,,"आभाषण,आलाप,संविद्,समय",,
आलाप,पुं।,सम्भाषणम्,,,गुणः,शब्दः,,,,,"आभाषण,आलाप,संविद्,समय",,
प्रलाप,पुं।,प्रयोजनशून्योन्मत्तादिवचनम्,,,गुणः,शब्दः,,,,,प्रलाप,,
अनुलाप,पुं।,बहुभाषणम्,,,गुणः,शब्दः,,,,,"अनुलाप,मुहुर्भाषा",,
मुहुर्भाषा,स्त्री।,बहुभाषणम्,,,गुणः,शब्दः,,,,,"अनुलाप,मुहुर्भाषा",,
विलाप,पुं।,अनुशोचनोक्तिः,,,गुणः,शब्दः,,,,,"विलाप,परिदेवन",,
परिदेवन,नपुं।,अनुशोचनोक्तिः,,,गुणः,शब्दः,,,,,"विलाप,परिदेवन",,
विप्रलाप,पुं।,अन्योन्यविरुद्धवचनम्,,,गुणः,शब्दः,,,,,"विप्रलाप,विरोधोक्ति,अबद्ध,अनर्थक",,
विरोधोक्ति,स्त्री।,अन्योन्यविरुद्धवचनम्,,,गुणः,शब्दः,,,,,"विप्रलाप,विरोधोक्ति,अबद्ध,अनर्थक",,
संलाप,पुं।,परस्परभाषणम्,,,गुणः,शब्दः,,,,,संलाप,,
सुप्रलाप,पुं।,शोभनवचनम्,,,गुणः,शब्दः,,,,,"सुप्रलाप,सुवचन",,
सुवचन,नपुं।,शोभनवचनम्,,,गुणः,शब्दः,,,,,"सुप्रलाप,सुवचन",,
अपलाप,पुं।,गोपनकारिवचनम्,,,गुणः,शब्दः,,,,,"अपलाप,निह्नव",,
निह्नव,पुं।,गोपनकारिवचनम्,,,गुणः,शब्दः,,,,,"अपलाप,निह्नव",,
चोद्य,नपुं।,अद्भुतप्रश्नः,,,गुणः,शब्दः,,,,,"चोद्य,आक्षेप,अभियोग",,
आक्षेप,पुं।,अद्भुतप्रश्नः,,,गुणः,शब्दः,,,,,"चोद्य,आक्षेप,अभियोग",,
अभियोग,पुं।,अद्भुतप्रश्नः,,,गुणः,शब्दः,,,,,"चोद्य,आक्षेप,अभियोग",,
शाप,पुं।,शापवचनम्,,,गुणः,शब्दः,,,,,"शाप,आक्रोश,दुरेषणा,आक्रोशन,अभीषङ्ग,अभिषङ्ग,परिग्रह",,
आक्रोश,पुं।,शापवचनम्,,,गुणः,शब्दः,,,,,"शाप,आक्रोश,दुरेषणा,आक्रोशन,अभीषङ्ग,अभिषङ्ग,परिग्रह",,
दुरेषणा,स्त्री।,शापवचनम्,,,गुणः,शब्दः,,,,,"शाप,आक्रोश,दुरेषणा,आक्रोशन,अभीषङ्ग,अभिषङ्ग,परिग्रह",,
चाटु,पुं।,प्रेम्णा_मिथ्याभाषणम्,,,गुणः,शब्दः,,,,,"चाटु,चटु,श्लाघा",,
चटु,पुं।,प्रेम्णा_मिथ्याभाषणम्,,,गुणः,शब्दः,,,,,"चाटु,चटु,श्लाघा",,
श्लाघा,स्त्री।,प्रेम्णा_मिथ्याभाषणम्,,,गुणः,शब्दः,,,,,"चाटु,चटु,श्लाघा",,
सन्देशवाच्,स्त्री।,सन्देशवचनम्,,,गुणः,शब्दः,,,,,"सन्देशवाच्,वाचिक",,
वाचिक,नपुं।,सन्देशवचनम्,,,गुणः,शब्दः,,,,,"सन्देशवाच्,वाचिक",,
रुशती,स्त्री।,अकल्याणवचनम्,,,गुणः,शब्दः,,,,,रुशती,,
कल्या,स्त्री।,शुभवचनम्,,,गुणः,शब्दः,,,,,कल्या,,
अत्यर्थमधुर,पुं।,सान्त्वनवचनम्,,,गुणः,शब्दः,,,,,अत्यर्थमधुर,,
सङ्गत,नपुं।,युक्त्यामिलितवचनम्,,,गुणः,शब्दः,,,,,"सङ्गत,हृदयङ्गम",,
हृदयङ्गम,नपुं।,युक्त्यामिलितवचनम्,,,गुणः,शब्दः,,,,,"सङ्गत,हृदयङ्गम",,
निष्ठुर,नपुं।,कर्कशवचनम्,,,गुणः,शब्दः,,,,,"निष्ठुर,परुष",,
परुष,नपुं।,कर्कशवचनम्,,,गुणः,शब्दः,,,,,"निष्ठुर,परुष",,
ग्राम्य,नपुं।,अश्लीलवचनम्,,,गुणः,शब्दः,,,,,"ग्राम्य,अश्लील",,
अश्लील,नपुं।,अश्लीलवचनम्,,,गुणः,शब्दः,,,,,"ग्राम्य,अश्लील",,
सूनृत,नपुं।,प्रियसत्यवचनम्,,,गुणः,शब्दः,,,,,सूनृत,,
सङ्कुल,नपुं।,विरुद्धार्थवचनम्,,,गुणः,शब्दः,,,,,"सङ्कुल,क्लिष्ट,परस्परपराहत",,
क्लिष्ट,नपुं।,विरुद्धार्थवचनम्,,,गुणः,शब्दः,,,,,"सङ्कुल,क्लिष्ट,परस्परपराहत",,
परस्परपराहत,नपुं।,विरुद्धार्थवचनम्,,,गुणः,शब्दः,,,,,"सङ्कुल,क्लिष्ट,परस्परपराहत",,
लुप्तवर्णपद,नपुं।,अशक्त्यादिना_सम्पूर्णोच्चारितम्,,,गुणः,शब्दः,,,,,"लुप्तवर्णपद,ग्रस्त",,
ग्रस्त,नपुं।,अशक्त्यादिना_सम्पूर्णोच्चारितम्,,,गुणः,शब्दः,,,,,"लुप्तवर्णपद,ग्रस्त",,
निरस्त,नपुं।,शीघ्रोच्चारितवचः,,,गुणः,शब्दः,,,,,"निरस्त,त्वरितोदित",,
त्वरितोदित,नपुं।,शीघ्रोच्चारितवचः,,,गुणः,शब्दः,,,,,"निरस्त,त्वरितोदित",,
सनिष्ठीव,नपुं।,श्लेष्मनिर्गमसहितवचनम्,,,गुणः,शब्दः,,,,,सनिष्ठीव,,
अबद्ध,नपुं।,अन्योन्यविरुद्धवचनम्,,,गुणः,शब्दः,,,,,"विप्रलाप,विरोधोक्ति,अबद्ध,अनर्थक",,
अनर्थक,नपुं।,अन्योन्यविरुद्धवचनम्,,,गुणः,शब्दः,,,,,"विप्रलाप,विरोधोक्ति,अबद्ध,अनर्थक",,
अनक्षर,नपुं।,निन्दावचनम्,,,गुणः,शब्दः,,,,,"अनक्षर,अवाच्य",,
अवाच्य,नपुं।,निन्दावचनम्,,,गुणः,शब्दः,,,,,"अनक्षर,अवाच्य",,
आहत,नपुं।,मिथ्यावचनम्,,,गुणः,शब्दः,,,,,आहत,,
सोल्लुण्ठन,नपुं।,सोपहासम्,,,गुणः,शब्दः,,,,,"सोल्लुण्ठन,सोत्प्रास",,
सोत्प्रास,पुं।,सोपहासम्,,,गुणः,शब्दः,,,,,"सोल्लुण्ठन,सोत्प्रास",,
मणित,नपुं।,रतिसमयकूजितम्,,,गुणः,शब्दः,,,,,मणित,,
श्राव्य,नपुं।,स्पष्टवचनम्,,,गुणः,शब्दः,,,,,"श्राव्य,हृद्य,मनोहारि,विस्पष्ट,प्रकटोदित",,
हृद्य,वि।,स्पष्टवचनम्,,,गुणः,शब्दः,,,,,"श्राव्य,हृद्य,मनोहारि,विस्पष्ट,प्रकटोदित",,
मनोहारि,नपुं।,स्पष्टवचनम्,,,गुणः,शब्दः,,,,,"श्राव्य,हृद्य,मनोहारि,विस्पष्ट,प्रकटोदित",,
विस्पष्ट,वि।,स्पष्टवचनम्,,,गुणः,शब्दः,,,,,"श्राव्य,हृद्य,मनोहारि,विस्पष्ट,प्रकटोदित",,
प्रकटोदित,वि।,स्पष्टवचनम्,,,गुणः,शब्दः,,,,,"श्राव्य,हृद्य,मनोहारि,विस्पष्ट,प्रकटोदित",,
म्लिष्ट,वि।,अप्रकटवचनम्,,,गुणः,शब्दः,,,,,"म्लिष्ट,अविस्पष्ट",,
अविस्पष्ट,वि।,अप्रकटवचनम्,,,गुणः,शब्दः,,,,,"म्लिष्ट,अविस्पष्ट",,
वितथ,नपुं।,असत्यवचनम्,,,गुणः,शब्दः,,,,,"वितथ,अनृत,अलीक,कूट",,
अनृत,नपुं।,असत्यवचनम्,,,गुणः,शब्दः,,,,,"वितथ,अनृत,अलीक,कूट",,
सत्य,नपुं।,सत्यवचनम्,,,गुणः,शब्दः,,,,,"सत्य,तथ्य,ऋत,सम्यक्",,
तथ्य,नपुं।,सत्यवचनम्,,,गुणः,शब्दः,,,,,"सत्य,तथ्य,ऋत,सम्यक्",,
ऋत,नपुं।,सत्यवचनम्,,,गुणः,शब्दः,,,,,"सत्य,तथ्य,ऋत,सम्यक्",,
सम्यक्,नपुं।,सत्यवचनम्,,,गुणः,शब्दः,,,,,"सत्य,तथ्य,ऋत,सम्यक्",,
शब्द,पुं।,शब्दः,,,गुणः,शब्दः,,,,,"शब्द,निनाद,निनद,ध्वनि,ध्वान,रव,स्वन,स्वान,निर्घोष,निर्ह्राद,नाद,निस्वान,निस्वन,आरव,आराव,संराव,विराव,रण,प्रत्यय,तुमुल,घोष",,"मेघध्वनिः,वज्रध्वनिः,अपशब्दः,उदात्तस्वरः,प्रीतिविशेषजनितमुखकण्ठादिशब्दः,शोकादिना_विकृतध्वनिः,रतिसमयकूजितम्,वस्त्रपर्णध्वनिः,भूषणध्वनिः,वीणादिध्वनिः,बहुभिः_कृतः_महाध्वनिः,पक्षिशब्दः,प्रतिध्वनिः,सूक्ष्मध्वनिः,अव्यक्तमधुरध्वनिः,गम्भीरध्वनिः,अत्युच्चध्वनिः,गीतवाद्यलयसाम्यध्वनिः,नीचां_प्रत्याह्वानः,चेडीं_प्रत्याह्वानः,सखीं_प्रत्याह्वानः,अश्वशब्दः,धनुषः_शब्दः,काकादिवद्रूक्षस्वरः,कृतशब्दः,ग्रामशब्दादिः,हस्तिगर्जनम्"
निनाद,पुं।,शब्दः,,,गुणः,शब्दः,,,,,"शब्द,निनाद,निनद,ध्वनि,ध्वान,रव,स्वन,स्वान,निर्घोष,निर्ह्राद,नाद,निस्वान,निस्वन,आरव,आराव,संराव,विराव,रण,प्रत्यय,तुमुल,घोष",,"मेघध्वनिः,वज्रध्वनिः,अपशब्दः,उदात्तस्वरः,प्रीतिविशेषजनितमुखकण्ठादिशब्दः,शोकादिना_विकृतध्वनिः,रतिसमयकूजितम्,वस्त्रपर्णध्वनिः,भूषणध्वनिः,वीणादिध्वनिः,बहुभिः_कृतः_महाध्वनिः,पक्षिशब्दः,प्रतिध्वनिः,सूक्ष्मध्वनिः,अव्यक्तमधुरध्वनिः,गम्भीरध्वनिः,अत्युच्चध्वनिः,गीतवाद्यलयसाम्यध्वनिः,नीचां_प्रत्याह्वानः,चेडीं_प्रत्याह्वानः,सखीं_प्रत्याह्वानः,अश्वशब्दः,धनुषः_शब्दः,काकादिवद्रूक्षस्वरः,कृतशब्दः,ग्रामशब्दादिः,हस्तिगर्जनम्"
निनद,पुं।,शब्दः,,,गुणः,शब्दः,,,,,"शब्द,निनाद,निनद,ध्वनि,ध्वान,रव,स्वन,स्वान,निर्घोष,निर्ह्राद,नाद,निस्वान,निस्वन,आरव,आराव,संराव,विराव,रण,प्रत्यय,तुमुल,घोष",,"मेघध्वनिः,वज्रध्वनिः,अपशब्दः,उदात्तस्वरः,प्रीतिविशेषजनितमुखकण्ठादिशब्दः,शोकादिना_विकृतध्वनिः,रतिसमयकूजितम्,वस्त्रपर्णध्वनिः,भूषणध्वनिः,वीणादिध्वनिः,बहुभिः_कृतः_महाध्वनिः,पक्षिशब्दः,प्रतिध्वनिः,सूक्ष्मध्वनिः,अव्यक्तमधुरध्वनिः,गम्भीरध्वनिः,अत्युच्चध्वनिः,गीतवाद्यलयसाम्यध्वनिः,नीचां_प्रत्याह्वानः,चेडीं_प्रत्याह्वानः,सखीं_प्रत्याह्वानः,अश्वशब्दः,धनुषः_शब्दः,काकादिवद्रूक्षस्वरः,कृतशब्दः,ग्रामशब्दादिः,हस्तिगर्जनम्"
ध्वनि,पुं।,शब्दः,,,गुणः,शब्दः,,,,,"शब्द,निनाद,निनद,ध्वनि,ध्वान,रव,स्वन,स्वान,निर्घोष,निर्ह्राद,नाद,निस्वान,निस्वन,आरव,आराव,संराव,विराव,रण,प्रत्यय,तुमुल,घोष",,"मेघध्वनिः,वज्रध्वनिः,अपशब्दः,उदात्तस्वरः,प्रीतिविशेषजनितमुखकण्ठादिशब्दः,शोकादिना_विकृतध्वनिः,रतिसमयकूजितम्,वस्त्रपर्णध्वनिः,भूषणध्वनिः,वीणादिध्वनिः,बहुभिः_कृतः_महाध्वनिः,पक्षिशब्दः,प्रतिध्वनिः,सूक्ष्मध्वनिः,अव्यक्तमधुरध्वनिः,गम्भीरध्वनिः,अत्युच्चध्वनिः,गीतवाद्यलयसाम्यध्वनिः,नीचां_प्रत्याह्वानः,चेडीं_प्रत्याह्वानः,सखीं_प्रत्याह्वानः,अश्वशब्दः,धनुषः_शब्दः,काकादिवद्रूक्षस्वरः,कृतशब्दः,ग्रामशब्दादिः,हस्तिगर्जनम्"
ध्वान,पुं।,शब्दः,,,गुणः,शब्दः,,,,,"शब्द,निनाद,निनद,ध्वनि,ध्वान,रव,स्वन,स्वान,निर्घोष,निर्ह्राद,नाद,निस्वान,निस्वन,आरव,आराव,संराव,विराव,रण,प्रत्यय,तुमुल,घोष",,"मेघध्वनिः,वज्रध्वनिः,अपशब्दः,उदात्तस्वरः,प्रीतिविशेषजनितमुखकण्ठादिशब्दः,शोकादिना_विकृतध्वनिः,रतिसमयकूजितम्,वस्त्रपर्णध्वनिः,भूषणध्वनिः,वीणादिध्वनिः,बहुभिः_कृतः_महाध्वनिः,पक्षिशब्दः,प्रतिध्वनिः,सूक्ष्मध्वनिः,अव्यक्तमधुरध्वनिः,गम्भीरध्वनिः,अत्युच्चध्वनिः,गीतवाद्यलयसाम्यध्वनिः,नीचां_प्रत्याह्वानः,चेडीं_प्रत्याह्वानः,सखीं_प्रत्याह्वानः,अश्वशब्दः,धनुषः_शब्दः,काकादिवद्रूक्षस्वरः,कृतशब्दः,ग्रामशब्दादिः,हस्तिगर्जनम्"
रव,पुं।,शब्दः,,,गुणः,शब्दः,,,,,"शब्द,निनाद,निनद,ध्वनि,ध्वान,रव,स्वन,स्वान,निर्घोष,निर्ह्राद,नाद,निस्वान,निस्वन,आरव,आराव,संराव,विराव,रण,प्रत्यय,तुमुल,घोष",,"मेघध्वनिः,वज्रध्वनिः,अपशब्दः,उदात्तस्वरः,प्रीतिविशेषजनितमुखकण्ठादिशब्दः,शोकादिना_विकृतध्वनिः,रतिसमयकूजितम्,वस्त्रपर्णध्वनिः,भूषणध्वनिः,वीणादिध्वनिः,बहुभिः_कृतः_महाध्वनिः,पक्षिशब्दः,प्रतिध्वनिः,सूक्ष्मध्वनिः,अव्यक्तमधुरध्वनिः,गम्भीरध्वनिः,अत्युच्चध्वनिः,गीतवाद्यलयसाम्यध्वनिः,नीचां_प्रत्याह्वानः,चेडीं_प्रत्याह्वानः,सखीं_प्रत्याह्वानः,अश्वशब्दः,धनुषः_शब्दः,काकादिवद्रूक्षस्वरः,कृतशब्दः,ग्रामशब्दादिः,हस्तिगर्जनम्"
स्वन,पुं।,शब्दः,,,गुणः,शब्दः,,,,,"शब्द,निनाद,निनद,ध्वनि,ध्वान,रव,स्वन,स्वान,निर्घोष,निर्ह्राद,नाद,निस्वान,निस्वन,आरव,आराव,संराव,विराव,रण,प्रत्यय,तुमुल,घोष",,"मेघध्वनिः,वज्रध्वनिः,अपशब्दः,उदात्तस्वरः,प्रीतिविशेषजनितमुखकण्ठादिशब्दः,शोकादिना_विकृतध्वनिः,रतिसमयकूजितम्,वस्त्रपर्णध्वनिः,भूषणध्वनिः,वीणादिध्वनिः,बहुभिः_कृतः_महाध्वनिः,पक्षिशब्दः,प्रतिध्वनिः,सूक्ष्मध्वनिः,अव्यक्तमधुरध्वनिः,गम्भीरध्वनिः,अत्युच्चध्वनिः,गीतवाद्यलयसाम्यध्वनिः,नीचां_प्रत्याह्वानः,चेडीं_प्रत्याह्वानः,सखीं_प्रत्याह्वानः,अश्वशब्दः,धनुषः_शब्दः,काकादिवद्रूक्षस्वरः,कृतशब्दः,ग्रामशब्दादिः,हस्तिगर्जनम्"
स्वान,पुं।,शब्दः,,,गुणः,शब्दः,,,,,"शब्द,निनाद,निनद,ध्वनि,ध्वान,रव,स्वन,स्वान,निर्घोष,निर्ह्राद,नाद,निस्वान,निस्वन,आरव,आराव,संराव,विराव,रण,प्रत्यय,तुमुल,घोष",,"मेघध्वनिः,वज्रध्वनिः,अपशब्दः,उदात्तस्वरः,प्रीतिविशेषजनितमुखकण्ठादिशब्दः,शोकादिना_विकृतध्वनिः,रतिसमयकूजितम्,वस्त्रपर्णध्वनिः,भूषणध्वनिः,वीणादिध्वनिः,बहुभिः_कृतः_महाध्वनिः,पक्षिशब्दः,प्रतिध्वनिः,सूक्ष्मध्वनिः,अव्यक्तमधुरध्वनिः,गम्भीरध्वनिः,अत्युच्चध्वनिः,गीतवाद्यलयसाम्यध्वनिः,नीचां_प्रत्याह्वानः,चेडीं_प्रत्याह्वानः,सखीं_प्रत्याह्वानः,अश्वशब्दः,धनुषः_शब्दः,काकादिवद्रूक्षस्वरः,कृतशब्दः,ग्रामशब्दादिः,हस्तिगर्जनम्"
निर्घोष,पुं।,शब्दः,,,गुणः,शब्दः,,,,,"शब्द,निनाद,निनद,ध्वनि,ध्वान,रव,स्वन,स्वान,निर्घोष,निर्ह्राद,नाद,निस्वान,निस्वन,आरव,आराव,संराव,विराव,रण,प्रत्यय,तुमुल,घोष",,"मेघध्वनिः,वज्रध्वनिः,अपशब्दः,उदात्तस्वरः,प्रीतिविशेषजनितमुखकण्ठादिशब्दः,शोकादिना_विकृतध्वनिः,रतिसमयकूजितम्,वस्त्रपर्णध्वनिः,भूषणध्वनिः,वीणादिध्वनिः,बहुभिः_कृतः_महाध्वनिः,पक्षिशब्दः,प्रतिध्वनिः,सूक्ष्मध्वनिः,अव्यक्तमधुरध्वनिः,गम्भीरध्वनिः,अत्युच्चध्वनिः,गीतवाद्यलयसाम्यध्वनिः,नीचां_प्रत्याह्वानः,चेडीं_प्रत्याह्वानः,सखीं_प्रत्याह्वानः,अश्वशब्दः,धनुषः_शब्दः,काकादिवद्रूक्षस्वरः,कृतशब्दः,ग्रामशब्दादिः,हस्तिगर्जनम्"
निर्ह्राद,पुं।,शब्दः,,,गुणः,शब्दः,,,,,"शब्द,निनाद,निनद,ध्वनि,ध्वान,रव,स्वन,स्वान,निर्घोष,निर्ह्राद,नाद,निस्वान,निस्वन,आरव,आराव,संराव,विराव,रण,प्रत्यय,तुमुल,घोष",,"मेघध्वनिः,वज्रध्वनिः,अपशब्दः,उदात्तस्वरः,प्रीतिविशेषजनितमुखकण्ठादिशब्दः,शोकादिना_विकृतध्वनिः,रतिसमयकूजितम्,वस्त्रपर्णध्वनिः,भूषणध्वनिः,वीणादिध्वनिः,बहुभिः_कृतः_महाध्वनिः,पक्षिशब्दः,प्रतिध्वनिः,सूक्ष्मध्वनिः,अव्यक्तमधुरध्वनिः,गम्भीरध्वनिः,अत्युच्चध्वनिः,गीतवाद्यलयसाम्यध्वनिः,नीचां_प्रत्याह्वानः,चेडीं_प्रत्याह्वानः,सखीं_प्रत्याह्वानः,अश्वशब्दः,धनुषः_शब्दः,काकादिवद्रूक्षस्वरः,कृतशब्दः,ग्रामशब्दादिः,हस्तिगर्जनम्"
नाद,पुं।,शब्दः,,,गुणः,शब्दः,,,,,"शब्द,निनाद,निनद,ध्वनि,ध्वान,रव,स्वन,स्वान,निर्घोष,निर्ह्राद,नाद,निस्वान,निस्वन,आरव,आराव,संराव,विराव,रण,प्रत्यय,तुमुल,घोष",,"मेघध्वनिः,वज्रध्वनिः,अपशब्दः,उदात्तस्वरः,प्रीतिविशेषजनितमुखकण्ठादिशब्दः,शोकादिना_विकृतध्वनिः,रतिसमयकूजितम्,वस्त्रपर्णध्वनिः,भूषणध्वनिः,वीणादिध्वनिः,बहुभिः_कृतः_महाध्वनिः,पक्षिशब्दः,प्रतिध्वनिः,सूक्ष्मध्वनिः,अव्यक्तमधुरध्वनिः,गम्भीरध्वनिः,अत्युच्चध्वनिः,गीतवाद्यलयसाम्यध्वनिः,नीचां_प्रत्याह्वानः,चेडीं_प्रत्याह्वानः,सखीं_प्रत्याह्वानः,अश्वशब्दः,धनुषः_शब्दः,काकादिवद्रूक्षस्वरः,कृतशब्दः,ग्रामशब्दादिः,हस्तिगर्जनम्"
निस्वान,पुं।,शब्दः,,,गुणः,शब्दः,,,,,"शब्द,निनाद,निनद,ध्वनि,ध्वान,रव,स्वन,स्वान,निर्घोष,निर्ह्राद,नाद,निस्वान,निस्वन,आरव,आराव,संराव,विराव,रण,प्रत्यय,तुमुल,घोष",,"मेघध्वनिः,वज्रध्वनिः,अपशब्दः,उदात्तस्वरः,प्रीतिविशेषजनितमुखकण्ठादिशब्दः,शोकादिना_विकृतध्वनिः,रतिसमयकूजितम्,वस्त्रपर्णध्वनिः,भूषणध्वनिः,वीणादिध्वनिः,बहुभिः_कृतः_महाध्वनिः,पक्षिशब्दः,प्रतिध्वनिः,सूक्ष्मध्वनिः,अव्यक्तमधुरध्वनिः,गम्भीरध्वनिः,अत्युच्चध्वनिः,गीतवाद्यलयसाम्यध्वनिः,नीचां_प्रत्याह्वानः,चेडीं_प्रत्याह्वानः,सखीं_प्रत्याह्वानः,अश्वशब्दः,धनुषः_शब्दः,काकादिवद्रूक्षस्वरः,कृतशब्दः,ग्रामशब्दादिः,हस्तिगर्जनम्"
निस्वन,पुं।,शब्दः,,,गुणः,शब्दः,,,,,"शब्द,निनाद,निनद,ध्वनि,ध्वान,रव,स्वन,स्वान,निर्घोष,निर्ह्राद,नाद,निस्वान,निस्वन,आरव,आराव,संराव,विराव,रण,प्रत्यय,तुमुल,घोष",,"मेघध्वनिः,वज्रध्वनिः,अपशब्दः,उदात्तस्वरः,प्रीतिविशेषजनितमुखकण्ठादिशब्दः,शोकादिना_विकृतध्वनिः,रतिसमयकूजितम्,वस्त्रपर्णध्वनिः,भूषणध्वनिः,वीणादिध्वनिः,बहुभिः_कृतः_महाध्वनिः,पक्षिशब्दः,प्रतिध्वनिः,सूक्ष्मध्वनिः,अव्यक्तमधुरध्वनिः,गम्भीरध्वनिः,अत्युच्चध्वनिः,गीतवाद्यलयसाम्यध्वनिः,नीचां_प्रत्याह्वानः,चेडीं_प्रत्याह्वानः,सखीं_प्रत्याह्वानः,अश्वशब्दः,धनुषः_शब्दः,काकादिवद्रूक्षस्वरः,कृतशब्दः,ग्रामशब्दादिः,हस्तिगर्जनम्"
आरव,पुं।,शब्दः,,,गुणः,शब्दः,,,,,"शब्द,निनाद,निनद,ध्वनि,ध्वान,रव,स्वन,स्वान,निर्घोष,निर्ह्राद,नाद,निस्वान,निस्वन,आरव,आराव,संराव,विराव,रण,प्रत्यय,तुमुल,घोष",,"मेघध्वनिः,वज्रध्वनिः,अपशब्दः,उदात्तस्वरः,प्रीतिविशेषजनितमुखकण्ठादिशब्दः,शोकादिना_विकृतध्वनिः,रतिसमयकूजितम्,वस्त्रपर्णध्वनिः,भूषणध्वनिः,वीणादिध्वनिः,बहुभिः_कृतः_महाध्वनिः,पक्षिशब्दः,प्रतिध्वनिः,सूक्ष्मध्वनिः,अव्यक्तमधुरध्वनिः,गम्भीरध्वनिः,अत्युच्चध्वनिः,गीतवाद्यलयसाम्यध्वनिः,नीचां_प्रत्याह्वानः,चेडीं_प्रत्याह्वानः,सखीं_प्रत्याह्वानः,अश्वशब्दः,धनुषः_शब्दः,काकादिवद्रूक्षस्वरः,कृतशब्दः,ग्रामशब्दादिः,हस्तिगर्जनम्"
आराव,पुं।,शब्दः,,,गुणः,शब्दः,,,,,"शब्द,निनाद,निनद,ध्वनि,ध्वान,रव,स्वन,स्वान,निर्घोष,निर्ह्राद,नाद,निस्वान,निस्वन,आरव,आराव,संराव,विराव,रण,प्रत्यय,तुमुल,घोष",,"मेघध्वनिः,वज्रध्वनिः,अपशब्दः,उदात्तस्वरः,प्रीतिविशेषजनितमुखकण्ठादिशब्दः,शोकादिना_विकृतध्वनिः,रतिसमयकूजितम्,वस्त्रपर्णध्वनिः,भूषणध्वनिः,वीणादिध्वनिः,बहुभिः_कृतः_महाध्वनिः,पक्षिशब्दः,प्रतिध्वनिः,सूक्ष्मध्वनिः,अव्यक्तमधुरध्वनिः,गम्भीरध्वनिः,अत्युच्चध्वनिः,गीतवाद्यलयसाम्यध्वनिः,नीचां_प्रत्याह्वानः,चेडीं_प्रत्याह्वानः,सखीं_प्रत्याह्वानः,अश्वशब्दः,धनुषः_शब्दः,काकादिवद्रूक्षस्वरः,कृतशब्दः,ग्रामशब्दादिः,हस्तिगर्जनम्"
संराव,पुं।,शब्दः,,,गुणः,शब्दः,,,,,"शब्द,निनाद,निनद,ध्वनि,ध्वान,रव,स्वन,स्वान,निर्घोष,निर्ह्राद,नाद,निस्वान,निस्वन,आरव,आराव,संराव,विराव,रण,प्रत्यय,तुमुल,घोष",,"मेघध्वनिः,वज्रध्वनिः,अपशब्दः,उदात्तस्वरः,प्रीतिविशेषजनितमुखकण्ठादिशब्दः,शोकादिना_विकृतध्वनिः,रतिसमयकूजितम्,वस्त्रपर्णध्वनिः,भूषणध्वनिः,वीणादिध्वनिः,बहुभिः_कृतः_महाध्वनिः,पक्षिशब्दः,प्रतिध्वनिः,सूक्ष्मध्वनिः,अव्यक्तमधुरध्वनिः,गम्भीरध्वनिः,अत्युच्चध्वनिः,गीतवाद्यलयसाम्यध्वनिः,नीचां_प्रत्याह्वानः,चेडीं_प्रत्याह्वानः,सखीं_प्रत्याह्वानः,अश्वशब्दः,धनुषः_शब्दः,काकादिवद्रूक्षस्वरः,कृतशब्दः,ग्रामशब्दादिः,हस्तिगर्जनम्"
विराव,पुं।,शब्दः,,,गुणः,शब्दः,,,,,"शब्द,निनाद,निनद,ध्वनि,ध्वान,रव,स्वन,स्वान,निर्घोष,निर्ह्राद,नाद,निस्वान,निस्वन,आरव,आराव,संराव,विराव,रण,प्रत्यय,तुमुल,घोष",,"मेघध्वनिः,वज्रध्वनिः,अपशब्दः,उदात्तस्वरः,प्रीतिविशेषजनितमुखकण्ठादिशब्दः,शोकादिना_विकृतध्वनिः,रतिसमयकूजितम्,वस्त्रपर्णध्वनिः,भूषणध्वनिः,वीणादिध्वनिः,बहुभिः_कृतः_महाध्वनिः,पक्षिशब्दः,प्रतिध्वनिः,सूक्ष्मध्वनिः,अव्यक्तमधुरध्वनिः,गम्भीरध्वनिः,अत्युच्चध्वनिः,गीतवाद्यलयसाम्यध्वनिः,नीचां_प्रत्याह्वानः,चेडीं_प्रत्याह्वानः,सखीं_प्रत्याह्वानः,अश्वशब्दः,धनुषः_शब्दः,काकादिवद्रूक्षस्वरः,कृतशब्दः,ग्रामशब्दादिः,हस्तिगर्जनम्"
मर्मर,पुं।,वस्त्रपर्णध्वनिः,,,गुणः,शब्दः,,,,,मर्मर,,
शिञ्जित,नपुं।,भूषणध्वनिः,,,गुणः,शब्दः,,,,,"शिञ्जित,निक्वाण,निक्वण,क्वाण,क्वण,क्वणन",भूषणम्,
निक्वाण,पुं।,भूषणध्वनिः,,,गुणः,शब्दः,,,,,"शिञ्जित,निक्वाण,निक्वण,क्वाण,क्वण,क्वणन",भूषणम्,
निक्वण,पुं।,भूषणध्वनिः,,,गुणः,शब्दः,,,,,"शिञ्जित,निक्वाण,निक्वण,क्वाण,क्वण,क्वणन",भूषणम्,
क्वाण,पुं।,भूषणध्वनिः,,,गुणः,शब्दः,,,,,"शिञ्जित,निक्वाण,निक्वण,क्वाण,क्वण,क्वणन",भूषणम्,
क्वण,पुं।,भूषणध्वनिः,,,गुणः,शब्दः,,,,,"शिञ्जित,निक्वाण,निक्वण,क्वाण,क्वण,क्वणन",भूषणम्,
क्वणन,नपुं।,भूषणध्वनिः,,,गुणः,शब्दः,,,,,"शिञ्जित,निक्वाण,निक्वण,क्वाण,क्वण,क्वणन",भूषणम्,
प्रादि,पुं।,वीणादिध्वनिः,,,गुणः,शब्दः,,,,,"प्रादि,प्रक्वाण,प्रक्वण",वीणादिवादनम्,
प्रक्वाण,पुं।,वीणादिध्वनिः,,,गुणः,शब्दः,,,,,"प्रादि,प्रक्वाण,प्रक्वण",वीणादिवादनम्,
प्रक्वण,पुं।,वीणादिध्वनिः,,,गुणः,शब्दः,,,,,"प्रादि,प्रक्वाण,प्रक्वण",वीणादिवादनम्,
कोलाहल,पुं।,बहुभिः_कृतः_महाध्वनिः,,,गुणः,शब्दः,,,,,"कोलाहल,कलकल",,
कलकल,पुं।,बहुभिः_कृतः_महाध्वनिः,,,गुणः,शब्दः,,,,,"कोलाहल,कलकल",,
वाशित,नपुं।,पक्षिशब्दः,,,गुणः,शब्दः,,,,,वाशित,पक्षी,
प्रतिश्रुत्,स्त्री।,प्रतिध्वनिः,,,गुणः,शब्दः,,,,,"प्रतिश्रुत्,प्रतिध्वान",,
प्रतिध्वान,पुं।,प्रतिध्वनिः,,,गुणः,शब्दः,,,,,"प्रतिश्रुत्,प्रतिध्वान",,
गीत,नपुं।,गानम्,,,गुणः,शब्दः,,,,,"गीत,गान",,
गान,नपुं।,गानम्,,,गुणः,शब्दः,,,,,"गीत,गान",,
निषाद,पुं।,निषादस्वरः,,,गुणः,शब्दः,,,,,निषाद,,
ऋषभ,पुं।,ऋषभस्वरः,,,गुणः,शब्दः,,,,,ऋषभ,,
गान्धार,पुं।,गान्धारस्वरः,,,गुणः,शब्दः,,,,,गान्धार,,
षड्ज,पुं।,षड्जस्वरः,,,गुणः,शब्दः,,,,,षड्ज,,
मध्यम,पुं।,मध्यमस्वरः,,,गुणः,शब्दः,,,,,मध्यम,,
धैवत,पुं।,धैवतस्वरः,,,गुणः,शब्दः,,,,,धैवत,,
पञ्चम,पुं।,पञ्चमस्वरः,,,गुणः,शब्दः,,,,,पञ्चम,,
काकली,स्त्री।,सूक्ष्मध्वनिः,,,गुणः,शब्दः,,,,,काकली,,
कल,पुं।,अव्यक्तमधुरध्वनिः,,,गुणः,शब्दः,,,,,कल,,
मन्द्र,पुं।,गम्भीरध्वनिः,,,गुणः,शब्दः,,,,,मन्द्र,,
तार,पुं।,अत्युच्चध्वनिः,,,गुणः,शब्दः,,,,,तार,,
समन्वितलय,पुं।,गीतवाद्यलयसाम्यध्वनिः,,,गुणः,शब्दः,,,,,समन्वितलय,,
वीणा,स्त्री।,वीणा,,"उपकरणम्,वाद्योपकरणम्",,,,,,,"वीणा,वल्लकी,विपञ्ची","वीणादण्डः,वीणादण्डाधःस्थितशब्दगाम्भीर्यार्थचर्मावनद्धदारुभाण्डः,यत्र_तन्त्र्यो_निबध्यन्ते_तस्योर्ध्वविभागः,वीणावादकः","सप्ततन्त्रियुता_वीणा-सितारः,तन्त्रीहीन_वीणा,चाण्डालिका,वीणाभेदः"
वल्लकी,स्त्री।,वीणा,,"उपकरणम्,वाद्योपकरणम्",,,,,,,"वीणा,वल्लकी,विपञ्ची","वीणादण्डः,वीणादण्डाधःस्थितशब्दगाम्भीर्यार्थचर्मावनद्धदारुभाण्डः,यत्र_तन्त्र्यो_निबध्यन्ते_तस्योर्ध्वविभागः,वीणावादकः","सप्ततन्त्रियुता_वीणा-सितारः,तन्त्रीहीन_वीणा,चाण्डालिका,वीणाभेदः"
विपञ्ची,स्त्री।,वीणा,,"उपकरणम्,वाद्योपकरणम्",,,,,,,"वीणा,वल्लकी,विपञ्ची","वीणादण्डः,वीणादण्डाधःस्थितशब्दगाम्भीर्यार्थचर्मावनद्धदारुभाण्डः,यत्र_तन्त्र्यो_निबध्यन्ते_तस्योर्ध्वविभागः,वीणावादकः","सप्ततन्त्रियुता_वीणा-सितारः,तन्त्रीहीन_वीणा,चाण्डालिका,वीणाभेदः"
परिवादिनी,स्त्री।,सप्ततन्त्रियुता_वीणा-सितारः,,"उपकरणम्,वाद्योपकरणम्",,,,,,,परिवादिनी,,
तत,नपुं।,वीणादिवाद्यम्,,"उपकरणम्,वाद्योपकरणम्",,,,,,,तत,,वीणा
आनद्ध,नपुं।,मुरजादिवाद्यम्,,"उपकरणम्,वाद्योपकरणम्",,,,,,,आनद्ध,,"मृदङ्गः,यशःपटहः,भेरी,पटहः,युद्धपटहः"
सुषिर,नपुं।,वंशादिवाद्यम्,,"उपकरणम्,वाद्योपकरणम्",,,,,,,सुषिर,,
घन,नपुं।,कांस्यतालादिवाद्यम्,,"उपकरणम्,वाद्योपकरणम्",,,,,,,घन,करतालिकावादकः,तालः
वाद्य,नपुं।,चतुर्वाद्याः,,"उपकरणम्,वाद्योपकरणम्",,,,,,,"वाद्य,वादित्र,आतोद्य",,"वीणादिवाद्यम्,मुरजादिवाद्यम्,वंशादिवाद्यम्,कांस्यतालादिवाद्यम्"
वादित्र,नपुं।,चतुर्वाद्याः,,"उपकरणम्,वाद्योपकरणम्",,,,,,,"वाद्य,वादित्र,आतोद्य",,"वीणादिवाद्यम्,मुरजादिवाद्यम्,वंशादिवाद्यम्,कांस्यतालादिवाद्यम्"
आतोद्य,नपुं।,चतुर्वाद्याः,,"उपकरणम्,वाद्योपकरणम्",,,,,,,"वाद्य,वादित्र,आतोद्य",,"वीणादिवाद्यम्,मुरजादिवाद्यम्,वंशादिवाद्यम्,कांस्यतालादिवाद्यम्"
मृदङ्ग,पुं।,मृदङ्गः,,"उपकरणम्,वाद्योपकरणम्",,,,,,,"मृदङ्ग,मुरज",मृदङ्गवादकः,
मुरज,पुं।,मृदङ्गः,,"उपकरणम्,वाद्योपकरणम्",,,,,,,"मृदङ्ग,मुरज",मृदङ्गवादकः,
यशःपटह,पुं।,यशःपटहः,,"उपकरणम्,वाद्योपकरणम्",,,,,,,"यशःपटह,ढक्का",,
ढक्का,स्त्री।,यशःपटहः,,"उपकरणम्,वाद्योपकरणम्",,,,,,,"यशःपटह,ढक्का",,
भेरी,स्त्री।,भेरी,,"उपकरणम्,वाद्योपकरणम्",,,,,,,"भेरी,दुन्दुभि,आनक",,
दुन्दुभि,पुं।,भेरी,,"उपकरणम्,वाद्योपकरणम्",,,,,,,"भेरी,दुन्दुभि,आनक",,
आनक,पुं।,पटहः,,"उपकरणम्,वाद्योपकरणम्",,,,,,,"आनक,पटह",,
पटह,पुं-नपुं।,पटहः,,"उपकरणम्,वाद्योपकरणम्",,,,,,,"आनक,पटह",,
कोण,पुं।,वीणादिवादनम्,,,क्रिया,,,,,,कोण,वीणादिध्वनिः,
वीणादण्ड,पुं।,वीणादण्डः,,,द्रव्यम्,पृथ्वी,अचलनिर्जीवः,अचलनिर्जीववस्तु,,,"वीणादण्ड,प्रवाल",,
प्रवाल,पुं।,वीणादण्डः,,,द्रव्यम्,पृथ्वी,अचलनिर्जीवः,अचलनिर्जीववस्तु,,,"वीणादण्ड,प्रवाल",,
ककुभ,पुं।,वीणादण्डाधःस्थितशब्दगाम्भीर्यार्थचर्मावनद्धदारुभाण्डः,,,द्रव्यम्,पृथ्वी,अचलनिर्जीवः,अचलनिर्जीववस्तु,,,"ककुभ,प्रसेवक",,
प्रसेवक,पुं।,वीणादण्डाधःस्थितशब्दगाम्भीर्यार्थचर्मावनद्धदारुभाण्डः,,,द्रव्यम्,पृथ्वी,अचलनिर्जीवः,अचलनिर्जीववस्तु,,,"ककुभ,प्रसेवक",,
कोलम्बक,पुं।,तन्त्रीहीन_वीणा,,"उपकरणम्,वाद्योपकरणम्",,,,,,,कोलम्बक,,
उपनाह,पुं।,यत्र_तन्त्र्यो_निबध्यन्ते_तस्योर्ध्वविभागः,,,द्रव्यम्,पृथ्वी,अचलनिर्जीवः,अचलनिर्जीववस्तु,,,उपनाह,,
डमरु,पुं।,वाद्यविशेषः,,"उपकरणम्,वाद्योपकरणम्",,,,,,,"डमरु,मड्डु,डिण्डिम,झर्झर,मर्दल,पणव",,
मड्डु,पुं।,वाद्यविशेषः,,"उपकरणम्,वाद्योपकरणम्",,,,,,,"डमरु,मड्डु,डिण्डिम,झर्झर,मर्दल,पणव",,
डिण्डिम,पुं।,वाद्यविशेषः,,"उपकरणम्,वाद्योपकरणम्",,,,,,,"डमरु,मड्डु,डिण्डिम,झर्झर,मर्दल,पणव",,
झर्झर,पुं।,वाद्यविशेषः,,"उपकरणम्,वाद्योपकरणम्",,,,,,,"डमरु,मड्डु,डिण्डिम,झर्झर,मर्दल,पणव",,
मर्दल,पुं।,वाद्यविशेषः,,"उपकरणम्,वाद्योपकरणम्",,,,,,,"डमरु,मड्डु,डिण्डिम,झर्झर,मर्दल,पणव",,
पणव,पुं।,वाद्यविशेषः,,"उपकरणम्,वाद्योपकरणम्",,,,,,,"डमरु,मड्डु,डिण्डिम,झर्झर,मर्दल,पणव",,
नर्तकी,स्त्री।,नर्तकी,,वृत्तिः,द्रव्यम्,पृथ्वी,चलसजीवः,मनुष्यः,,,"नर्तकी,लासिका,वाणिनी",नृत्यम्,
लासिका,स्त्री।,नर्तकी,,वृत्तिः,द्रव्यम्,पृथ्वी,चलसजीवः,मनुष्यः,,,"नर्तकी,लासिका,वाणिनी",नृत्यम्,
तत्त्व,नपुं।,विलम्बितनृत्यगीतवाद्यम्,,"उपकरणम्,वाद्योपकरणम्",,,,,,,तत्त्व,,
ओघ,पुं।,द्रुतनृत्यगीतवाद्यम्,,"उपकरणम्,वाद्योपकरणम्",,,,,,,ओघ,,
घन,नपुं।,मध्यसमयनृत्यगीतवाद्यम्,,"उपकरणम्,वाद्योपकरणम्",,,,,,,घन,,
ताल,पुं।,तालः,,,गुणः,शब्दः,ध्वन्यात्मकः,,,,"ताल,कालक्रियामान",,तालभेदः
कालक्रियामान,नपुं।,तालः,,,गुणः,शब्दः,ध्वन्यात्मकः,,,,"ताल,कालक्रियामान",,तालभेदः
लय,पुं।,गानतन्त्रीलयः,,,गुणः,शब्दः,ध्वन्यात्मकः,,,,लय,,
ताण्डव,पुं-नपुं।,नृत्यम्,,,क्रिया,,,,,,"ताण्डव,नटन,नाट्य,लास्य,नृत्य,नर्तन","नर्तकी,नटः",नृत्यविशेषः
नटन,नपुं।,नृत्यम्,,,क्रिया,,,,,,"ताण्डव,नटन,नाट्य,लास्य,नृत्य,नर्तन","नर्तकी,नटः",नृत्यविशेषः
नाट्य,नपुं।,नृत्यम्,,,क्रिया,,,,,,"ताण्डव,नटन,नाट्य,लास्य,नृत्य,नर्तन","नर्तकी,नटः",नृत्यविशेषः
लास्य,नपुं।,नृत्यम्,,,क्रिया,,,,,,"ताण्डव,नटन,नाट्य,लास्य,नृत्य,नर्तन","नर्तकी,नटः",नृत्यविशेषः
नृत्य,नपुं।,नृत्यम्,,,क्रिया,,,,,,"ताण्डव,नटन,नाट्य,लास्य,नृत्य,नर्तन","नर्तकी,नटः",नृत्यविशेषः
नर्तन,नपुं।,नृत्यम्,,,क्रिया,,,,,,"ताण्डव,नटन,नाट्य,लास्य,नृत्य,नर्तन","नर्तकी,नटः",नृत्यविशेषः
तौर्यत्रिक,नपुं।,नृत्यगीतवाद्यानाम्_मेलनम्,,,क्रिया,,,,,,"तौर्यत्रिक,नाट्य",,
नाट्य,नपुं।,नृत्यगीतवाद्यानाम्_मेलनम्,,,क्रिया,,,,,,"तौर्यत्रिक,नाट्य",,
भ्रकुंस,पुं।,स्त्रीवेषधारी_पुरुषः,,,द्रव्यम्,पृथ्वी,चलसजीवः,मनुष्यः,,,"भ्रकुंस,भ्रुकुंस,भ्रूकुंस",,
भ्रुकुंस,पुं।,स्त्रीवेषधारी_पुरुषः,,,द्रव्यम्,पृथ्वी,चलसजीवः,मनुष्यः,,,"भ्रकुंस,भ्रुकुंस,भ्रूकुंस",,
भ्रूकुंस,पुं।,स्त्रीवेषधारी_पुरुषः,,,द्रव्यम्,पृथ्वी,चलसजीवः,मनुष्यः,,,"भ्रकुंस,भ्रुकुंस,भ्रूकुंस",,
गणिका,स्त्री।,अज्जुका,,,द्रव्यम्,पृथ्वी,चलसजीवः,मनुष्यः,,,"गणिका,अज्जुका",,
अज्जुका,स्त्री।,अज्जुका,,,द्रव्यम्,पृथ्वी,चलसजीवः,मनुष्यः,,,"गणिका,अज्जुका",,
आवुत्त,पुं।,भगिनीपतिः,,,द्रव्यम्,पृथ्वी,चलसजीवः,मनुष्यः,,,आवुत्त,भगिनी,
भाव,पुं।,विद्वान्,,,द्रव्यम्,पृथ्वी,चलसजीवः,मनुष्यः,,,"भाव,विद्वस्,विपश्चित्,दोषज्ञ,सत्,सुधी,कोविद,बुध,धीर,मनीषिन्,ज्ञ,प्राज्ञ,सङ्ख्यावत्,पण्डित,कवि,धीमत्,सूरिन्,कृतिन्,कृष्टि,लब्धवर्ण,विचक्षण,दूरदर्शिन्,दीर्घदर्शिन्,व्यक्त,विशारद,वृद्धि",,
आवुक,पुं।,जनकः,,,द्रव्यम्,पृथ्वी,चलसजीवः,मनुष्यः,,,आवुक,जननी,
कुमार,पुं।,युवराजः,,,द्रव्यम्,पृथ्वी,चलसजीवः,मनुष्यः,,,"कुमार,भर्तृदारक",,
भर्तृदारक,पुं।,युवराजः,,,द्रव्यम्,पृथ्वी,चलसजीवः,मनुष्यः,,,"कुमार,भर्तृदारक",,
भट्टारक,पुं।,नाट्योक्तराजा,,,द्रव्यम्,पृथ्वी,चलसजीवः,मनुष्यः,,,"भट्टारक,देव",,
देव,पुं।,नाट्योक्तराजा,,,द्रव्यम्,पृथ्वी,चलसजीवः,मनुष्यः,,,"भट्टारक,देव",,
भर्तृदारिका,स्त्री।,राजपुत्री,,,द्रव्यम्,पृथ्वी,चलसजीवः,मनुष्यः,,,भर्तृदारिका,राजा,
देवी,स्त्री।,बद्धपट्टा_राज्ञी,,,द्रव्यम्,पृथ्वी,चलसजीवः,मनुष्यः,,,देवी,राजा,
भट्टिनी,स्त्री।,राज्ञी,,,द्रव्यम्,पृथ्वी,चलसजीवः,मनुष्यः,,,भट्टिनी,राजा,बद्धपट्टा_राज्ञी
अब्रह्मण्य,नपुं।,अवध्यब्राह्मणादेर्दोषोक्तिः,,,गुणः,शब्दः,ध्वन्यात्मकः,,,,अब्रह्मण्य,,
राष्ट्रिय,पुं।,राज्ञः_श्यालः,,,द्रव्यम्,पृथ्वी,चलसजीवः,मनुष्यः,,,राष्ट्रिय,,
अम्बा,स्त्री।,माता,,,द्रव्यम्,पृथ्वी,चलसजीवः,मनुष्यः,,,"अम्बा,मातृ",,
मातृ,स्त्री।,माता,,,द्रव्यम्,पृथ्वी,चलसजीवः,मनुष्यः,,,"अम्बा,मातृ",,
वासू,स्त्री।,राज्ञः_बाला,,,द्रव्यम्,पृथ्वी,चलसजीवः,मनुष्यः,,,वासू,राजा,
आर्य,पुं।,मान्यः,,,द्रव्यम्,पृथ्वी,चलसजीवः,मनुष्यः,,,"आर्य,मारिष",,
मारिष,पुं।,मान्यः,,,द्रव्यम्,पृथ्वी,चलसजीवः,मनुष्यः,,,"आर्य,मारिष",,
अत्तिका,स्त्री।,ज्येष्ठभगिनी,,,द्रव्यम्,पृथ्वी,चलसजीवः,मनुष्यः,,,अत्तिका,,
निष्ठा,स्त्री।,निर्वहणम्,,,क्रिया,,,,,,"निष्ठा,निर्वहण",,
निर्वहण,नपुं।,निर्वहणम्,,,क्रिया,,,,,,"निष्ठा,निर्वहण",,
हण्डे,अव्य।,नीचां_प्रत्याह्वानः,,,गुणः,शब्दः,ध्वन्यात्मकः,,,,हण्डे,,
हञ्जे,अव्य।,चेडीं_प्रत्याह्वानः,,,गुणः,शब्दः,ध्वन्यात्मकः,,,,हञ्जे,,
हला,अव्य।,सखीं_प्रत्याह्वानः,,,गुणः,शब्दः,ध्वन्यात्मकः,,,,हला,,
अङ्गहार,पुं।,नृत्यविशेषः,,,क्रिया,,,,,,"अङ्गहार,अङ्गविक्षेप",,
अङ्गविक्षेप,पुं।,नृत्यविशेषः,,,क्रिया,,,,,,"अङ्गहार,अङ्गविक्षेप",,
व्यञ्जक,पुं।,मनोगतभावाभिव्यञ्जकम्,,,क्रिया,,,,,,"व्यञ्जक,अभिनय",,"अङ्गेन_निवृत्तं_भ्रूविक्षेपादिः,अन्तःकरणेन_निष्पन्नं_स्वेदरोमाञ्चादिः,नवरसेष्वेकः"
अभिनय,पुं।,मनोगतभावाभिव्यञ्जकम्,,,क्रिया,,,,,,"व्यञ्जक,अभिनय",,"अङ्गेन_निवृत्तं_भ्रूविक्षेपादिः,अन्तःकरणेन_निष्पन्नं_स्वेदरोमाञ्चादिः,नवरसेष्वेकः"
आङ्गिक,वि।,अङ्गेन_निवृत्तं_भ्रूविक्षेपादिः,,,क्रिया,,,,,,आङ्गिक,,
सात्त्विक,वि।,अन्तःकरणेन_निष्पन्नं_स्वेदरोमाञ्चादिः,,,क्रिया,,,,,,सात्त्विक,,
शृङ्गार,पुं।,नवरसेष्वेकः,,,गुणः,मानसिकभावः,,,,,"शृङ्गार,वीर,करुणा,अद्भुत,हास्य,भयानक,बीभत्स,रौद्र",,
वीर,पुं।,नवरसेष्वेकः,,,गुणः,मानसिकभावः,,,,,"शृङ्गार,वीर,करुणा,अद्भुत,हास्य,भयानक,बीभत्स,रौद्र",,
करुणा,स्त्री।,नवरसेष्वेकः,,,गुणः,मानसिकभावः,,,,,"शृङ्गार,वीर,करुणा,अद्भुत,हास्य,भयानक,बीभत्स,रौद्र",,
अद्भुत,पुं।,नवरसेष्वेकः,,,गुणः,मानसिकभावः,,,,,"शृङ्गार,वीर,करुणा,अद्भुत,हास्य,भयानक,बीभत्स,रौद्र",,
हास्य,पुं।,नवरसेष्वेकः,,,गुणः,मानसिकभावः,,,,,"शृङ्गार,वीर,करुणा,अद्भुत,हास्य,भयानक,बीभत्स,रौद्र",,
भयानक,पुं।,नवरसेष्वेकः,,,गुणः,मानसिकभावः,,,,,"शृङ्गार,वीर,करुणा,अद्भुत,हास्य,भयानक,बीभत्स,रौद्र",,
बीभत्स,पुं।,नवरसेष्वेकः,,,गुणः,मानसिकभावः,,,,,"शृङ्गार,वीर,करुणा,अद्भुत,हास्य,भयानक,बीभत्स,रौद्र",,
रौद्र,पुं।,नवरसेष्वेकः,,,गुणः,मानसिकभावः,,,,,"शृङ्गार,वीर,करुणा,अद्भुत,हास्य,भयानक,बीभत्स,रौद्र",,
शृङ्गार,पुं।,शृङ्गाररसः,,,गुणः,मानसिकभावः,,,,,"शृङ्गार,शुचि,उज्ज्वल",,
शुचि,पुं।,शृङ्गाररसः,,,गुणः,मानसिकभावः,,,,,"शृङ्गार,शुचि,उज्ज्वल",,
उज्ज्वल,पुं।,शृङ्गाररसः,,,गुणः,मानसिकभावः,,,,,"शृङ्गार,शुचि,उज्ज्वल",,
उत्साहवर्धन,पुं।,वीररसः,,,गुणः,मानसिकभावः,,,,,"उत्साहवर्धन,वीर",,
वीर,पुं।,वीररसः,,,गुणः,मानसिकभावः,,,,,"उत्साहवर्धन,वीर",,
कारुण्य,नपुं।,करुणरसः,,,गुणः,मानसिकभावः,,,,,"कारुण्य,करुणा,घृणा,कृपा,दया,अनुकम्पा,अनुक्रोश,बत,हन्त",,
करुणा,स्त्री।,करुणरसः,,,गुणः,मानसिकभावः,,,,,"कारुण्य,करुणा,घृणा,कृपा,दया,अनुकम्पा,अनुक्रोश,बत,हन्त",,
घृणा,स्त्री।,करुणरसः,,,गुणः,मानसिकभावः,,,,,"कारुण्य,करुणा,घृणा,कृपा,दया,अनुकम्पा,अनुक्रोश,बत,हन्त",,
कृपा,स्त्री।,करुणरसः,,,गुणः,मानसिकभावः,,,,,"कारुण्य,करुणा,घृणा,कृपा,दया,अनुकम्पा,अनुक्रोश,बत,हन्त",,
दया,स्त्री।,करुणरसः,,,गुणः,मानसिकभावः,,,,,"कारुण्य,करुणा,घृणा,कृपा,दया,अनुकम्पा,अनुक्रोश,बत,हन्त",,
अनुकम्पा,स्त्री।,करुणरसः,,,गुणः,मानसिकभावः,,,,,"कारुण्य,करुणा,घृणा,कृपा,दया,अनुकम्पा,अनुक्रोश,बत,हन्त",,
अनुक्रोश,पुं।,करुणरसः,,,गुणः,मानसिकभावः,,,,,"कारुण्य,करुणा,घृणा,कृपा,दया,अनुकम्पा,अनुक्रोश,बत,हन्त",,
हस,पुं।,हास्यरसः,,,गुणः,मानसिकभावः,,,,,"हस,हास,हास्य",,"सोपहासम्,परस्यामर्षजनकहासम्,ईषद्_हासः,मध्यमहासः"
हास,पुं।,हास्यरसः,,,गुणः,मानसिकभावः,,,,,"हस,हास,हास्य",,"सोपहासम्,परस्यामर्षजनकहासम्,ईषद्_हासः,मध्यमहासः"
हास्य,नपुं।,हास्यरसः,,,गुणः,मानसिकभावः,,,,,"हस,हास,हास्य",,"सोपहासम्,परस्यामर्षजनकहासम्,ईषद्_हासः,मध्यमहासः"
बीभत्स,पुं।,बीभत्सरसः,,,गुणः,मानसिकभावः,,,,,"बीभत्स,विकृत",,
विकृत,वि।,बीभत्सरसः,,,गुणः,मानसिकभावः,,,,,"बीभत्स,विकृत",,
विस्मय,पुं।,अद्भुतरसः,,,गुणः,मानसिकभावः,,,,,"विस्मय,अद्भुत,आश्चर्य,चित्र,अहह",,
अद्भुत,वि।,अद्भुतरसः,,,गुणः,मानसिकभावः,,,,,"विस्मय,अद्भुत,आश्चर्य,चित्र,अहह",,
आश्चर्य,वि।,अद्भुतरसः,,,गुणः,मानसिकभावः,,,,,"विस्मय,अद्भुत,आश्चर्य,चित्र,अहह",,
चित्र,वि।,अद्भुतरसः,,,गुणः,मानसिकभावः,,,,,"विस्मय,अद्भुत,आश्चर्य,चित्र,अहह",,
भैरव,वि।,भयानकरसः,,,गुणः,मानसिकभावः,,,,,"भैरव,दारुण,भीषण,भीष्म,घोर,भीम,भयानक,भयङ्कर,प्रतिभय",,
दारुण,वि।,भयानकरसः,,,गुणः,मानसिकभावः,,,,,"भैरव,दारुण,भीषण,भीष्म,घोर,भीम,भयानक,भयङ्कर,प्रतिभय",,
भीषण,वि।,भयानकरसः,,,गुणः,मानसिकभावः,,,,,"भैरव,दारुण,भीषण,भीष्म,घोर,भीम,भयानक,भयङ्कर,प्रतिभय",,
भीष्म,वि।,भयानकरसः,,,गुणः,मानसिकभावः,,,,,"भैरव,दारुण,भीषण,भीष्म,घोर,भीम,भयानक,भयङ्कर,प्रतिभय",,
घोर,वि।,भयानकरसः,,,गुणः,मानसिकभावः,,,,,"भैरव,दारुण,भीषण,भीष्म,घोर,भीम,भयानक,भयङ्कर,प्रतिभय",,
भीम,वि।,भयानकरसः,,,गुणः,मानसिकभावः,,,,,"भैरव,दारुण,भीषण,भीष्म,घोर,भीम,भयानक,भयङ्कर,प्रतिभय",,
भयानक,वि।,भयानकरसः,,,गुणः,मानसिकभावः,,,,,"भैरव,दारुण,भीषण,भीष्म,घोर,भीम,भयानक,भयङ्कर,प्रतिभय",,
भयङ्कर,वि।,भयानकरसः,,,गुणः,मानसिकभावः,,,,,"भैरव,दारुण,भीषण,भीष्म,घोर,भीम,भयानक,भयङ्कर,प्रतिभय",,
प्रतिभय,वि।,भयानकरसः,,,गुणः,मानसिकभावः,,,,,"भैरव,दारुण,भीषण,भीष्म,घोर,भीम,भयानक,भयङ्कर,प्रतिभय",,
रौद्र,वि।,रौद्ररसः,,,गुणः,मानसिकभावः,,,,,"रौद्र,उग्र",,
उग्र,वि।,रौद्ररसः,,,गुणः,मानसिकभावः,,,,,"रौद्र,उग्र",,
दर,पुं।,भयम्,,,गुणः,मानसिकभावः,,,,,"दर,त्रास,भीति,भी,साध्वस,भय",भयशाली,"अग्न्यादिकृतभयम्,स्वपरसैन्याद्भयम्,स्वपक्षप्रभवभयम्"
त्रास,पुं।,भयम्,,,गुणः,मानसिकभावः,,,,,"दर,त्रास,भीति,भी,साध्वस,भय",भयशाली,"अग्न्यादिकृतभयम्,स्वपरसैन्याद्भयम्,स्वपक्षप्रभवभयम्"
भीति,स्त्री।,भयम्,,,गुणः,मानसिकभावः,,,,,"दर,त्रास,भीति,भी,साध्वस,भय",भयशाली,"अग्न्यादिकृतभयम्,स्वपरसैन्याद्भयम्,स्वपक्षप्रभवभयम्"
भी,स्त्री।,भयम्,,,गुणः,मानसिकभावः,,,,,"दर,त्रास,भीति,भी,साध्वस,भय",भयशाली,"अग्न्यादिकृतभयम्,स्वपरसैन्याद्भयम्,स्वपक्षप्रभवभयम्"
साध्वस,नपुं।,भयम्,,,गुणः,मानसिकभावः,,,,,"दर,त्रास,भीति,भी,साध्वस,भय",भयशाली,"अग्न्यादिकृतभयम्,स्वपरसैन्याद्भयम्,स्वपक्षप्रभवभयम्"
भय,नपुं।,भयम्,,,गुणः,मानसिकभावः,,,,,"दर,त्रास,भीति,भी,साध्वस,भय",भयशाली,"अग्न्यादिकृतभयम्,स्वपरसैन्याद्भयम्,स्वपक्षप्रभवभयम्"
विकार,पुं।,मनोविकारः,,,गुणः,मानसिकभावः,,,,,विकार,मनस्,"जुगुप्सा,भयम्,चित्तविकारप्रकाशककटाक्षादिः,अहङ्कारः,अभिमानः,मदः,परिभवः,लज्जा,क्षमा,परोत्कर्षासहिष्णुत्वम्,गुणेषु_दोषारोपः,वैरम्,शोकः,पश्चात्तापः,कोपः,चित्तविभ्रमः,स्नेहः,स्पृहा,धर्मविचारः,मनःपीडा,स्मरणम्,उत्साहः,अतिशयिताध्यवसायः,कपटः,कौतुकम्,दुःखम्,इच्छा,आनन्दः,सन्तोषम्"
अनुभाव,पुं।,चित्तविकारप्रकाशककटाक्षादिः,,,क्रिया,,,,,,अनुभाव,,
गर्व,पुं।,अहङ्कारः,,,गुणः,मानसिकभावः,,,,,"गर्व,अभिमान,अहङ्कार",मनस्,
अभिमान,पुं।,अहङ्कारः,,,गुणः,मानसिकभावः,,,,,"गर्व,अभिमान,अहङ्कार",मनस्,
अहङ्कार,पुं।,अहङ्कारः,,,गुणः,मानसिकभावः,,,,,"गर्व,अभिमान,अहङ्कार",मनस्,
मान,पुं।,अभिमानः,,,गुणः,मानसिकभावः,,,,,"मान,चित्तसमुन्नति",मनस्,
चित्तसमुन्नति,स्त्री।,अभिमानः,,,गुणः,मानसिकभावः,,,,,"मान,चित्तसमुन्नति",मनस्,
दर्प,पुं।,मदः,,,गुणः,मानसिकभावः,,,,,"दर्प,अवलेप,अवष्टम्भ,चित्तोद्रेक,स्मय,मद,टङ्क,आमोद,वितान",मनस्,
अवलेप,पुं।,मदः,,,गुणः,मानसिकभावः,,,,,"दर्प,अवलेप,अवष्टम्भ,चित्तोद्रेक,स्मय,मद,टङ्क,आमोद,वितान",मनस्,
अवष्टम्भ,पुं।,मदः,,,गुणः,मानसिकभावः,,,,,"दर्प,अवलेप,अवष्टम्भ,चित्तोद्रेक,स्मय,मद,टङ्क,आमोद,वितान",मनस्,
चित्तोद्रेक,पुं।,मदः,,,गुणः,मानसिकभावः,,,,,"दर्प,अवलेप,अवष्टम्भ,चित्तोद्रेक,स्मय,मद,टङ्क,आमोद,वितान",मनस्,
स्मय,पुं।,मदः,,,गुणः,मानसिकभावः,,,,,"दर्प,अवलेप,अवष्टम्भ,चित्तोद्रेक,स्मय,मद,टङ्क,आमोद,वितान",मनस्,
मद,पुं।,मदः,,,गुणः,मानसिकभावः,,,,,"दर्प,अवलेप,अवष्टम्भ,चित्तोद्रेक,स्मय,मद,टङ्क,आमोद,वितान",मनस्,
अनादर,पुं।,परिभवः,,,गुणः,मानसिकभावः,,,,,"अनादर,परिभव,परीभाव,तिरस्क्रिया,रीढा,अवमानना,अवज्ञा,अवहेलन,असूर्क्षण",,
परिभव,पुं।,परिभवः,,,गुणः,मानसिकभावः,,,,,"अनादर,परिभव,परीभाव,तिरस्क्रिया,रीढा,अवमानना,अवज्ञा,अवहेलन,असूर्क्षण",,
परीभाव,पुं।,परिभवः,,,गुणः,मानसिकभावः,,,,,"अनादर,परिभव,परीभाव,तिरस्क्रिया,रीढा,अवमानना,अवज्ञा,अवहेलन,असूर्क्षण",,
तिरस्क्रिया,स्त्री।,परिभवः,,,गुणः,मानसिकभावः,,,,,"अनादर,परिभव,परीभाव,तिरस्क्रिया,रीढा,अवमानना,अवज्ञा,अवहेलन,असूर्क्षण",,
रीढा,स्त्री।,परिभवः,,,गुणः,मानसिकभावः,,,,,"अनादर,परिभव,परीभाव,तिरस्क्रिया,रीढा,अवमानना,अवज्ञा,अवहेलन,असूर्क्षण",,
अवमानना,स्त्री।,परिभवः,,,गुणः,मानसिकभावः,,,,,"अनादर,परिभव,परीभाव,तिरस्क्रिया,रीढा,अवमानना,अवज्ञा,अवहेलन,असूर्क्षण",,
अवज्ञा,स्त्री।,परिभवः,,,गुणः,मानसिकभावः,,,,,"अनादर,परिभव,परीभाव,तिरस्क्रिया,रीढा,अवमानना,अवज्ञा,अवहेलन,असूर्क्षण",,
अवहेलन,नपुं।,परिभवः,,,गुणः,मानसिकभावः,,,,,"अनादर,परिभव,परीभाव,तिरस्क्रिया,रीढा,अवमानना,अवज्ञा,अवहेलन,असूर्क्षण",,
असूर्क्षण,नपुं।,परिभवः,,,गुणः,मानसिकभावः,,,,,"अनादर,परिभव,परीभाव,तिरस्क्रिया,रीढा,अवमानना,अवज्ञा,अवहेलन,असूर्क्षण",,
मन्दाक्ष,नपुं।,लज्जा,,,गुणः,मानसिकभावः,,,,,"मन्दाक्ष,ह्री,त्रपा,व्रीडा,लज्जा",लज्जाशीलः,पित्रादेः_पुरतः_जातलज्जा
ह्री,स्त्री।,लज्जा,,,गुणः,मानसिकभावः,,,,,"मन्दाक्ष,ह्री,त्रपा,व्रीडा,लज्जा",लज्जाशीलः,पित्रादेः_पुरतः_जातलज्जा
त्रपा,स्त्री।,लज्जा,,,गुणः,मानसिकभावः,,,,,"मन्दाक्ष,ह्री,त्रपा,व्रीडा,लज्जा",लज्जाशीलः,पित्रादेः_पुरतः_जातलज्जा
व्रीडा,स्त्री।,लज्जा,,,गुणः,मानसिकभावः,,,,,"मन्दाक्ष,ह्री,त्रपा,व्रीडा,लज्जा",लज्जाशीलः,पित्रादेः_पुरतः_जातलज्जा
लज्जा,स्त्री।,लज्जा,,,गुणः,मानसिकभावः,,,,,"मन्दाक्ष,ह्री,त्रपा,व्रीडा,लज्जा",लज्जाशीलः,पित्रादेः_पुरतः_जातलज्जा
अपत्रपा,स्त्री।,पित्रादेः_पुरतः_जातलज्जा,,,गुणः,मानसिकभावः,,,,,अपत्रपा,,
क्षान्ति,स्त्री।,क्षमा,,,गुणः,मानसिकभावः,,,,,"क्षान्ति,तितिक्षा,क्षमा",,
तितिक्षा,स्त्री।,क्षमा,,,गुणः,मानसिकभावः,,,,,"क्षान्ति,तितिक्षा,क्षमा",,
अभिध्या,स्त्री।,परद्रव्येच्छा,,,गुणः,मानसिकभावः,,,,,अभिध्या,,
अक्षान्ति,स्त्री।,परोत्कर्षासहिष्णुत्वम्,,,सामान्यम्,जातिः,,,,,"अक्षान्ति,ईर्ष्या",,
ईर्ष्या,स्त्री।,परोत्कर्षासहिष्णुत्वम्,,,सामान्यम्,जातिः,,,,,"अक्षान्ति,ईर्ष्या",,
असूया,स्त्री।,गुणेषु_दोषारोपः,,,गुणः,मानसिकभावः,,,,,असूया,,
वैर,नपुं।,वैरम्,,,गुणः,मानसिकभावः,,,,,"वैर,विरोध,विद्वेष",शत्रुः,
विरोध,पुं।,वैरम्,,,गुणः,मानसिकभावः,,,,,"वैर,विरोध,विद्वेष",शत्रुः,
विद्वेष,पुं।,वैरम्,,,गुणः,मानसिकभावः,,,,,"वैर,विरोध,विद्वेष",शत्रुः,
मन्यु,पुं।,शोकः,,,गुणः,मानसिकभावः,,,,,"मन्यु,शोक,शुच्",,
शोक,पुं।,शोकः,,,गुणः,मानसिकभावः,,,,,"मन्यु,शोक,शुच्",,
शुच्,स्त्री।,शोकः,,,गुणः,मानसिकभावः,,,,,"मन्यु,शोक,शुच्",,
पश्चात्ताप,पुं।,पश्चात्तापः,,,गुणः,मानसिकभावः,,,,,"पश्चात्ताप,अनुताप,विप्रतीसार,अनुशय",,
अनुताप,पुं।,पश्चात्तापः,,,गुणः,मानसिकभावः,,,,,"पश्चात्ताप,अनुताप,विप्रतीसार,अनुशय",,
विप्रतीसार,पुं।,पश्चात्तापः,,,गुणः,मानसिकभावः,,,,,"पश्चात्ताप,अनुताप,विप्रतीसार,अनुशय",,
कोप,पुं।,कोपः,,,गुणः,मानसिकभावः,,,,,"कोप,क्रोध,अमर्ष,रोष,प्रतिघ,रुट्,क्रुध्,मन्यु,उत्सव,आस्तु,नामन्",कोपनस्त्री#क्रोधशीलः,
क्रोध,पुं।,कोपः,,,गुणः,मानसिकभावः,,,,,"कोप,क्रोध,अमर्ष,रोष,प्रतिघ,रुट्,क्रुध्,मन्यु,उत्सव,आस्तु,नामन्",कोपनस्त्री#क्रोधशीलः,
अमर्ष,पुं।,कोपः,,,गुणः,मानसिकभावः,,,,,"कोप,क्रोध,अमर्ष,रोष,प्रतिघ,रुट्,क्रुध्,मन्यु,उत्सव,आस्तु,नामन्",कोपनस्त्री#क्रोधशीलः,
रोष,पुं।,कोपः,,,गुणः,मानसिकभावः,,,,,"कोप,क्रोध,अमर्ष,रोष,प्रतिघ,रुट्,क्रुध्,मन्यु,उत्सव,आस्तु,नामन्",कोपनस्त्री#क्रोधशीलः,
प्रतिघ,पुं।,कोपः,,,गुणः,मानसिकभावः,,,,,"कोप,क्रोध,अमर्ष,रोष,प्रतिघ,रुट्,क्रुध्,मन्यु,उत्सव,आस्तु,नामन्",कोपनस्त्री#क्रोधशीलः,
रुट्,स्त्री।,कोपः,,,गुणः,मानसिकभावः,,,,,"कोप,क्रोध,अमर्ष,रोष,प्रतिघ,रुट्,क्रुध्,मन्यु,उत्सव,आस्तु,नामन्",कोपनस्त्री#क्रोधशीलः,
क्रुध्,स्त्री।,कोपः,,,गुणः,मानसिकभावः,,,,,"कोप,क्रोध,अमर्ष,रोष,प्रतिघ,रुट्,क्रुध्,मन्यु,उत्सव,आस्तु,नामन्",कोपनस्त्री#क्रोधशीलः,
शील,नपुं।,सुस्वभावः,,,गुणः,मानसिकभावः,,,,,शील,,
उन्माद,पुं।,चित्तविभ्रमः,,,गुणः,मानसिकभावः,,,,,"उन्माद,चित्तविभ्रम",,
चित्तविभ्रम,पुं।,चित्तविभ्रमः,,,गुणः,मानसिकभावः,,,,,"उन्माद,चित्तविभ्रम",,
प्रेमन्,पुं।,स्नेहः,,,गुणः,मानसिकभावः,,,,,"प्रेमन्,प्रियता,हार्द,प्रेमन्,स्नेह,प्रणय",,
प्रियता,स्त्री।,स्नेहः,,,गुणः,मानसिकभावः,,,,,"प्रेमन्,प्रियता,हार्द,प्रेमन्,स्नेह,प्रणय",,
हार्द,नपुं।,स्नेहः,,,गुणः,मानसिकभावः,,,,,"प्रेमन्,प्रियता,हार्द,प्रेमन्,स्नेह,प्रणय",,
प्रेमन्,नपुं।,स्नेहः,,,गुणः,मानसिकभावः,,,,,"प्रेमन्,प्रियता,हार्द,प्रेमन्,स्नेह,प्रणय",,
स्नेह,पुं।,स्नेहः,,,गुणः,मानसिकभावः,,,,,"प्रेमन्,प्रियता,हार्द,प्रेमन्,स्नेह,प्रणय",,
दोहद,नपुं।,स्पृहा,,,गुणः,मानसिकभावः,,,,,"दोहद,इच्छा,काङ्क्षा,स्पृहा,ईहा,तृष्,वाञ्छा,लिप्सा,मनोरथ,काम,अभिलाष,तर्ष,भग,रुचि,तृष्णा,श्रद्धा,प्रतियत्न,छन्दस्",,
इच्छा,स्त्री।,स्पृहा,,,गुणः,मानसिकभावः,,,,,"दोहद,इच्छा,काङ्क्षा,स्पृहा,ईहा,तृष्,वाञ्छा,लिप्सा,मनोरथ,काम,अभिलाष,तर्ष,भग,रुचि,तृष्णा,श्रद्धा,प्रतियत्न,छन्दस्",,
काङ्क्षा,स्त्री।,स्पृहा,,,गुणः,मानसिकभावः,,,,,"दोहद,इच्छा,काङ्क्षा,स्पृहा,ईहा,तृष्,वाञ्छा,लिप्सा,मनोरथ,काम,अभिलाष,तर्ष,भग,रुचि,तृष्णा,श्रद्धा,प्रतियत्न,छन्दस्",,
स्पृहा,स्त्री।,स्पृहा,,,गुणः,मानसिकभावः,,,,,"दोहद,इच्छा,काङ्क्षा,स्पृहा,ईहा,तृष्,वाञ्छा,लिप्सा,मनोरथ,काम,अभिलाष,तर्ष,भग,रुचि,तृष्णा,श्रद्धा,प्रतियत्न,छन्दस्",,
ईहा,स्त्री।,स्पृहा,,,गुणः,मानसिकभावः,,,,,"दोहद,इच्छा,काङ्क्षा,स्पृहा,ईहा,तृष्,वाञ्छा,लिप्सा,मनोरथ,काम,अभिलाष,तर्ष,भग,रुचि,तृष्णा,श्रद्धा,प्रतियत्न,छन्दस्",,
तृष्,स्त्री।,स्पृहा,,,गुणः,मानसिकभावः,,,,,"दोहद,इच्छा,काङ्क्षा,स्पृहा,ईहा,तृष्,वाञ्छा,लिप्सा,मनोरथ,काम,अभिलाष,तर्ष,भग,रुचि,तृष्णा,श्रद्धा,प्रतियत्न,छन्दस्",,
वाञ्छा,स्त्री।,स्पृहा,,,गुणः,मानसिकभावः,,,,,"दोहद,इच्छा,काङ्क्षा,स्पृहा,ईहा,तृष्,वाञ्छा,लिप्सा,मनोरथ,काम,अभिलाष,तर्ष,भग,रुचि,तृष्णा,श्रद्धा,प्रतियत्न,छन्दस्",,
लिप्सा,स्त्री।,स्पृहा,,,गुणः,मानसिकभावः,,,,,"दोहद,इच्छा,काङ्क्षा,स्पृहा,ईहा,तृष्,वाञ्छा,लिप्सा,मनोरथ,काम,अभिलाष,तर्ष,भग,रुचि,तृष्णा,श्रद्धा,प्रतियत्न,छन्दस्",,
मनोरथ,पुं।,स्पृहा,,,गुणः,मानसिकभावः,,,,,"दोहद,इच्छा,काङ्क्षा,स्पृहा,ईहा,तृष्,वाञ्छा,लिप्सा,मनोरथ,काम,अभिलाष,तर्ष,भग,रुचि,तृष्णा,श्रद्धा,प्रतियत्न,छन्दस्",,
काम,पुं।,स्पृहा,,,गुणः,मानसिकभावः,,,,,"दोहद,इच्छा,काङ्क्षा,स्पृहा,ईहा,तृष्,वाञ्छा,लिप्सा,मनोरथ,काम,अभिलाष,तर्ष,भग,रुचि,तृष्णा,श्रद्धा,प्रतियत्न,छन्दस्",,
अभिलाष,पुं।,स्पृहा,,,गुणः,मानसिकभावः,,,,,"दोहद,इच्छा,काङ्क्षा,स्पृहा,ईहा,तृष्,वाञ्छा,लिप्सा,मनोरथ,काम,अभिलाष,तर्ष,भग,रुचि,तृष्णा,श्रद्धा,प्रतियत्न,छन्दस्",,
तर्ष,पुं।,स्पृहा,,,गुणः,मानसिकभावः,,,,,"दोहद,इच्छा,काङ्क्षा,स्पृहा,ईहा,तृष्,वाञ्छा,लिप्सा,मनोरथ,काम,अभिलाष,तर्ष,भग,रुचि,तृष्णा,श्रद्धा,प्रतियत्न,छन्दस्",,
लालसा,स्त्री-पुं।,अतिप्रीतिः,,,गुणः,मानसिकभावः,,,,,लालसा,,
उपाधि,पुं।,धर्मविचारः,,,गुणः,मानसिकभावः,,,,,"उपाधि,धर्मचिन्ता",,
धर्मचिन्ता,स्त्री।,धर्मविचारः,,,गुणः,मानसिकभावः,,,,,"उपाधि,धर्मचिन्ता",,
आधि,पुं।,मनःपीडा,,,गुणः,मानसिकभावः,,,,,आधि,मनस्,
चिन्ता,स्त्री।,स्मरणम्,,,गुणः,मानसिकभावः,,,,,"चिन्ता,स्मृति,आध्यान",,कामादिजस्मृतिः
स्मृति,स्त्री।,स्मरणम्,,,गुणः,मानसिकभावः,,,,,"चिन्ता,स्मृति,आध्यान",,कामादिजस्मृतिः
आध्यान,नपुं।,स्मरणम्,,,गुणः,मानसिकभावः,,,,,"चिन्ता,स्मृति,आध्यान",,कामादिजस्मृतिः
उत्कण्ठा,स्त्री।,कामादिजस्मृतिः,,,गुणः,मानसिकभावः,,,,,"उत्कण्ठा,उत्कलिका",,
उत्कलिका,स्त्री।,कामादिजस्मृतिः,,,गुणः,मानसिकभावः,,,,,"उत्कण्ठा,उत्कलिका",,
उत्साह,पुं।,उत्साहः,,,गुणः,मानसिकभावः,,,,,"उत्साह,अध्यवसाय",,
अध्यवसाय,पुं।,उत्साहः,,,गुणः,मानसिकभावः,,,,,"उत्साह,अध्यवसाय",,
वीर्य,वि।,अतिशयिताध्यवसायः,,,गुणः,मानसिकभावः,,,,,"वीर्य,अतिशक्तिभाज्",,
अतिशक्तिभाज्,पुं।,अतिशयिताध्यवसायः,,,गुणः,मानसिकभावः,,,,,"वीर्य,अतिशक्तिभाज्",,
कपट,पुं-नपुं।,कपटः,,,गुणः,मानसिकभावः,,,,,"कपट,व्याज,दम्भ,उपधि,छद्म,कैतव,कुसृति,निकृति,शाठ्य,कल्क,कूट,गह्वर,निह्नव",,
व्याज,पुं।,कपटः,,,गुणः,मानसिकभावः,,,,,"कपट,व्याज,दम्भ,उपधि,छद्म,कैतव,कुसृति,निकृति,शाठ्य,कल्क,कूट,गह्वर,निह्नव",,
दम्भ,पुं।,कपटः,,,गुणः,मानसिकभावः,,,,,"कपट,व्याज,दम्भ,उपधि,छद्म,कैतव,कुसृति,निकृति,शाठ्य,कल्क,कूट,गह्वर,निह्नव",,
उपधि,पुं।,कपटः,,,गुणः,मानसिकभावः,,,,,"कपट,व्याज,दम्भ,उपधि,छद्म,कैतव,कुसृति,निकृति,शाठ्य,कल्क,कूट,गह्वर,निह्नव",,
छद्म,नपुं।,कपटः,,,गुणः,मानसिकभावः,,,,,"कपट,व्याज,दम्भ,उपधि,छद्म,कैतव,कुसृति,निकृति,शाठ्य,कल्क,कूट,गह्वर,निह्नव",,
कैतव,नपुं।,कपटः,,,गुणः,मानसिकभावः,,,,,"कपट,व्याज,दम्भ,उपधि,छद्म,कैतव,कुसृति,निकृति,शाठ्य,कल्क,कूट,गह्वर,निह्नव",,
कुसृति,स्त्री।,कपटः,,,गुणः,मानसिकभावः,,,,,"कपट,व्याज,दम्भ,उपधि,छद्म,कैतव,कुसृति,निकृति,शाठ्य,कल्क,कूट,गह्वर,निह्नव",,
निकृति,स्त्री।,कपटः,,,गुणः,मानसिकभावः,,,,,"कपट,व्याज,दम्भ,उपधि,छद्म,कैतव,कुसृति,निकृति,शाठ्य,कल्क,कूट,गह्वर,निह्नव",,
शाठ्य,नपुं।,कपटः,,,गुणः,मानसिकभावः,,,,,"कपट,व्याज,दम्भ,उपधि,छद्म,कैतव,कुसृति,निकृति,शाठ्य,कल्क,कूट,गह्वर,निह्नव",,
प्रमाद,पुं।,अविमृष्टकृत्यम्,,,क्रिया,,,,,,"प्रमाद,अनवधानता",,
अनवधानता,स्त्री।,अविमृष्टकृत्यम्,,,क्रिया,,,,,,"प्रमाद,अनवधानता",,
कौतूहल,नपुं।,कौतुकम्,,,गुणः,मानसिकभावः,,,,,"कौतूहल,कौतुक,कुतुक,कुतूहल",,
कौतुक,नपुं।,कौतुकम्,,,गुणः,मानसिकभावः,,,,,"कौतूहल,कौतुक,कुतुक,कुतूहल",,
कुतुक,नपुं।,कौतुकम्,,,गुणः,मानसिकभावः,,,,,"कौतूहल,कौतुक,कुतुक,कुतूहल",,
कुतूहल,नपुं।,कौतुकम्,,,गुणः,मानसिकभावः,,,,,"कौतूहल,कौतुक,कुतुक,कुतूहल",,
विलास,पुं।,स्त्रीणाम्_श्रृङ्गारभावजाः_क्रिया,,,क्रिया,,,,,,"विलास,बिब्बोक,विभ्रम,ललित,हेला,लीला,हाव",स्त्री,
बिब्बोक,पुं।,स्त्रीणाम्_श्रृङ्गारभावजाः_क्रिया,,,क्रिया,,,,,,"विलास,बिब्बोक,विभ्रम,ललित,हेला,लीला,हाव",स्त्री,
विभ्रम,पुं।,स्त्रीणाम्_श्रृङ्गारभावजाः_क्रिया,,,क्रिया,,,,,,"विलास,बिब्बोक,विभ्रम,ललित,हेला,लीला,हाव",स्त्री,
ललित,नपुं।,स्त्रीणाम्_श्रृङ्गारभावजाः_क्रिया,,,क्रिया,,,,,,"विलास,बिब्बोक,विभ्रम,ललित,हेला,लीला,हाव",स्त्री,
हेला,स्त्री।,स्त्रीणाम्_श्रृङ्गारभावजाः_क्रिया,,,क्रिया,,,,,,"विलास,बिब्बोक,विभ्रम,ललित,हेला,लीला,हाव",स्त्री,
लीला,स्त्री।,स्त्रीणाम्_श्रृङ्गारभावजाः_क्रिया,,,क्रिया,,,,,,"विलास,बिब्बोक,विभ्रम,ललित,हेला,लीला,हाव",स्त्री,
हाव,पुं।,स्त्रीणाम्_श्रृङ्गारभावजाः_क्रिया,,,क्रिया,,,,,,"विलास,बिब्बोक,विभ्रम,ललित,हेला,लीला,हाव",स्त्री,
द्रव,पुं।,क्रीडा,,,क्रिया,,,,,,"द्रव,केलि,परीहास,क्रीडा,लीला,नर्मन्,देवन",,"कन्दुकादिक्रीडनम्,द्यूतक्रीडनम्"
केलि,स्त्री-पुं।,क्रीडा,,,क्रिया,,,,,,"द्रव,केलि,परीहास,क्रीडा,लीला,नर्मन्,देवन",,"कन्दुकादिक्रीडनम्,द्यूतक्रीडनम्"
परीहास,पुं।,क्रीडा,,,क्रिया,,,,,,"द्रव,केलि,परीहास,क्रीडा,लीला,नर्मन्,देवन",,"कन्दुकादिक्रीडनम्,द्यूतक्रीडनम्"
क्रीडा,स्त्री।,क्रीडा,,,क्रिया,,,,,,"द्रव,केलि,परीहास,क्रीडा,लीला,नर्मन्,देवन",,"कन्दुकादिक्रीडनम्,द्यूतक्रीडनम्"
लीला,स्त्री।,क्रीडा,,,क्रिया,,,,,,"द्रव,केलि,परीहास,क्रीडा,लीला,नर्मन्,देवन",,"कन्दुकादिक्रीडनम्,द्यूतक्रीडनम्"
नर्मन्,नपुं।,क्रीडा,,,क्रिया,,,,,,"द्रव,केलि,परीहास,क्रीडा,लीला,नर्मन्,देवन",,"कन्दुकादिक्रीडनम्,द्यूतक्रीडनम्"
व्याज,पुं।,स्वरूपाच्छादनम्,,,क्रिया,,,,,,"व्याज,अपदेश,लक्ष्य",,
अपदेश,पुं।,स्वरूपाच्छादनम्,,,क्रिया,,,,,,"व्याज,अपदेश,लक्ष्य",,
लक्ष्य,नपुं।,स्वरूपाच्छादनम्,,,क्रिया,,,,,,"व्याज,अपदेश,लक्ष्य",,
क्रीडा,स्त्री।,कन्दुकादिक्रीडनम्,,,क्रिया,,,,,,"क्रीडा,खेला,कूर्दन",,
खेला,स्त्री।,कन्दुकादिक्रीडनम्,,,क्रिया,,,,,,"क्रीडा,खेला,कूर्दन",,
कूर्दन,नपुं।,कन्दुकादिक्रीडनम्,,,क्रिया,,,,,,"क्रीडा,खेला,कूर्दन",,
घर्म,पुं।,प्रस्वेदहेतोस्तापः,,,शरीरजम्,,,,,,"घर्म,निदाघ,स्वेद",,
निदाघ,पुं।,प्रस्वेदहेतोस्तापः,,,शरीरजम्,,,,,,"घर्म,निदाघ,स्वेद",,
स्वेद,पुं।,प्रस्वेदहेतोस्तापः,,,शरीरजम्,,,,,,"घर्म,निदाघ,स्वेद",,
प्रलय,पुं।,सात्विकभावः,,,गुणः,मानसिकभावः,,,,,"प्रलय,नष्टचेष्टता",,
नष्टचेष्टता,स्त्री।,सात्विकभावः,,,गुणः,मानसिकभावः,,,,,"प्रलय,नष्टचेष्टता",,
अवहित्था,स्त्री।,आकारगोपनम्,,,क्रिया,,,,,,"अवहित्था,आकारगुप्ति",,
आकारगुप्ति,स्त्री।,आकारगोपनम्,,,क्रिया,,,,,,"अवहित्था,आकारगुप्ति",,
संवेग,पुं।,हर्षादिना_कर्मसु_त्वरणम्,,,क्रिया,,,,,,"संवेग,सम्भ्रम",,
सम्भ्रम,पुं।,हर्षादिना_कर्मसु_त्वरणम्,,,क्रिया,,,,,,"संवेग,सम्भ्रम",,
आच्छुरितक,नपुं।,परस्यामर्षजनकहासम्,,,क्रिया,,,,,,आच्छुरितक,,
मनाक्,अव्य।,ईषद्_हासः,,,क्रिया,,,,,,"मनाक्,स्मित",,
स्मित,नपुं।,ईषद्_हासः,,,क्रिया,,,,,,"मनाक्,स्मित",,
विहसित,नपुं।,मध्यमहासः,,,क्रिया,,,,,,विहसित,,
रोमाञ्च,पुं।,रोमाञ्चः,,,क्रिया,,,,,,"रोमाञ्च,रोमहर्षण,कण्टक",,
रोमहर्षण,नपुं।,रोमाञ्चः,,,क्रिया,,,,,,"रोमाञ्च,रोमहर्षण,कण्टक",,
क्रन्दित,नपुं।,रोदनम्,,,क्रिया,,,,,,"क्रन्दित,रुदित,क्रुष्ट,क्रन्दन",,
रुदित,नपुं।,रोदनम्,,,क्रिया,,,,,,"क्रन्दित,रुदित,क्रुष्ट,क्रन्दन",,
क्रुष्ट,नपुं।,रोदनम्,,,क्रिया,,,,,,"क्रन्दित,रुदित,क्रुष्ट,क्रन्दन",,
जृम्भ,वि।,मुखादिविकासः,,,क्रिया,,,,,,"जृम्भ,जृम्भण",,
जृम्भण,नपुं।,मुखादिविकासः,,,क्रिया,,,,,,"जृम्भ,जृम्भण",,
विप्रलम्भ,पुं।,अङ्गीकृतासम्पादनम्,,,क्रिया,,,,,,"विप्रलम्भ,विसंवाद",,
विसंवाद,पुं।,अङ्गीकृतासम्पादनम्,,,क्रिया,,,,,,"विप्रलम्भ,विसंवाद",,
रिङ्खण,नपुं।,धर्मादेश्चलनम्,,,क्रिया,,,,,,"रिङ्खण,स्खलन",,
स्खलन,नपुं।,धर्मादेश्चलनम्,,,क्रिया,,,,,,"रिङ्खण,स्खलन",,
निद्रा,स्त्री।,निद्रा,,,क्रिया,,,,,,"निद्रा,शयन,स्वाप,स्वप्न,संवेश,तन्द्रा",निद्राशीलः,
शयन,नपुं।,निद्रा,,,क्रिया,,,,,,"निद्रा,शयन,स्वाप,स्वप्न,संवेश,तन्द्रा",निद्राशीलः,
स्वाप,पुं।,निद्रा,,,क्रिया,,,,,,"निद्रा,शयन,स्वाप,स्वप्न,संवेश,तन्द्रा",निद्राशीलः,
स्वप्न,पुं।,निद्रा,,,क्रिया,,,,,,"निद्रा,शयन,स्वाप,स्वप्न,संवेश,तन्द्रा",निद्राशीलः,
संवेश,पुं।,निद्रा,,,क्रिया,,,,,,"निद्रा,शयन,स्वाप,स्वप्न,संवेश,तन्द्रा",निद्राशीलः,
तन्द्री,स्त्री।,अत्यन्तश्रमादिना_सर्वेन्द्रियासामर्थ्यः,,,गुणः,मानसिकभावः,,,,,"तन्द्री,प्रमीला,तन्द्रा",,
प्रमीला,स्त्री।,अत्यन्तश्रमादिना_सर्वेन्द्रियासामर्थ्यः,,,गुणः,मानसिकभावः,,,,,"तन्द्री,प्रमीला,तन्द्रा",,
भ्रकुटि,स्त्री।,क्रोधादिजनितभ्रूलता,,,क्रिया,,,,,,"भ्रकुटि,भ्रुकुटि,भ्रूकुटि",,
भ्रुकुटि,स्त्री।,क्रोधादिजनितभ्रूलता,,,क्रिया,,,,,,"भ्रकुटि,भ्रुकुटि,भ्रूकुटि",,
भ्रूकुटि,स्त्री।,क्रोधादिजनितभ्रूलता,,,क्रिया,,,,,,"भ्रकुटि,भ्रुकुटि,भ्रूकुटि",,
अदृष्टि,स्त्री।,क्रूरदृष्टिः,,,गुणः,मानसिकभावः,,,,,अदृष्टि,,
संसिद्धि,स्त्री।,स्वभावः,,,गुणः,मानसिकभावः,,,,,"संसिद्धि,प्रकृति,स्वरूप,स्वभाव,निसर्ग,अनूक,सर्ग,आत्मन्,धर्म,शील,भाव",,सुस्वभावः
प्रकृति,स्त्री।,स्वभावः,,,गुणः,मानसिकभावः,,,,,"संसिद्धि,प्रकृति,स्वरूप,स्वभाव,निसर्ग,अनूक,सर्ग,आत्मन्,धर्म,शील,भाव",,सुस्वभावः
स्वरूप,नपुं।,स्वभावः,,,गुणः,मानसिकभावः,,,,,"संसिद्धि,प्रकृति,स्वरूप,स्वभाव,निसर्ग,अनूक,सर्ग,आत्मन्,धर्म,शील,भाव",,सुस्वभावः
स्वभाव,पुं।,स्वभावः,,,गुणः,मानसिकभावः,,,,,"संसिद्धि,प्रकृति,स्वरूप,स्वभाव,निसर्ग,अनूक,सर्ग,आत्मन्,धर्म,शील,भाव",,सुस्वभावः
निसर्ग,पुं।,स्वभावः,,,गुणः,मानसिकभावः,,,,,"संसिद्धि,प्रकृति,स्वरूप,स्वभाव,निसर्ग,अनूक,सर्ग,आत्मन्,धर्म,शील,भाव",,सुस्वभावः
वेपथु,पुं।,कम्पः,,,क्रिया,,,,,,"वेपथु,कम्प",,
कम्प,पुं।,कम्पः,,,क्रिया,,,,,,"वेपथु,कम्प",,
क्षण,पुं।,उत्सवः,,,क्रिया,,,,,,"क्षण,उद्धर्ष,मह,उद्धव,उत्सव,महस्",,
उद्धर्ष,पुं।,उत्सवः,,,क्रिया,,,,,,"क्षण,उद्धर्ष,मह,उद्धव,उत्सव,महस्",,
मह,पुं।,उत्सवः,,,क्रिया,,,,,,"क्षण,उद्धर्ष,मह,उद्धव,उत्सव,महस्",,
उद्धव,पुं।,उत्सवः,,,क्रिया,,,,,,"क्षण,उद्धर्ष,मह,उद्धव,उत्सव,महस्",,
उत्सव,पुं।,उत्सवः,,,क्रिया,,,,,,"क्षण,उद्धर्ष,मह,उद्धव,उत्सव,महस्",,
