शूद्र,पुं।,शूद्रः,,,द्रव्यम्,पृथ्वी,चलसजीवः,मनुष्यः,,,"शूद्र,अवरवर्ण,वृषल,जघन्यज",शूद्रस्यभार्या,"चित्रकारादिः,शङ्खवादकः,क्षुरिः,रजकः,शौण्डिकः,अजाजीवनः,देवपूजोपजीविनः,इन्द्रजालिकः,नटः,काथिकः,मृदङ्गवादकः,करतालिकावादकः,वेणुवादकः,वीणावादकः,पक्षीणां_हन्ता,जालेन_मृगान्बध्नः,मांसविक्रयजीविः,वेतनोपजीविः,वार्तावाहकः,भारवाहकः,नीचः,दासः,परेण_संवर्धितः,अलसः,चतुरः,चण्डालः,किरातः,शबरः,पुलिन्दः,मृगवधाजीवः,चोरः,परान्नजीवनः"
अवरवर्ण,पुं।,शूद्रः,,,द्रव्यम्,पृथ्वी,चलसजीवः,मनुष्यः,,,"शूद्र,अवरवर्ण,वृषल,जघन्यज",शूद्रस्यभार्या,"चित्रकारादिः,शङ्खवादकः,क्षुरिः,रजकः,शौण्डिकः,अजाजीवनः,देवपूजोपजीविनः,इन्द्रजालिकः,नटः,काथिकः,मृदङ्गवादकः,करतालिकावादकः,वेणुवादकः,वीणावादकः,पक्षीणां_हन्ता,जालेन_मृगान्बध्नः,मांसविक्रयजीविः,वेतनोपजीविः,वार्तावाहकः,भारवाहकः,नीचः,दासः,परेण_संवर्धितः,अलसः,चतुरः,चण्डालः,किरातः,शबरः,पुलिन्दः,मृगवधाजीवः,चोरः,परान्नजीवनः"
वृषल,पुं।,शूद्रः,,,द्रव्यम्,पृथ्वी,चलसजीवः,मनुष्यः,,,"शूद्र,अवरवर्ण,वृषल,जघन्यज",शूद्रस्यभार्या,"चित्रकारादिः,शङ्खवादकः,क्षुरिः,रजकः,शौण्डिकः,अजाजीवनः,देवपूजोपजीविनः,इन्द्रजालिकः,नटः,काथिकः,मृदङ्गवादकः,करतालिकावादकः,वेणुवादकः,वीणावादकः,पक्षीणां_हन्ता,जालेन_मृगान्बध्नः,मांसविक्रयजीविः,वेतनोपजीविः,वार्तावाहकः,भारवाहकः,नीचः,दासः,परेण_संवर्धितः,अलसः,चतुरः,चण्डालः,किरातः,शबरः,पुलिन्दः,मृगवधाजीवः,चोरः,परान्नजीवनः"
जघन्यज,पुं।,शूद्रः,,,द्रव्यम्,पृथ्वी,चलसजीवः,मनुष्यः,,,"शूद्र,अवरवर्ण,वृषल,जघन्यज",शूद्रस्यभार्या,"चित्रकारादिः,शङ्खवादकः,क्षुरिः,रजकः,शौण्डिकः,अजाजीवनः,देवपूजोपजीविनः,इन्द्रजालिकः,नटः,काथिकः,मृदङ्गवादकः,करतालिकावादकः,वेणुवादकः,वीणावादकः,पक्षीणां_हन्ता,जालेन_मृगान्बध्नः,मांसविक्रयजीविः,वेतनोपजीविः,वार्तावाहकः,भारवाहकः,नीचः,दासः,परेण_संवर्धितः,अलसः,चतुरः,चण्डालः,किरातः,शबरः,पुलिन्दः,मृगवधाजीवः,चोरः,परान्नजीवनः"
अम्बष्ठकरण,पुं।,सङ्करवर्णः,,,द्रव्यम्,पृथ्वी,चलसजीवः,मनुष्यः,,,अम्बष्ठकरण,,"वैश्याच्छूद्रायां_जातः,वैश्यात्ब्राह्मणीभ्यामुत्पन्नः,शूद्राक्षत्रियाभ्यामुत्पन्नः,क्षत्रियाद्वैश्याभ्यामुत्पन्नः,वैश्याक्षत्रियाभ्यामुत्पन्नः,आर्यशूद्राभ्यामुत्पन्नः,क्षत्रियाद्ब्राह्मण्यामुत्पन्नः,वैश्यात्_ब्राह्मण्यामुत्पन्नः,करण्यां_माहिष्यादुत्पन्नः,ब्राह्मण्यां_वृषलेन_जनितः"
करण,पुं।,वैश्याच्छूद्रायां_जातः,,,द्रव्यम्,पृथ्वी,चलसजीवः,मनुष्यः,,,करण,,
अम्बष्ठ,पुं।,वैश्यात्ब्राह्मणीभ्यामुत्पन्नः,,,द्रव्यम्,पृथ्वी,चलसजीवः,मनुष्यः,,,अम्बष्ठ,,
उग्र,पुं।,शूद्राक्षत्रियाभ्यामुत्पन्नः,,,द्रव्यम्,पृथ्वी,चलसजीवः,मनुष्यः,,,उग्र,,
मागध,पुं।,क्षत्रियाद्वैश्याभ्यामुत्पन्नः,,,द्रव्यम्,पृथ्वी,चलसजीवः,मनुष्यः,,,मागध,,
माहिष,पुं।,वैश्याक्षत्रियाभ्यामुत्पन्नः,,,द्रव्यम्,पृथ्वी,चलसजीवः,मनुष्यः,,,माहिष,,
क्षन्त्रृ,पुं।,आर्यशूद्राभ्यामुत्पन्नः,,,द्रव्यम्,पृथ्वी,चलसजीवः,मनुष्यः,,,क्षन्त्रृ,,
सूत,पुं।,क्षत्रियाद्ब्राह्मण्यामुत्पन्नः,,,द्रव्यम्,पृथ्वी,चलसजीवः,मनुष्यः,,,सूत,,
वैदेहक,पुं।,वैश्यात्_ब्राह्मण्यामुत्पन्नः,,,द्रव्यम्,पृथ्वी,चलसजीवः,मनुष्यः,,,वैदेहक,,
रथकार,पुं।,करण्यां_माहिष्यादुत्पन्नः,,,द्रव्यम्,पृथ्वी,चलसजीवः,मनुष्यः,,,रथकार,,
चण्डाल,पुं।,ब्राह्मण्यां_वृषलेन_जनितः,,,द्रव्यम्,पृथ्वी,चलसजीवः,मनुष्यः,,,चण्डाल,,
कारु,पुं।,चित्रकारादिः,,वृत्तिः,द्रव्यम्,पृथ्वी,चलसजीवः,मनुष्यः,,,"कारु,शिल्पिन्",कारुसङ्घे_मुख्यः,"मालाकारः,कुम्भकारः,गृहादौ_लेपकारः,पटनिर्माता,चित्रकारः,चर्मकारः,लोहकारकः,स्वर्णकारः,ताम्रकारः,तक्षः,कारुभेदः"
शिल्पिन्,पुं।,चित्रकारादिः,,वृत्तिः,द्रव्यम्,पृथ्वी,चलसजीवः,मनुष्यः,,,"कारु,शिल्पिन्",कारुसङ्घे_मुख्यः,"मालाकारः,कुम्भकारः,गृहादौ_लेपकारः,पटनिर्माता,चित्रकारः,चर्मकारः,लोहकारकः,स्वर्णकारः,ताम्रकारः,तक्षः,कारुभेदः"
श्रेणि,स्त्री-पुं।,सजातीयशिल्पिसङ्घः,,समूहः,द्रव्यम्,पृथ्वी,चलसजीवः,मनुष्यः,,,श्रेणि,,
कुलक,पुं।,कारुसङ्घे_मुख्यः,,वृत्तिः,द्रव्यम्,पृथ्वी,चलसजीवः,मनुष्यः,,,"कुलक,कुलश्रेष्ठिन्",चित्रकारादिः,
कुलश्रेष्ठिन्,पुं।,कारुसङ्घे_मुख्यः,,वृत्तिः,द्रव्यम्,पृथ्वी,चलसजीवः,मनुष्यः,,,"कुलक,कुलश्रेष्ठिन्",चित्रकारादिः,
मालाकार,पुं।,मालाकारः,,वृत्तिः,द्रव्यम्,पृथ्वी,चलसजीवः,मनुष्यः,,,"मालाकार,मालिक",माल्यादिरचना,
मालिक,पुं।,मालाकारः,,वृत्तिः,द्रव्यम्,पृथ्वी,चलसजीवः,मनुष्यः,,,"मालाकार,मालिक",माल्यादिरचना,
कुम्भकार,पुं।,कुम्भकारः,,वृत्तिः,द्रव्यम्,पृथ्वी,चलसजीवः,मनुष्यः,,,"कुम्भकार,कुलाल",घटः,
कुलाल,पुं।,कुम्भकारः,,वृत्तिः,द्रव्यम्,पृथ्वी,चलसजीवः,मनुष्यः,,,"कुम्भकार,कुलाल",घटः,
पलगण्ड,पुं।,गृहादौ_लेपकारः,,वृत्तिः,द्रव्यम्,पृथ्वी,चलसजीवः,मनुष्यः,,,"पलगण्ड,लेपक",,
लेपक,पुं।,गृहादौ_लेपकारः,,वृत्तिः,द्रव्यम्,पृथ्वी,चलसजीवः,मनुष्यः,,,"पलगण्ड,लेपक",,
तन्तुवाय,पुं।,पटनिर्माता,,वृत्तिः,द्रव्यम्,पृथ्वी,चलसजीवः,मनुष्यः,,,"तन्तुवाय,कुविन्द",तन्तवः,कञ्चुक्यादेर्निर्माता
कुविन्द,पुं।,पटनिर्माता,,वृत्तिः,द्रव्यम्,पृथ्वी,चलसजीवः,मनुष्यः,,,"तन्तुवाय,कुविन्द",तन्तवः,कञ्चुक्यादेर्निर्माता
तुन्नवाय,पुं।,कञ्चुक्यादेर्निर्माता,,वृत्तिः,द्रव्यम्,पृथ्वी,चलसजीवः,मनुष्यः,,,"तुन्नवाय,सौचिक",वस्त्रम्,
सौचिक,पुं।,कञ्चुक्यादेर्निर्माता,,वृत्तिः,द्रव्यम्,पृथ्वी,चलसजीवः,मनुष्यः,,,"तुन्नवाय,सौचिक",वस्त्रम्,
रङ्गाजीव,पुं।,चित्रकारः,,वृत्तिः,द्रव्यम्,पृथ्वी,चलसजीवः,मनुष्यः,,,"रङ्गाजीव,चित्रकर",आलेख्यम्,
चित्रकर,पुं।,चित्रकारः,,वृत्तिः,द्रव्यम्,पृथ्वी,चलसजीवः,मनुष्यः,,,"रङ्गाजीव,चित्रकर",आलेख्यम्,
शस्त्रमार्ज,पुं।,शस्त्रघर्षणोपजीविः,,वृत्तिः,द्रव्यम्,पृथ्वी,चलसजीवः,मनुष्यः,,,"शस्त्रमार्ज,असिधावक",शास्त्रम्,
असिधावक,पुं।,शस्त्रघर्षणोपजीविः,,वृत्तिः,द्रव्यम्,पृथ्वी,चलसजीवः,मनुष्यः,,,"शस्त्रमार्ज,असिधावक",शास्त्रम्,
पादकृत्,पुं।,चर्मकारः,,वृत्तिः,द्रव्यम्,पृथ्वी,चलसजीवः,मनुष्यः,,,"पादकृत्,चर्मकार",मृगचर्मः,
चर्मकार,पुं।,चर्मकारः,,वृत्तिः,द्रव्यम्,पृथ्वी,चलसजीवः,मनुष्यः,,,"पादकृत्,चर्मकार",मृगचर्मः,
व्योकार,पुं।,लोहकारकः,,वृत्तिः,द्रव्यम्,पृथ्वी,चलसजीवः,मनुष्यः,,,"व्योकार,लोहकारक",लोहः,शस्त्रघर्षणोपजीविः
लोहकारक,पुं।,लोहकारकः,,वृत्तिः,द्रव्यम्,पृथ्वी,चलसजीवः,मनुष्यः,,,"व्योकार,लोहकारक",लोहः,शस्त्रघर्षणोपजीविः
नाडिन्धम,पुं।,स्वर्णकारः,,वृत्तिः,द्रव्यम्,पृथ्वी,चलसजीवः,मनुष्यः,,,"नाडिन्धम,स्वर्णकार,कलाद,रुक्मकारक",सुवर्णम्,
स्वर्णकार,पुं।,स्वर्णकारः,,वृत्तिः,द्रव्यम्,पृथ्वी,चलसजीवः,मनुष्यः,,,"नाडिन्धम,स्वर्णकार,कलाद,रुक्मकारक",सुवर्णम्,
कलाद,पुं।,स्वर्णकारः,,वृत्तिः,द्रव्यम्,पृथ्वी,चलसजीवः,मनुष्यः,,,"नाडिन्धम,स्वर्णकार,कलाद,रुक्मकारक",सुवर्णम्,
रुक्मकारक,पुं।,स्वर्णकारः,,वृत्तिः,द्रव्यम्,पृथ्वी,चलसजीवः,मनुष्यः,,,"नाडिन्धम,स्वर्णकार,कलाद,रुक्मकारक",सुवर्णम्,
शाङ्खिक,पुं।,शङ्खवादकः,,वृत्तिः,द्रव्यम्,पृथ्वी,चलसजीवः,मनुष्यः,,,"शाङ्खिक,काम्बविक",शङ्खः,
काम्बविक,पुं।,शङ्खवादकः,,वृत्तिः,द्रव्यम्,पृथ्वी,चलसजीवः,मनुष्यः,,,"शाङ्खिक,काम्बविक",शङ्खः,
शौल्बिक,पुं।,ताम्रकारः,,वृत्तिः,द्रव्यम्,पृथ्वी,चलसजीवः,मनुष्यः,,,"शौल्बिक,ताम्रकुट्टक",ताम्रम्,
ताम्रकुट्टक,पुं।,ताम्रकारः,,वृत्तिः,द्रव्यम्,पृथ्वी,चलसजीवः,मनुष्यः,,,"शौल्बिक,ताम्रकुट्टक",ताम्रम्,
तक्षन्,पुं।,तक्षः,,वृत्तिः,द्रव्यम्,पृथ्वी,चलसजीवः,मनुष्यः,,,"तक्षन्,वर्धकि,त्वष्टृ,रथकार,काष्ठतक्ष,तक्षक,सूत",वृक्षमूलमारभ्य_शाखावधिभागः,"ग्रामतक्षः,कौटतक्षः"
वर्धकि,पुं।,तक्षः,,वृत्तिः,द्रव्यम्,पृथ्वी,चलसजीवः,मनुष्यः,,,"तक्षन्,वर्धकि,त्वष्टृ,रथकार,काष्ठतक्ष,तक्षक,सूत",वृक्षमूलमारभ्य_शाखावधिभागः,"ग्रामतक्षः,कौटतक्षः"
त्वष्टृ,पुं।,तक्षः,,वृत्तिः,द्रव्यम्,पृथ्वी,चलसजीवः,मनुष्यः,,,"तक्षन्,वर्धकि,त्वष्टृ,रथकार,काष्ठतक्ष,तक्षक,सूत",वृक्षमूलमारभ्य_शाखावधिभागः,"ग्रामतक्षः,कौटतक्षः"
रथकार,पुं।,तक्षः,,वृत्तिः,द्रव्यम्,पृथ्वी,चलसजीवः,मनुष्यः,,,"तक्षन्,वर्धकि,त्वष्टृ,रथकार,काष्ठतक्ष,तक्षक,सूत",वृक्षमूलमारभ्य_शाखावधिभागः,"ग्रामतक्षः,कौटतक्षः"
काष्ठतक्ष,पुं।,तक्षः,,वृत्तिः,द्रव्यम्,पृथ्वी,चलसजीवः,मनुष्यः,,,"तक्षन्,वर्धकि,त्वष्टृ,रथकार,काष्ठतक्ष,तक्षक,सूत",वृक्षमूलमारभ्य_शाखावधिभागः,"ग्रामतक्षः,कौटतक्षः"
ग्रामाधीन,पुं।,ग्रामतक्षः,,वृत्तिः,द्रव्यम्,पृथ्वी,चलसजीवः,मनुष्यः,,,"ग्रामाधीन,ग्रामतक्ष",,
ग्रामतक्ष,पुं।,ग्रामतक्षः,,वृत्तिः,द्रव्यम्,पृथ्वी,चलसजीवः,मनुष्यः,,,"ग्रामाधीन,ग्रामतक्ष",,
कौटतक्ष,पुं।,कौटतक्षः,,वृत्तिः,द्रव्यम्,पृथ्वी,चलसजीवः,मनुष्यः,,,कौटतक्ष,,
क्षुरिन्,पुं।,क्षुरिः,,वृत्तिः,द्रव्यम्,पृथ्वी,चलसजीवः,मनुष्यः,,,"क्षुरिन्,मुण्डिन्,दिवाकीर्ति,नापित,अन्तावसायिन्,ग्रामणी",,
मुण्डिन्,पुं।,क्षुरिः,,वृत्तिः,द्रव्यम्,पृथ्वी,चलसजीवः,मनुष्यः,,,"क्षुरिन्,मुण्डिन्,दिवाकीर्ति,नापित,अन्तावसायिन्,ग्रामणी",,
दिवाकीर्ति,पुं।,क्षुरिः,,वृत्तिः,द्रव्यम्,पृथ्वी,चलसजीवः,मनुष्यः,,,"क्षुरिन्,मुण्डिन्,दिवाकीर्ति,नापित,अन्तावसायिन्,ग्रामणी",,
नापित,पुं।,क्षुरिः,,वृत्तिः,द्रव्यम्,पृथ्वी,चलसजीवः,मनुष्यः,,,"क्षुरिन्,मुण्डिन्,दिवाकीर्ति,नापित,अन्तावसायिन्,ग्रामणी",,
अन्तावसायिन्,पुं।,क्षुरिः,,वृत्तिः,द्रव्यम्,पृथ्वी,चलसजीवः,मनुष्यः,,,"क्षुरिन्,मुण्डिन्,दिवाकीर्ति,नापित,अन्तावसायिन्,ग्रामणी",,
निर्णेजक,पुं।,रजकः,,वृत्तिः,द्रव्यम्,पृथ्वी,चलसजीवः,मनुष्यः,,,"निर्णेजक,रजक",वस्त्रम्,
रजक,पुं।,रजकः,,वृत्तिः,द्रव्यम्,पृथ्वी,चलसजीवः,मनुष्यः,,,"निर्णेजक,रजक",वस्त्रम्,
शौण्डिक,पुं।,शौण्डिकः,,वृत्तिः,द्रव्यम्,पृथ्वी,चलसजीवः,मनुष्यः,,,"शौण्डिक,मण्डहारक",सुरा,
मण्डहारक,पुं।,शौण्डिकः,,वृत्तिः,द्रव्यम्,पृथ्वी,चलसजीवः,मनुष्यः,,,"शौण्डिक,मण्डहारक",सुरा,
जाबाल,पुं।,अजाजीवनः,,वृत्तिः,द्रव्यम्,पृथ्वी,चलसजीवः,मनुष्यः,,,"जाबाल,अजाजीव",अजः,
अजाजीव,पुं।,अजाजीवनः,,वृत्तिः,द्रव्यम्,पृथ्वी,चलसजीवः,मनुष्यः,,,"जाबाल,अजाजीव",अजः,
देवाजीव,पुं।,देवपूजोपजीविनः,,वृत्तिः,द्रव्यम्,पृथ्वी,चलसजीवः,मनुष्यः,,,"देवाजीव,देवल",,
देवल,पुं।,देवपूजोपजीविनः,,वृत्तिः,द्रव्यम्,पृथ्वी,चलसजीवः,मनुष्यः,,,"देवाजीव,देवल",,
माया,स्त्री।,इन्द्रजालादिमाया,,,क्रिया,,,,,,"माया,शाम्बरी",इन्द्रजालिकः,
शाम्बरी,स्त्री।,इन्द्रजालादिमाया,,,क्रिया,,,,,,"माया,शाम्बरी",इन्द्रजालिकः,
मायाकार,पुं।,इन्द्रजालिकः,,वृत्तिः,द्रव्यम्,पृथ्वी,चलसजीवः,मनुष्यः,,,"मायाकार,प्रतिहारक",इन्द्रजालादिमाया,
प्रतिहारक,पुं।,इन्द्रजालिकः,,वृत्तिः,द्रव्यम्,पृथ्वी,चलसजीवः,मनुष्यः,,,"मायाकार,प्रतिहारक",इन्द्रजालादिमाया,
शैलालिन्,पुं।,नटः,,वृत्तिः,द्रव्यम्,पृथ्वी,चलसजीवः,मनुष्यः,,,"शैलालिन्,शैलूष,जायाजीव,कृशाश्विन्,भरत,नट",नृत्यम्,"स्त्रीवेषधारी_पुरुषः,भगिनीपतिः,विद्वान्,जनकः,युवराजः,नाट्योक्तराजा,राजपुत्री,राज्ञः_श्यालः,मान्यः"
शैलूष,पुं।,नटः,,वृत्तिः,द्रव्यम्,पृथ्वी,चलसजीवः,मनुष्यः,,,"शैलालिन्,शैलूष,जायाजीव,कृशाश्विन्,भरत,नट",नृत्यम्,"स्त्रीवेषधारी_पुरुषः,भगिनीपतिः,विद्वान्,जनकः,युवराजः,नाट्योक्तराजा,राजपुत्री,राज्ञः_श्यालः,मान्यः"
जायाजीव,पुं।,नटः,,वृत्तिः,द्रव्यम्,पृथ्वी,चलसजीवः,मनुष्यः,,,"शैलालिन्,शैलूष,जायाजीव,कृशाश्विन्,भरत,नट",नृत्यम्,"स्त्रीवेषधारी_पुरुषः,भगिनीपतिः,विद्वान्,जनकः,युवराजः,नाट्योक्तराजा,राजपुत्री,राज्ञः_श्यालः,मान्यः"
कृशाश्विन्,पुं।,नटः,,वृत्तिः,द्रव्यम्,पृथ्वी,चलसजीवः,मनुष्यः,,,"शैलालिन्,शैलूष,जायाजीव,कृशाश्विन्,भरत,नट",नृत्यम्,"स्त्रीवेषधारी_पुरुषः,भगिनीपतिः,विद्वान्,जनकः,युवराजः,नाट्योक्तराजा,राजपुत्री,राज्ञः_श्यालः,मान्यः"
भरत,पुं।,नटः,,वृत्तिः,द्रव्यम्,पृथ्वी,चलसजीवः,मनुष्यः,,,"शैलालिन्,शैलूष,जायाजीव,कृशाश्विन्,भरत,नट",नृत्यम्,"स्त्रीवेषधारी_पुरुषः,भगिनीपतिः,विद्वान्,जनकः,युवराजः,नाट्योक्तराजा,राजपुत्री,राज्ञः_श्यालः,मान्यः"
नट,पुं।,नटः,,वृत्तिः,द्रव्यम्,पृथ्वी,चलसजीवः,मनुष्यः,,,"शैलालिन्,शैलूष,जायाजीव,कृशाश्विन्,भरत,नट",नृत्यम्,"स्त्रीवेषधारी_पुरुषः,भगिनीपतिः,विद्वान्,जनकः,युवराजः,नाट्योक्तराजा,राजपुत्री,राज्ञः_श्यालः,मान्यः"
चारण,पुं।,काथिकः,,वृत्तिः,द्रव्यम्,पृथ्वी,चलसजीवः,मनुष्यः,,,"चारण,कुशीलव",वाक्यविस्तरकल्पना,
कुशीलव,पुं।,काथिकः,,वृत्तिः,द्रव्यम्,पृथ्वी,चलसजीवः,मनुष्यः,,,"चारण,कुशीलव",वाक्यविस्तरकल्पना,
मार्दङ्गिक,पुं।,मृदङ्गवादकः,,वृत्तिः,द्रव्यम्,पृथ्वी,चलसजीवः,मनुष्यः,,,"मार्दङ्गिक,मौरजिक",मृदङ्गः,
मौरजिक,पुं।,मृदङ्गवादकः,,वृत्तिः,द्रव्यम्,पृथ्वी,चलसजीवः,मनुष्यः,,,"मार्दङ्गिक,मौरजिक",मृदङ्गः,
पाणिवाद,पुं।,करतालिकावादकः,,वृत्तिः,द्रव्यम्,पृथ्वी,चलसजीवः,मनुष्यः,,,"पाणिवाद,पाणिघ",कांस्यतालादिवाद्यम्,
पाणिघ,पुं।,करतालिकावादकः,,वृत्तिः,द्रव्यम्,पृथ्वी,चलसजीवः,मनुष्यः,,,"पाणिवाद,पाणिघ",कांस्यतालादिवाद्यम्,
वेणुध्म,पुं।,वेणुवादकः,,वृत्तिः,द्रव्यम्,पृथ्वी,चलसजीवः,मनुष्यः,,,"वेणुध्म,वैणविक",वेणुः,
वैणविक,पुं।,वेणुवादकः,,वृत्तिः,द्रव्यम्,पृथ्वी,चलसजीवः,मनुष्यः,,,"वेणुध्म,वैणविक",वेणुः,
वीणावाद,पुं।,वीणावादकः,,वृत्तिः,द्रव्यम्,पृथ्वी,चलसजीवः,मनुष्यः,,,"वीणावाद,वैणिक",वीणा,
वैणिक,पुं।,वीणावादकः,,वृत्तिः,द्रव्यम्,पृथ्वी,चलसजीवः,मनुष्यः,,,"वीणावाद,वैणिक",वीणा,
जीवान्तक,पुं।,पक्षीणां_हन्ता,,वृत्तिः,द्रव्यम्,पृथ्वी,चलसजीवः,मनुष्यः,,,"जीवान्तक,शाकुनिक",पक्षी,
शाकुनिक,पुं।,पक्षीणां_हन्ता,,वृत्तिः,द्रव्यम्,पृथ्वी,चलसजीवः,मनुष्यः,,,"जीवान्तक,शाकुनिक",पक्षी,
वागुरिक,पुं।,जालेन_मृगान्बध्नः,,वृत्तिः,द्रव्यम्,पृथ्वी,चलसजीवः,मनुष्यः,,,"वागुरिक,जालिक",पशुः,
जालिक,पुं।,जालेन_मृगान्बध्नः,,वृत्तिः,द्रव्यम्,पृथ्वी,चलसजीवः,मनुष्यः,,,"वागुरिक,जालिक",पशुः,
वैतंसिक,पुं।,मांसविक्रयजीविः,,वृत्तिः,द्रव्यम्,पृथ्वी,चलसजीवः,मनुष्यः,,,"वैतंसिक,कौटिक,मांसिक",मांसम्,
कौटिक,पुं।,मांसविक्रयजीविः,,वृत्तिः,द्रव्यम्,पृथ्वी,चलसजीवः,मनुष्यः,,,"वैतंसिक,कौटिक,मांसिक",मांसम्,
मांसिक,पुं।,मांसविक्रयजीविः,,वृत्तिः,द्रव्यम्,पृथ्वी,चलसजीवः,मनुष्यः,,,"वैतंसिक,कौटिक,मांसिक",मांसम्,
भृतक,पुं।,वेतनोपजीविः,,वृत्तिः,द्रव्यम्,पृथ्वी,चलसजीवः,मनुष्यः,,,"भृतक,भृतिभुज्,कर्मकर,वैतनिक",वेतनम्,
भृतिभुज्,पुं।,वेतनोपजीविः,,वृत्तिः,द्रव्यम्,पृथ्वी,चलसजीवः,मनुष्यः,,,"भृतक,भृतिभुज्,कर्मकर,वैतनिक",वेतनम्,
कर्मकर,पुं।,वेतनोपजीविः,,वृत्तिः,द्रव्यम्,पृथ्वी,चलसजीवः,मनुष्यः,,,"भृतक,भृतिभुज्,कर्मकर,वैतनिक",वेतनम्,
वैतनिक,पुं।,वेतनोपजीविः,,वृत्तिः,द्रव्यम्,पृथ्वी,चलसजीवः,मनुष्यः,,,"भृतक,भृतिभुज्,कर्मकर,वैतनिक",वेतनम्,
वार्तावह,पुं।,वार्तावाहकः,,वृत्तिः,द्रव्यम्,पृथ्वी,चलसजीवः,मनुष्यः,,,"वार्तावह,वैवधिक",वार्ता,
वैवधिक,पुं।,वार्तावाहकः,,वृत्तिः,द्रव्यम्,पृथ्वी,चलसजीवः,मनुष्यः,,,"वार्तावह,वैवधिक",वार्ता,
भारवाह,पुं।,भारवाहकः,,वृत्तिः,द्रव्यम्,पृथ्वी,चलसजीवः,मनुष्यः,,,"भारवाह,भारिक",,
भारिक,पुं।,भारवाहकः,,वृत्तिः,द्रव्यम्,पृथ्वी,चलसजीवः,मनुष्यः,,,"भारवाह,भारिक",,
विवर्ण,पुं।,नीचः,,,द्रव्यम्,पृथ्वी,चलसजीवः,मनुष्यः,,,"विवर्ण,पामर,नीच,प्राकृत,पृथग्जन,निहीन,अपसद,जाल्म,क्षुल्लक,चेतर,इतर",,
पामर,पुं।,नीचः,,,द्रव्यम्,पृथ्वी,चलसजीवः,मनुष्यः,,,"विवर्ण,पामर,नीच,प्राकृत,पृथग्जन,निहीन,अपसद,जाल्म,क्षुल्लक,चेतर,इतर",,
नीच,पुं।,नीचः,,,द्रव्यम्,पृथ्वी,चलसजीवः,मनुष्यः,,,"विवर्ण,पामर,नीच,प्राकृत,पृथग्जन,निहीन,अपसद,जाल्म,क्षुल्लक,चेतर,इतर",,
प्राकृत,पुं।,नीचः,,,द्रव्यम्,पृथ्वी,चलसजीवः,मनुष्यः,,,"विवर्ण,पामर,नीच,प्राकृत,पृथग्जन,निहीन,अपसद,जाल्म,क्षुल्लक,चेतर,इतर",,
पृथग्जन,पुं।,नीचः,,,द्रव्यम्,पृथ्वी,चलसजीवः,मनुष्यः,,,"विवर्ण,पामर,नीच,प्राकृत,पृथग्जन,निहीन,अपसद,जाल्म,क्षुल्लक,चेतर,इतर",,
निहीन,पुं।,नीचः,,,द्रव्यम्,पृथ्वी,चलसजीवः,मनुष्यः,,,"विवर्ण,पामर,नीच,प्राकृत,पृथग्जन,निहीन,अपसद,जाल्म,क्षुल्लक,चेतर,इतर",,
अपसद,पुं।,नीचः,,,द्रव्यम्,पृथ्वी,चलसजीवः,मनुष्यः,,,"विवर्ण,पामर,नीच,प्राकृत,पृथग्जन,निहीन,अपसद,जाल्म,क्षुल्लक,चेतर,इतर",,
जाल्म,पुं।,नीचः,,,द्रव्यम्,पृथ्वी,चलसजीवः,मनुष्यः,,,"विवर्ण,पामर,नीच,प्राकृत,पृथग्जन,निहीन,अपसद,जाल्म,क्षुल्लक,चेतर,इतर",,
क्षुल्लक,पुं।,नीचः,,,द्रव्यम्,पृथ्वी,चलसजीवः,मनुष्यः,,,"विवर्ण,पामर,नीच,प्राकृत,पृथग्जन,निहीन,अपसद,जाल्म,क्षुल्लक,चेतर,इतर",,
चेतर,पुं।,नीचः,,,द्रव्यम्,पृथ्वी,चलसजीवः,मनुष्यः,,,"विवर्ण,पामर,नीच,प्राकृत,पृथग्जन,निहीन,अपसद,जाल्म,क्षुल्लक,चेतर,इतर",,
भृत्य,पुं।,दासः,,,द्रव्यम्,पृथ्वी,चलसजीवः,मनुष्यः,,,"भृत्य,दासेर,दासेय,दास,गोप्यक,चेटक,नियोज्य,किङ्कर,प्रैष्य,भुजिष्य,परिचारक",,
दासेर,पुं।,दासः,,,द्रव्यम्,पृथ्वी,चलसजीवः,मनुष्यः,,,"भृत्य,दासेर,दासेय,दास,गोप्यक,चेटक,नियोज्य,किङ्कर,प्रैष्य,भुजिष्य,परिचारक",,
दासेय,पुं।,दासः,,,द्रव्यम्,पृथ्वी,चलसजीवः,मनुष्यः,,,"भृत्य,दासेर,दासेय,दास,गोप्यक,चेटक,नियोज्य,किङ्कर,प्रैष्य,भुजिष्य,परिचारक",,
दास,पुं।,दासः,,,द्रव्यम्,पृथ्वी,चलसजीवः,मनुष्यः,,,"भृत्य,दासेर,दासेय,दास,गोप्यक,चेटक,नियोज्य,किङ्कर,प्रैष्य,भुजिष्य,परिचारक",,
गोप्यक,पुं।,दासः,,,द्रव्यम्,पृथ्वी,चलसजीवः,मनुष्यः,,,"भृत्य,दासेर,दासेय,दास,गोप्यक,चेटक,नियोज्य,किङ्कर,प्रैष्य,भुजिष्य,परिचारक",,
चेटक,पुं।,दासः,,,द्रव्यम्,पृथ्वी,चलसजीवः,मनुष्यः,,,"भृत्य,दासेर,दासेय,दास,गोप्यक,चेटक,नियोज्य,किङ्कर,प्रैष्य,भुजिष्य,परिचारक",,
नियोज्य,पुं।,दासः,,,द्रव्यम्,पृथ्वी,चलसजीवः,मनुष्यः,,,"भृत्य,दासेर,दासेय,दास,गोप्यक,चेटक,नियोज्य,किङ्कर,प्रैष्य,भुजिष्य,परिचारक",,
किङ्कर,पुं।,दासः,,,द्रव्यम्,पृथ्वी,चलसजीवः,मनुष्यः,,,"भृत्य,दासेर,दासेय,दास,गोप्यक,चेटक,नियोज्य,किङ्कर,प्रैष्य,भुजिष्य,परिचारक",,
प्रैष्य,पुं।,दासः,,,द्रव्यम्,पृथ्वी,चलसजीवः,मनुष्यः,,,"भृत्य,दासेर,दासेय,दास,गोप्यक,चेटक,नियोज्य,किङ्कर,प्रैष्य,भुजिष्य,परिचारक",,
भुजिष्य,पुं।,दासः,,,द्रव्यम्,पृथ्वी,चलसजीवः,मनुष्यः,,,"भृत्य,दासेर,दासेय,दास,गोप्यक,चेटक,नियोज्य,किङ्कर,प्रैष्य,भुजिष्य,परिचारक",,
परिचारक,पुं।,दासः,,,द्रव्यम्,पृथ्वी,चलसजीवः,मनुष्यः,,,"भृत्य,दासेर,दासेय,दास,गोप्यक,चेटक,नियोज्य,किङ्कर,प्रैष्य,भुजिष्य,परिचारक",,
पराचित,पुं।,परेण_संवर्धितः,,,द्रव्यम्,पृथ्वी,चलसजीवः,मनुष्यः,,,"पराचित,परिस्कन्द,परजात,परैधित",,
परिस्कन्द,पुं।,परेण_संवर्धितः,,,द्रव्यम्,पृथ्वी,चलसजीवः,मनुष्यः,,,"पराचित,परिस्कन्द,परजात,परैधित",,
परजात,पुं।,परेण_संवर्धितः,,,द्रव्यम्,पृथ्वी,चलसजीवः,मनुष्यः,,,"पराचित,परिस्कन्द,परजात,परैधित",,
परैधित,पुं।,परेण_संवर्धितः,,,द्रव्यम्,पृथ्वी,चलसजीवः,मनुष्यः,,,"पराचित,परिस्कन्द,परजात,परैधित",,
मन्द,पुं।,अलसः,,,द्रव्यम्,पृथ्वी,चलसजीवः,मनुष्यः,,,"मन्द,तुन्दपरिमृज,आलस्य,शीतक,अलस,अनुष्ण,जिह्म,स्वैर",,
तुन्दपरिमृज,पुं।,अलसः,,,द्रव्यम्,पृथ्वी,चलसजीवः,मनुष्यः,,,"मन्द,तुन्दपरिमृज,आलस्य,शीतक,अलस,अनुष्ण,जिह्म,स्वैर",,
आलस्य,पुं।,अलसः,,,द्रव्यम्,पृथ्वी,चलसजीवः,मनुष्यः,,,"मन्द,तुन्दपरिमृज,आलस्य,शीतक,अलस,अनुष्ण,जिह्म,स्वैर",,
शीतक,पुं।,अलसः,,,द्रव्यम्,पृथ्वी,चलसजीवः,मनुष्यः,,,"मन्द,तुन्दपरिमृज,आलस्य,शीतक,अलस,अनुष्ण,जिह्म,स्वैर",,
अलस,पुं।,अलसः,,,द्रव्यम्,पृथ्वी,चलसजीवः,मनुष्यः,,,"मन्द,तुन्दपरिमृज,आलस्य,शीतक,अलस,अनुष्ण,जिह्म,स्वैर",,
अनुष्ण,पुं।,अलसः,,,द्रव्यम्,पृथ्वी,चलसजीवः,मनुष्यः,,,"मन्द,तुन्दपरिमृज,आलस्य,शीतक,अलस,अनुष्ण,जिह्म,स्वैर",,
दक्ष,पुं।,चतुरः,,,द्रव्यम्,पृथ्वी,चलसजीवः,मनुष्यः,,,"दक्ष,चतुर,पेशल,पटु,सूत्थान,उष्ण",,
चतुर,पुं।,चतुरः,,,द्रव्यम्,पृथ्वी,चलसजीवः,मनुष्यः,,,"दक्ष,चतुर,पेशल,पटु,सूत्थान,उष्ण",,
पेशल,पुं।,चतुरः,,,द्रव्यम्,पृथ्वी,चलसजीवः,मनुष्यः,,,"दक्ष,चतुर,पेशल,पटु,सूत्थान,उष्ण",,
पटु,पुं।,चतुरः,,,द्रव्यम्,पृथ्वी,चलसजीवः,मनुष्यः,,,"दक्ष,चतुर,पेशल,पटु,सूत्थान,उष्ण",,
सूत्थान,पुं।,चतुरः,,,द्रव्यम्,पृथ्वी,चलसजीवः,मनुष्यः,,,"दक्ष,चतुर,पेशल,पटु,सूत्थान,उष्ण",,
उष्ण,पुं।,चतुरः,,,द्रव्यम्,पृथ्वी,चलसजीवः,मनुष्यः,,,"दक्ष,चतुर,पेशल,पटु,सूत्थान,उष्ण",,
चण्डाल,पुं।,चण्डालः,,,द्रव्यम्,पृथ्वी,चलसजीवः,मनुष्यः,,,"चण्डाल,प्लव,मातङ्ग,दिवाकीर्ति,जनङ्गम,निषाद,श्वपच,अन्तेवासिन्,चाण्डाल,पुक्कस",चाण्डालिका,
प्लव,पुं।,चण्डालः,,,द्रव्यम्,पृथ्वी,चलसजीवः,मनुष्यः,,,"चण्डाल,प्लव,मातङ्ग,दिवाकीर्ति,जनङ्गम,निषाद,श्वपच,अन्तेवासिन्,चाण्डाल,पुक्कस",चाण्डालिका,
मातङ्ग,पुं।,चण्डालः,,,द्रव्यम्,पृथ्वी,चलसजीवः,मनुष्यः,,,"चण्डाल,प्लव,मातङ्ग,दिवाकीर्ति,जनङ्गम,निषाद,श्वपच,अन्तेवासिन्,चाण्डाल,पुक्कस",चाण्डालिका,
दिवाकीर्ति,पुं।,चण्डालः,,,द्रव्यम्,पृथ्वी,चलसजीवः,मनुष्यः,,,"चण्डाल,प्लव,मातङ्ग,दिवाकीर्ति,जनङ्गम,निषाद,श्वपच,अन्तेवासिन्,चाण्डाल,पुक्कस",चाण्डालिका,
जनङ्गम,पुं।,चण्डालः,,,द्रव्यम्,पृथ्वी,चलसजीवः,मनुष्यः,,,"चण्डाल,प्लव,मातङ्ग,दिवाकीर्ति,जनङ्गम,निषाद,श्वपच,अन्तेवासिन्,चाण्डाल,पुक्कस",चाण्डालिका,
निषाद,पुं।,चण्डालः,,,द्रव्यम्,पृथ्वी,चलसजीवः,मनुष्यः,,,"चण्डाल,प्लव,मातङ्ग,दिवाकीर्ति,जनङ्गम,निषाद,श्वपच,अन्तेवासिन्,चाण्डाल,पुक्कस",चाण्डालिका,
श्वपच,पुं।,चण्डालः,,,द्रव्यम्,पृथ्वी,चलसजीवः,मनुष्यः,,,"चण्डाल,प्लव,मातङ्ग,दिवाकीर्ति,जनङ्गम,निषाद,श्वपच,अन्तेवासिन्,चाण्डाल,पुक्कस",चाण्डालिका,
अन्तेवासिन्,पुं।,चण्डालः,,,द्रव्यम्,पृथ्वी,चलसजीवः,मनुष्यः,,,"चण्डाल,प्लव,मातङ्ग,दिवाकीर्ति,जनङ्गम,निषाद,श्वपच,अन्तेवासिन्,चाण्डाल,पुक्कस",चाण्डालिका,
चाण्डाल,पुं।,चण्डालः,,,द्रव्यम्,पृथ्वी,चलसजीवः,मनुष्यः,,,"चण्डाल,प्लव,मातङ्ग,दिवाकीर्ति,जनङ्गम,निषाद,श्वपच,अन्तेवासिन्,चाण्डाल,पुक्कस",चाण्डालिका,
पुक्कस,पुं।,चण्डालः,,,द्रव्यम्,पृथ्वी,चलसजीवः,मनुष्यः,,,"चण्डाल,प्लव,मातङ्ग,दिवाकीर्ति,जनङ्गम,निषाद,श्वपच,अन्तेवासिन्,चाण्डाल,पुक्कस",चाण्डालिका,
किरात,पुं।,किरातः,,,द्रव्यम्,पृथ्वी,चलसजीवः,मनुष्यः,,,किरात,,
शबर,पुं।,शबरः,,,द्रव्यम्,पृथ्वी,चलसजीवः,मनुष्यः,,,शबर,भिल्लग्रामः,
पुलिन्द,पुं।,पुलिन्दः,,,द्रव्यम्,पृथ्वी,चलसजीवः,मनुष्यः,,,पुलिन्द,,
व्याध,पुं।,मृगवधाजीवः,,वृत्तिः,द्रव्यम्,पृथ्वी,चलसजीवः,मनुष्यः,,,"व्याध,मृगवधाजीव,मृगयु,लुब्धक",,
मृगवधाजीव,पुं।,मृगवधाजीवः,,वृत्तिः,द्रव्यम्,पृथ्वी,चलसजीवः,मनुष्यः,,,"व्याध,मृगवधाजीव,मृगयु,लुब्धक",,
मृगयु,पुं।,मृगवधाजीवः,,वृत्तिः,द्रव्यम्,पृथ्वी,चलसजीवः,मनुष्यः,,,"व्याध,मृगवधाजीव,मृगयु,लुब्धक",,
लुब्धक,पुं।,मृगवधाजीवः,,वृत्तिः,द्रव्यम्,पृथ्वी,चलसजीवः,मनुष्यः,,,"व्याध,मृगवधाजीव,मृगयु,लुब्धक",,
कौलेयक,पुं।,शुनकः,,,द्रव्यम्,पृथ्वी,चलसजीवः,मनुष्येतरः,जन्तुः,स्तनपायी,"कौलेयक,सारमेय,कुक्कुर,मृगदंशक,शुनक,भषक,श्वान,शालावृक",शुनी,"मत्तशुनः,मृगयाकुशलशुनः"
सारमेय,पुं।,शुनकः,,,द्रव्यम्,पृथ्वी,चलसजीवः,मनुष्येतरः,जन्तुः,स्तनपायी,"कौलेयक,सारमेय,कुक्कुर,मृगदंशक,शुनक,भषक,श्वान,शालावृक",शुनी,"मत्तशुनः,मृगयाकुशलशुनः"
कुक्कुर,पुं।,शुनकः,,,द्रव्यम्,पृथ्वी,चलसजीवः,मनुष्येतरः,जन्तुः,स्तनपायी,"कौलेयक,सारमेय,कुक्कुर,मृगदंशक,शुनक,भषक,श्वान,शालावृक",शुनी,"मत्तशुनः,मृगयाकुशलशुनः"
मृगदंशक,पुं।,शुनकः,,,द्रव्यम्,पृथ्वी,चलसजीवः,मनुष्येतरः,जन्तुः,स्तनपायी,"कौलेयक,सारमेय,कुक्कुर,मृगदंशक,शुनक,भषक,श्वान,शालावृक",शुनी,"मत्तशुनः,मृगयाकुशलशुनः"
शुनक,पुं।,शुनकः,,,द्रव्यम्,पृथ्वी,चलसजीवः,मनुष्येतरः,जन्तुः,स्तनपायी,"कौलेयक,सारमेय,कुक्कुर,मृगदंशक,शुनक,भषक,श्वान,शालावृक",शुनी,"मत्तशुनः,मृगयाकुशलशुनः"
भषक,पुं।,शुनकः,,,द्रव्यम्,पृथ्वी,चलसजीवः,मनुष्येतरः,जन्तुः,स्तनपायी,"कौलेयक,सारमेय,कुक्कुर,मृगदंशक,शुनक,भषक,श्वान,शालावृक",शुनी,"मत्तशुनः,मृगयाकुशलशुनः"
श्वान,पुं।,शुनकः,,,द्रव्यम्,पृथ्वी,चलसजीवः,मनुष्येतरः,जन्तुः,स्तनपायी,"कौलेयक,सारमेय,कुक्कुर,मृगदंशक,शुनक,भषक,श्वान,शालावृक",शुनी,"मत्तशुनः,मृगयाकुशलशुनः"
अलर्क,पुं।,मत्तशुनः,,,द्रव्यम्,पृथ्वी,चलसजीवः,मनुष्येतरः,जन्तुः,स्तनपायी,"अलर्क,योगित",,
योगित,पुं।,मत्तशुनः,,,द्रव्यम्,पृथ्वी,चलसजीवः,मनुष्येतरः,जन्तुः,स्तनपायी,"अलर्क,योगित",,
विश्वकद्रु,पुं।,मृगयाकुशलशुनः,,,द्रव्यम्,पृथ्वी,चलसजीवः,मनुष्येतरः,जन्तुः,स्तनपायी,विश्वकद्रु,,
सरमा,स्त्री।,शुनी,,वृत्तिः,द्रव्यम्,पृथ्वी,चलसजीवः,मनुष्यः,,,"सरमा,शुनी",शुनकः,
शुनी,स्त्री।,शुनी,,वृत्तिः,द्रव्यम्,पृथ्वी,चलसजीवः,मनुष्यः,,,"सरमा,शुनी",शुनकः,
विट्चर,पुं।,ग्राम्यसूकरः,,,द्रव्यम्,पृथ्वी,चलसजीवः,मनुष्येतरः,जन्तुः,स्तनपायी,विट्चर,,
वर्कर,पुं।,तरुणपशुः,,,द्रव्यम्,पृथ्वी,चलसजीवः,मनुष्येतरः,जन्तुः,स्तनपायी,वर्कर,,
आच्छोदन,नपुं।,मृगया,,,क्रिया,,,,,,"आच्छोदन,मृगव्य,आखेट,मृगया",,
मृगव्य,नपुं।,मृगया,,,क्रिया,,,,,,"आच्छोदन,मृगव्य,आखेट,मृगया",,
आखेट,पुं।,मृगया,,,क्रिया,,,,,,"आच्छोदन,मृगव्य,आखेट,मृगया",,
मृगया,स्त्री।,मृगया,,,क्रिया,,,,,,"आच्छोदन,मृगव्य,आखेट,मृगया",,
दक्षिणेर्मन्,पुं।,दक्षिणव्रणकुरङ्गः,,,द्रव्यम्,पृथ्वी,चलसजीवः,मनुष्येतरः,जन्तुः,स्तनपायी,दक्षिणेर्मन्,,
चौर,पुं।,चोरः,,वृत्तिः,द्रव्यम्,पृथ्वी,चलसजीवः,मनुष्यः,,,"चौर,एकागारिक,स्तेन,दस्यु,तस्कर,मोषक,प्रतिरोधिन्,परास्कन्दिन्,पाटच्चर,मलिम्लुच",चोरकर्मः,
एकागारिक,पुं।,चोरः,,वृत्तिः,द्रव्यम्,पृथ्वी,चलसजीवः,मनुष्यः,,,"चौर,एकागारिक,स्तेन,दस्यु,तस्कर,मोषक,प्रतिरोधिन्,परास्कन्दिन्,पाटच्चर,मलिम्लुच",चोरकर्मः,
स्तेन,पुं।,चोरः,,वृत्तिः,द्रव्यम्,पृथ्वी,चलसजीवः,मनुष्यः,,,"चौर,एकागारिक,स्तेन,दस्यु,तस्कर,मोषक,प्रतिरोधिन्,परास्कन्दिन्,पाटच्चर,मलिम्लुच",चोरकर्मः,
दस्यु,पुं।,चोरः,,वृत्तिः,द्रव्यम्,पृथ्वी,चलसजीवः,मनुष्यः,,,"चौर,एकागारिक,स्तेन,दस्यु,तस्कर,मोषक,प्रतिरोधिन्,परास्कन्दिन्,पाटच्चर,मलिम्लुच",चोरकर्मः,
तस्कर,पुं।,चोरः,,वृत्तिः,द्रव्यम्,पृथ्वी,चलसजीवः,मनुष्यः,,,"चौर,एकागारिक,स्तेन,दस्यु,तस्कर,मोषक,प्रतिरोधिन्,परास्कन्दिन्,पाटच्चर,मलिम्लुच",चोरकर्मः,
मोषक,पुं।,चोरः,,वृत्तिः,द्रव्यम्,पृथ्वी,चलसजीवः,मनुष्यः,,,"चौर,एकागारिक,स्तेन,दस्यु,तस्कर,मोषक,प्रतिरोधिन्,परास्कन्दिन्,पाटच्चर,मलिम्लुच",चोरकर्मः,
प्रतिरोधिन्,पुं।,चोरः,,वृत्तिः,द्रव्यम्,पृथ्वी,चलसजीवः,मनुष्यः,,,"चौर,एकागारिक,स्तेन,दस्यु,तस्कर,मोषक,प्रतिरोधिन्,परास्कन्दिन्,पाटच्चर,मलिम्लुच",चोरकर्मः,
परास्कन्दिन्,पुं।,चोरः,,वृत्तिः,द्रव्यम्,पृथ्वी,चलसजीवः,मनुष्यः,,,"चौर,एकागारिक,स्तेन,दस्यु,तस्कर,मोषक,प्रतिरोधिन्,परास्कन्दिन्,पाटच्चर,मलिम्लुच",चोरकर्मः,
पाटच्चर,पुं।,चोरः,,वृत्तिः,द्रव्यम्,पृथ्वी,चलसजीवः,मनुष्यः,,,"चौर,एकागारिक,स्तेन,दस्यु,तस्कर,मोषक,प्रतिरोधिन्,परास्कन्दिन्,पाटच्चर,मलिम्लुच",चोरकर्मः,
मलिम्लुच,पुं।,चोरः,,वृत्तिः,द्रव्यम्,पृथ्वी,चलसजीवः,मनुष्यः,,,"चौर,एकागारिक,स्तेन,दस्यु,तस्कर,मोषक,प्रतिरोधिन्,परास्कन्दिन्,पाटच्चर,मलिम्लुच",चोरकर्मः,
चौरिका,स्त्री।,चोरकर्मः,,,क्रिया,,,,,,"चौरिका,स्तैन्य,चौर्य,स्तेय,अभिहार",चोरः,अपहरणम्
स्तैन्य,नपुं।,चोरकर्मः,,,क्रिया,,,,,,"चौरिका,स्तैन्य,चौर्य,स्तेय,अभिहार",चोरः,अपहरणम्
चौर्य,नपुं।,चोरकर्मः,,,क्रिया,,,,,,"चौरिका,स्तैन्य,चौर्य,स्तेय,अभिहार",चोरः,अपहरणम्
स्तेय,नपुं।,चोरकर्मः,,,क्रिया,,,,,,"चौरिका,स्तैन्य,चौर्य,स्तेय,अभिहार",चोरः,अपहरणम्
लोप्त्र,नपुं।,चौर्यधनम्,,धनम्,,,,,,,लोप्त्र,,
वीतंस,पुं।,मृगादिबन्धनसाधनम्,,उपकरणम्,,,,,,,वीतंस,,
उन्माथ,पुं।,मृगादिबन्धनयन्त्रम्,,उपकरणम्,,,,,,,"उन्माथ,कूटयन्त्र",,
कूटयन्त्र,नपुं।,मृगादिबन्धनयन्त्रम्,,उपकरणम्,,,,,,,"उन्माथ,कूटयन्त्र",,
वागुरा,स्त्री।,जालविशेषः,,उपकरणम्,,,,,,,"वागुरा,मृगबन्धनी",,
मृगबन्धनी,स्त्री।,जालविशेषः,,उपकरणम्,,,,,,,"वागुरा,मृगबन्धनी",,
शुल्ब,नपुं।,रज्जुः,,,द्रव्यम्,पृथ्वी,अचलनिर्जीवः,अचलनिर्जीववस्तु,,,"शुल्ब,वराटक,रज्जु,वटी,गुण",,"गजमध्यबन्धनचर्मरज्जुः,वृषादेर्युगबन्धनरज्जुः,दोहनकाले_पादबन्धनरज्जुः,पशुबन्धनरज्जुः,चर्ममयरज्जुः,अश्वादेस्ताडनी,प्रग्रहः,तुलासूत्रम्"
वराटक,पुं।,रज्जुः,,,द्रव्यम्,पृथ्वी,अचलनिर्जीवः,अचलनिर्जीववस्तु,,,"शुल्ब,वराटक,रज्जु,वटी,गुण",,"गजमध्यबन्धनचर्मरज्जुः,वृषादेर्युगबन्धनरज्जुः,दोहनकाले_पादबन्धनरज्जुः,पशुबन्धनरज्जुः,चर्ममयरज्जुः,अश्वादेस्ताडनी,प्रग्रहः,तुलासूत्रम्"
रज्जु,स्त्री।,रज्जुः,,,द्रव्यम्,पृथ्वी,अचलनिर्जीवः,अचलनिर्जीववस्तु,,,"शुल्ब,वराटक,रज्जु,वटी,गुण",,"गजमध्यबन्धनचर्मरज्जुः,वृषादेर्युगबन्धनरज्जुः,दोहनकाले_पादबन्धनरज्जुः,पशुबन्धनरज्जुः,चर्ममयरज्जुः,अश्वादेस्ताडनी,प्रग्रहः,तुलासूत्रम्"
वटी,वि।,रज्जुः,,,द्रव्यम्,पृथ्वी,अचलनिर्जीवः,अचलनिर्जीववस्तु,,,"शुल्ब,वराटक,रज्जु,वटी,गुण",,"गजमध्यबन्धनचर्मरज्जुः,वृषादेर्युगबन्धनरज्जुः,दोहनकाले_पादबन्धनरज्जुः,पशुबन्धनरज्जुः,चर्ममयरज्जुः,अश्वादेस्ताडनी,प्रग्रहः,तुलासूत्रम्"
गुण,पुं।,रज्जुः,,,द्रव्यम्,पृथ्वी,अचलनिर्जीवः,अचलनिर्जीववस्तु,,,"शुल्ब,वराटक,रज्जु,वटी,गुण",,"गजमध्यबन्धनचर्मरज्जुः,वृषादेर्युगबन्धनरज्जुः,दोहनकाले_पादबन्धनरज्जुः,पशुबन्धनरज्जुः,चर्ममयरज्जुः,अश्वादेस्ताडनी,प्रग्रहः,तुलासूत्रम्"
उद्घाटन,नपुं।,सलिलोद्वाहनयन्त्रम्,,उपकरणम्,,,,,,,"उद्घाटन,घटीयन्त्र",,
घटीयन्त्र,नपुं।,सलिलोद्वाहनयन्त्रम्,,उपकरणम्,,,,,,,"उद्घाटन,घटीयन्त्र",,
वेमन्,पुं-नपुं।,वस्त्रव्यूतिदण्डः,,"उपकरणम्,आयुधम्",,,,,,,"वेमन्,वायदण्ड",,
वायदण्ड,पुं।,वस्त्रव्यूतिदण्डः,,"उपकरणम्,आयुधम्",,,,,,,"वेमन्,वायदण्ड",,
सूत्र,नपुं।,तन्तवः,,,द्रव्यम्,पृथ्वी,अचलनिर्जीवः,अचलनिर्जीववस्तु,,,"सूत्र,तन्तु","पटनिर्माता,तन्तुवानः","यज्ञोपवीतम्,हस्तसूत्रम्"
तन्तु,पुं।,तन्तवः,,,द्रव्यम्,पृथ्वी,अचलनिर्जीवः,अचलनिर्जीववस्तु,,,"सूत्र,तन्तु","पटनिर्माता,तन्तुवानः","यज्ञोपवीतम्,हस्तसूत्रम्"
वाणि,स्त्री।,तन्तुवानः,,,क्रिया,,,,,,"वाणि,व्यूति",तन्तवः,
व्यूति,स्त्री।,तन्तुवानः,,,क्रिया,,,,,,"वाणि,व्यूति",तन्तवः,
पुस्त,नपुं।,वस्त्रादिलेप्यम्,,,क्रिया,,,,,,पुस्त,,
पाञ्चालिका,स्त्री।,वस्त्रदन्तादिभिः_कृतपुत्रिका,,,द्रव्यम्,पृथ्वी,अचलनिर्जीवः,अचलनिर्जीववस्तु,,,"पाञ्चालिका,पुत्रिका",,
पुत्रिका,स्त्री।,वस्त्रदन्तादिभिः_कृतपुत्रिका,,,द्रव्यम्,पृथ्वी,अचलनिर्जीवः,अचलनिर्जीववस्तु,,,"पाञ्चालिका,पुत्रिका",,
जातुष,वि।,जतुविकारः,,,द्रव्यम्,पृथ्वी,अचलनिर्जीवः,अचलनिर्जीववस्तु,,,जातुष,,
त्रापुष,वि।,त्रपुविकारः,,,द्रव्यम्,पृथ्वी,अचलनिर्जीवः,अचलनिर्जीववस्तु,,,त्रापुष,,
पिटक,पुं।,पेटकः,,"उपकरणम्,गार्हिकोपकरणम्",,,,,,,"पिटक,पेटक,पेटा,मञ्जूषा",,
पेटक,पुं।,पेटकः,,"उपकरणम्,गार्हिकोपकरणम्",,,,,,,"पिटक,पेटक,पेटा,मञ्जूषा",,
पेटा,स्त्री।,पेटकः,,"उपकरणम्,गार्हिकोपकरणम्",,,,,,,"पिटक,पेटक,पेटा,मञ्जूषा",,
मञ्जूषा,स्त्री।,पेटकः,,"उपकरणम्,गार्हिकोपकरणम्",,,,,,,"पिटक,पेटक,पेटा,मञ्जूषा",,
विहङ्गिका,स्त्री।,शक्याधारलगुडः,,उपकरणम्,,,,,,,"विहङ्गिका,भारयष्टि",,
भारयष्टि,स्त्री।,शक्याधारलगुडः,,उपकरणम्,,,,,,,"विहङ्गिका,भारयष्टि",,
शिक्य,नपुं।,भारयष्ट्यामालम्बमानः,,"उपकरणम्,गार्हिकोपकरणम्",,,,,,,"शिक्य,काच",,
काच,पुं।,भारयष्ट्यामालम्बमानः,,"उपकरणम्,गार्हिकोपकरणम्",,,,,,,"शिक्य,काच",,
पादुका,स्त्री।,पादुका,,उपकरणम्,,,,,,,"पादुका,पादू,उपानह्",,
पादू,स्त्री।,पादुका,,उपकरणम्,,,,,,,"पादुका,पादू,उपानह्",,
उपानह्,स्त्री।,पादुका,,उपकरणम्,,,,,,,"पादुका,पादू,उपानह्",,
अनुपदीना,स्त्री।,विस्तृतपादुका,,उपकरणम्,,,,,,,अनुपदीना,,
नध्री,स्त्री।,चर्ममयरज्जुः,,,द्रव्यम्,पृथ्वी,अचलनिर्जीवः,अचलनिर्जीववस्तु,,,"नध्री,वर्ध्री,वरत्रा",,
वर्ध्री,स्त्री।,चर्ममयरज्जुः,,,द्रव्यम्,पृथ्वी,अचलनिर्जीवः,अचलनिर्जीववस्तु,,,"नध्री,वर्ध्री,वरत्रा",,
वरत्रा,स्त्री।,चर्ममयरज्जुः,,,द्रव्यम्,पृथ्वी,अचलनिर्जीवः,अचलनिर्जीववस्तु,,,"नध्री,वर्ध्री,वरत्रा",,
कशा,स्त्री।,अश्वादेस्ताडनी,,,द्रव्यम्,पृथ्वी,अचलनिर्जीवः,अचलनिर्जीववस्तु,,,कशा,,
चाण्डालिका,स्त्री।,चाण्डालिका,,,द्रव्यम्,पृथ्वी,चलसजीवः,मनुष्यः,,,"चाण्डालिका,कण्डोलवीणा,चण्डालवल्लकी",चण्डालः,
कण्डोलवीणा,स्त्री।,चाण्डालिका,,,द्रव्यम्,पृथ्वी,चलसजीवः,मनुष्यः,,,"चाण्डालिका,कण्डोलवीणा,चण्डालवल्लकी",चण्डालः,
चण्डालवल्लकी,स्त्री।,चाण्डालिका,,,द्रव्यम्,पृथ्वी,चलसजीवः,मनुष्यः,,,"चाण्डालिका,कण्डोलवीणा,चण्डालवल्लकी",चण्डालः,
नाराची,स्त्री।,सुवर्णतुला,,,द्रव्यम्,पृथ्वी,अचलनिर्जीवः,अचलनिर्जीववस्तु,,,"नाराची,एषणिका",,
एषणिका,स्त्री।,सुवर्णतुला,,,द्रव्यम्,पृथ्वी,अचलनिर्जीवः,अचलनिर्जीववस्तु,,,"नाराची,एषणिका",,
शाण,पुं।,स्वर्णघर्षणशिला,,,द्रव्यम्,पृथ्वी,,,,,"शाण,निकष,कष",,
निकष,पुं।,स्वर्णघर्षणशिला,,,द्रव्यम्,पृथ्वी,,,,,"शाण,निकष,कष",,
कष,पुं।,स्वर्णघर्षणशिला,,,द्रव्यम्,पृथ्वी,,,,,"शाण,निकष,कष",,
व्रश्चन,पुं।,सुवर्णादिच्छेदनद्रव्यम्,,,द्रव्यम्,,,,,,"व्रश्चन,पत्रपरशु",,
पत्रपरशु,पुं।,सुवर्णादिच्छेदनद्रव्यम्,,,द्रव्यम्,,,,,,"व्रश्चन,पत्रपरशु",,
एषिका,स्त्री।,शलाकाभेदः,,,द्रव्यम्,पृथ्वी,अचलनिर्जीवः,अचलनिर्जीववस्तु,,,"एषिका,तूलिका",,
तूलिका,स्त्री।,शलाकाभेदः,,,द्रव्यम्,पृथ्वी,अचलनिर्जीवः,अचलनिर्जीववस्तु,,,"एषिका,तूलिका",,
तैजसावर्तनी,स्त्री।,मूषा,,उपकरणम्,,,,,,,"तैजसावर्तनी,मूषा",,
मूषा,स्त्री।,मूषा,,उपकरणम्,,,,,,,"तैजसावर्तनी,मूषा",,
भस्त्रा,स्त्री।,अग्निज्वलनवस्तु,,,द्रव्यम्,पृथ्वी,अचलनिर्जीवः,अचलनिर्जीववस्तु,,,"भस्त्रा,चर्मप्रसेविका",मूषा,
चर्मप्रसेविका,स्त्री।,अग्निज्वलनवस्तु,,,द्रव्यम्,पृथ्वी,अचलनिर्जीवः,अचलनिर्जीववस्तु,,,"भस्त्रा,चर्मप्रसेविका",मूषा,
आस्फोटनी,स्त्री।,मुक्तादिवेधिनी,,उपकरणम्,,,,,,,"आस्फोटनी,वेधनिका",,
वेधनिका,स्त्री।,मुक्तादिवेधिनी,,उपकरणम्,,,,,,,"आस्फोटनी,वेधनिका",,
कृपाणी,स्त्री।,कर्तरी,,"उपकरणम्,आयुधम्",,,,,,,"कृपाणी,कर्तरी",,
कर्तरी,स्त्री।,कर्तरी,,"उपकरणम्,आयुधम्",,,,,,,"कृपाणी,कर्तरी",,
वृक्षादनी,स्त्री।,वृक्षभेदनायुधम्,,"उपकरणम्,आयुधम्",,,,,,,"वृक्षादनी,वृक्षभेदिन्",,
वृक्षभेदिन्,पुं।,वृक्षभेदनायुधम्,,"उपकरणम्,आयुधम्",,,,,,,"वृक्षादनी,वृक्षभेदिन्",,
टङ्क,पुं।,पाषाणदारणघनभेदः,,"उपकरणम्,आयुधम्",,,,,,,"टङ्क,पाषाणदारण",,
पाषाणदारण,पुं।,पाषाणदारणघनभेदः,,"उपकरणम्,आयुधम्",,,,,,,"टङ्क,पाषाणदारण",,
क्रकच,पुं-नपुं।,शास्त्रादिविदारणशस्त्रम्,,"उपकरणम्,आयुधम्",,,,,,,"क्रकच,करपत्र",,
करपत्र,नपुं।,शास्त्रादिविदारणशस्त्रम्,,"उपकरणम्,आयुधम्",,,,,,,"क्रकच,करपत्र",,
आरा,स्त्री।,चर्मखण्डनशस्त्रम्,,"उपकरणम्,आयुधम्",,,,,,,"आरा,चर्मप्रभेधिका",,
चर्मप्रभेधिका,स्त्री।,चर्मखण्डनशस्त्रम्,,"उपकरणम्,आयुधम्",,,,,,,"आरा,चर्मप्रभेधिका",,
सूर्मी,स्त्री।,लोहप्रतिमा,,,द्रव्यम्,पृथ्वी,अचलनिर्जीवः,अचलनिर्जीववस्तु,,,"सूर्मी,स्थूणा,अयःप्रतिमा",लोहः,
स्थूणा,स्त्री।,लोहप्रतिमा,,,द्रव्यम्,पृथ्वी,अचलनिर्जीवः,अचलनिर्जीववस्तु,,,"सूर्मी,स्थूणा,अयःप्रतिमा",लोहः,
अयःप्रतिमा,स्त्री।,लोहप्रतिमा,,,द्रव्यम्,पृथ्वी,अचलनिर्जीवः,अचलनिर्जीववस्तु,,,"सूर्मी,स्थूणा,अयःप्रतिमा",लोहः,
शिल्प,नपुं।,कलाकौशल्यादिकर्मः,,,क्रिया,,,,,,"शिल्प,कला",,"गानम्,वीणादिवादनम्,नृत्यम्"
प्रतिमान,नपुं।,प्रतिमा,,,द्रव्यम्,पृथ्वी,अचलनिर्जीवः,अचलनिर्जीववस्तु,,,"प्रतिमान,प्रतिबिम्ब,प्रतिमा,प्रतियातना,प्रतिच्छाया,प्रतिकृति,अर्चा,प्रतिनिधि,छाया",,लोहप्रतिमा
प्रतिबिम्ब,नपुं।,प्रतिमा,,,द्रव्यम्,पृथ्वी,अचलनिर्जीवः,अचलनिर्जीववस्तु,,,"प्रतिमान,प्रतिबिम्ब,प्रतिमा,प्रतियातना,प्रतिच्छाया,प्रतिकृति,अर्चा,प्रतिनिधि,छाया",,लोहप्रतिमा
प्रतिमा,स्त्री।,प्रतिमा,,,द्रव्यम्,पृथ्वी,अचलनिर्जीवः,अचलनिर्जीववस्तु,,,"प्रतिमान,प्रतिबिम्ब,प्रतिमा,प्रतियातना,प्रतिच्छाया,प्रतिकृति,अर्चा,प्रतिनिधि,छाया",,लोहप्रतिमा
प्रतियातना,स्त्री।,प्रतिमा,,,द्रव्यम्,पृथ्वी,अचलनिर्जीवः,अचलनिर्जीववस्तु,,,"प्रतिमान,प्रतिबिम्ब,प्रतिमा,प्रतियातना,प्रतिच्छाया,प्रतिकृति,अर्चा,प्रतिनिधि,छाया",,लोहप्रतिमा
प्रतिच्छाया,स्त्री।,प्रतिमा,,,द्रव्यम्,पृथ्वी,अचलनिर्जीवः,अचलनिर्जीववस्तु,,,"प्रतिमान,प्रतिबिम्ब,प्रतिमा,प्रतियातना,प्रतिच्छाया,प्रतिकृति,अर्चा,प्रतिनिधि,छाया",,लोहप्रतिमा
प्रतिकृति,स्त्री।,प्रतिमा,,,द्रव्यम्,पृथ्वी,अचलनिर्जीवः,अचलनिर्जीववस्तु,,,"प्रतिमान,प्रतिबिम्ब,प्रतिमा,प्रतियातना,प्रतिच्छाया,प्रतिकृति,अर्चा,प्रतिनिधि,छाया",,लोहप्रतिमा
अर्चा,स्त्री।,प्रतिमा,,,द्रव्यम्,पृथ्वी,अचलनिर्जीवः,अचलनिर्जीववस्तु,,,"प्रतिमान,प्रतिबिम्ब,प्रतिमा,प्रतियातना,प्रतिच्छाया,प्रतिकृति,अर्चा,प्रतिनिधि,छाया",,लोहप्रतिमा
प्रतिनिधि,पुं।,प्रतिमा,,,द्रव्यम्,पृथ्वी,अचलनिर्जीवः,अचलनिर्जीववस्तु,,,"प्रतिमान,प्रतिबिम्ब,प्रतिमा,प्रतियातना,प्रतिच्छाया,प्रतिकृति,अर्चा,प्रतिनिधि,छाया",,लोहप्रतिमा
उपमा,स्त्री।,उपमा,,,गुणः,मानसिकभावः,,,,,"उपमा,उपमान,वा",,
उपमान,नपुं।,उपमा,,,गुणः,मानसिकभावः,,,,,"उपमा,उपमान,वा",,
वाच्यलिङ्ग,वि।,सदृशः,,,गुणः,मानसिकभावः,,,,,"वाच्यलिङ्ग,सम,तुल्य,सदृक्ष,सदृश,सदृश्,साधारण,समान",,
सम,वि।,सदृशः,,,गुणः,मानसिकभावः,,,,,"वाच्यलिङ्ग,सम,तुल्य,सदृक्ष,सदृश,सदृश्,साधारण,समान",,
तुल्य,वि।,सदृशः,,,गुणः,मानसिकभावः,,,,,"वाच्यलिङ्ग,सम,तुल्य,सदृक्ष,सदृश,सदृश्,साधारण,समान",,
सदृक्ष,वि।,सदृशः,,,गुणः,मानसिकभावः,,,,,"वाच्यलिङ्ग,सम,तुल्य,सदृक्ष,सदृश,सदृश्,साधारण,समान",,
सदृश,वि।,सदृशः,,,गुणः,मानसिकभावः,,,,,"वाच्यलिङ्ग,सम,तुल्य,सदृक्ष,सदृश,सदृश्,साधारण,समान",,
सदृश्,वि।,सदृशः,,,गुणः,मानसिकभावः,,,,,"वाच्यलिङ्ग,सम,तुल्य,सदृक्ष,सदृश,सदृश्,साधारण,समान",,
साधारण,वि।,सदृशः,,,गुणः,मानसिकभावः,,,,,"वाच्यलिङ्ग,सम,तुल्य,सदृक्ष,सदृश,सदृश्,साधारण,समान",,
समान,वि।,सदृशः,,,गुणः,मानसिकभावः,,,,,"वाच्यलिङ्ग,सम,तुल्य,सदृक्ष,सदृश,सदृश्,साधारण,समान",,
कर्मण्या,स्त्री।,वेतनम्,,धनम्,,,,,,,"कर्मण्या,विधा,भृत्या,भृति,भर्मन्,वेतन,भरण्य,भरण,मूल्य,निर्वेश,पण",वेतनोपजीविः,
विधा,स्त्री।,वेतनम्,,धनम्,,,,,,,"कर्मण्या,विधा,भृत्या,भृति,भर्मन्,वेतन,भरण्य,भरण,मूल्य,निर्वेश,पण",वेतनोपजीविः,
भृत्या,स्त्री।,वेतनम्,,धनम्,,,,,,,"कर्मण्या,विधा,भृत्या,भृति,भर्मन्,वेतन,भरण्य,भरण,मूल्य,निर्वेश,पण",वेतनोपजीविः,
भृति,स्त्री।,वेतनम्,,धनम्,,,,,,,"कर्मण्या,विधा,भृत्या,भृति,भर्मन्,वेतन,भरण्य,भरण,मूल्य,निर्वेश,पण",वेतनोपजीविः,
भर्मन्,नपुं।,वेतनम्,,धनम्,,,,,,,"कर्मण्या,विधा,भृत्या,भृति,भर्मन्,वेतन,भरण्य,भरण,मूल्य,निर्वेश,पण",वेतनोपजीविः,
वेतन,नपुं।,वेतनम्,,धनम्,,,,,,,"कर्मण्या,विधा,भृत्या,भृति,भर्मन्,वेतन,भरण्य,भरण,मूल्य,निर्वेश,पण",वेतनोपजीविः,
भरण्य,नपुं।,वेतनम्,,धनम्,,,,,,,"कर्मण्या,विधा,भृत्या,भृति,भर्मन्,वेतन,भरण्य,भरण,मूल्य,निर्वेश,पण",वेतनोपजीविः,
भरण,नपुं।,वेतनम्,,धनम्,,,,,,,"कर्मण्या,विधा,भृत्या,भृति,भर्मन्,वेतन,भरण्य,भरण,मूल्य,निर्वेश,पण",वेतनोपजीविः,
मूल्य,नपुं।,वेतनम्,,धनम्,,,,,,,"कर्मण्या,विधा,भृत्या,भृति,भर्मन्,वेतन,भरण्य,भरण,मूल्य,निर्वेश,पण",वेतनोपजीविः,
निर्वेश,पुं।,वेतनम्,,धनम्,,,,,,,"कर्मण्या,विधा,भृत्या,भृति,भर्मन्,वेतन,भरण्य,भरण,मूल्य,निर्वेश,पण",वेतनोपजीविः,
पण,पुं।,वेतनम्,,धनम्,,,,,,,"कर्मण्या,विधा,भृत्या,भृति,भर्मन्,वेतन,भरण्य,भरण,मूल्य,निर्वेश,पण",वेतनोपजीविः,
सुरा,स्त्री।,सुरा,,"खाद्यम्,पानीयम्",,,,,,,"सुरा,हलिप्रिया,हाला,परिस्रुत्,वरुणात्मजा,गन्धोत्तमा,प्रसन्ना,इरा,कादम्बरी,परिस्रुत्,मदिरा,कश्य,मद्य,वारुणी,मधु,हाल,अनुतर्ष","सुराकल्कः,सुरामण्डः,शौण्डिकः","मधुकपुष्पकृतमद्यम्,इक्षुशाकादिजन्यमद्यम्,नानाद्रव्यकृतमद्यम्"
हलिप्रिया,स्त्री।,सुरा,,"खाद्यम्,पानीयम्",,,,,,,"सुरा,हलिप्रिया,हाला,परिस्रुत्,वरुणात्मजा,गन्धोत्तमा,प्रसन्ना,इरा,कादम्बरी,परिस्रुत्,मदिरा,कश्य,मद्य,वारुणी,मधु,हाल,अनुतर्ष","सुराकल्कः,सुरामण्डः,शौण्डिकः","मधुकपुष्पकृतमद्यम्,इक्षुशाकादिजन्यमद्यम्,नानाद्रव्यकृतमद्यम्"
हाला,स्त्री।,सुरा,,"खाद्यम्,पानीयम्",,,,,,,"सुरा,हलिप्रिया,हाला,परिस्रुत्,वरुणात्मजा,गन्धोत्तमा,प्रसन्ना,इरा,कादम्बरी,परिस्रुत्,मदिरा,कश्य,मद्य,वारुणी,मधु,हाल,अनुतर्ष","सुराकल्कः,सुरामण्डः,शौण्डिकः","मधुकपुष्पकृतमद्यम्,इक्षुशाकादिजन्यमद्यम्,नानाद्रव्यकृतमद्यम्"
परिस्रुत्,स्त्री।,सुरा,,"खाद्यम्,पानीयम्",,,,,,,"सुरा,हलिप्रिया,हाला,परिस्रुत्,वरुणात्मजा,गन्धोत्तमा,प्रसन्ना,इरा,कादम्बरी,परिस्रुत्,मदिरा,कश्य,मद्य,वारुणी,मधु,हाल,अनुतर्ष","सुराकल्कः,सुरामण्डः,शौण्डिकः","मधुकपुष्पकृतमद्यम्,इक्षुशाकादिजन्यमद्यम्,नानाद्रव्यकृतमद्यम्"
वरुणात्मजा,स्त्री।,सुरा,,"खाद्यम्,पानीयम्",,,,,,,"सुरा,हलिप्रिया,हाला,परिस्रुत्,वरुणात्मजा,गन्धोत्तमा,प्रसन्ना,इरा,कादम्बरी,परिस्रुत्,मदिरा,कश्य,मद्य,वारुणी,मधु,हाल,अनुतर्ष","सुराकल्कः,सुरामण्डः,शौण्डिकः","मधुकपुष्पकृतमद्यम्,इक्षुशाकादिजन्यमद्यम्,नानाद्रव्यकृतमद्यम्"
गन्धोत्तमा,स्त्री।,सुरा,,"खाद्यम्,पानीयम्",,,,,,,"सुरा,हलिप्रिया,हाला,परिस्रुत्,वरुणात्मजा,गन्धोत्तमा,प्रसन्ना,इरा,कादम्बरी,परिस्रुत्,मदिरा,कश्य,मद्य,वारुणी,मधु,हाल,अनुतर्ष","सुराकल्कः,सुरामण्डः,शौण्डिकः","मधुकपुष्पकृतमद्यम्,इक्षुशाकादिजन्यमद्यम्,नानाद्रव्यकृतमद्यम्"
प्रसन्ना,स्त्री।,सुरा,,"खाद्यम्,पानीयम्",,,,,,,"सुरा,हलिप्रिया,हाला,परिस्रुत्,वरुणात्मजा,गन्धोत्तमा,प्रसन्ना,इरा,कादम्बरी,परिस्रुत्,मदिरा,कश्य,मद्य,वारुणी,मधु,हाल,अनुतर्ष","सुराकल्कः,सुरामण्डः,शौण्डिकः","मधुकपुष्पकृतमद्यम्,इक्षुशाकादिजन्यमद्यम्,नानाद्रव्यकृतमद्यम्"
इरा,स्त्री।,सुरा,,"खाद्यम्,पानीयम्",,,,,,,"सुरा,हलिप्रिया,हाला,परिस्रुत्,वरुणात्मजा,गन्धोत्तमा,प्रसन्ना,इरा,कादम्बरी,परिस्रुत्,मदिरा,कश्य,मद्य,वारुणी,मधु,हाल,अनुतर्ष","सुराकल्कः,सुरामण्डः,शौण्डिकः","मधुकपुष्पकृतमद्यम्,इक्षुशाकादिजन्यमद्यम्,नानाद्रव्यकृतमद्यम्"
कादम्बरी,स्त्री।,सुरा,,"खाद्यम्,पानीयम्",,,,,,,"सुरा,हलिप्रिया,हाला,परिस्रुत्,वरुणात्मजा,गन्धोत्तमा,प्रसन्ना,इरा,कादम्बरी,परिस्रुत्,मदिरा,कश्य,मद्य,वारुणी,मधु,हाल,अनुतर्ष","सुराकल्कः,सुरामण्डः,शौण्डिकः","मधुकपुष्पकृतमद्यम्,इक्षुशाकादिजन्यमद्यम्,नानाद्रव्यकृतमद्यम्"
परिस्रुत्,स्त्री।,सुरा,,"खाद्यम्,पानीयम्",,,,,,,"सुरा,हलिप्रिया,हाला,परिस्रुत्,वरुणात्मजा,गन्धोत्तमा,प्रसन्ना,इरा,कादम्बरी,परिस्रुत्,मदिरा,कश्य,मद्य,वारुणी,मधु,हाल,अनुतर्ष","सुराकल्कः,सुरामण्डः,शौण्डिकः","मधुकपुष्पकृतमद्यम्,इक्षुशाकादिजन्यमद्यम्,नानाद्रव्यकृतमद्यम्"
मदिरा,स्त्री।,सुरा,,"खाद्यम्,पानीयम्",,,,,,,"सुरा,हलिप्रिया,हाला,परिस्रुत्,वरुणात्मजा,गन्धोत्तमा,प्रसन्ना,इरा,कादम्बरी,परिस्रुत्,मदिरा,कश्य,मद्य,वारुणी,मधु,हाल,अनुतर्ष","सुराकल्कः,सुरामण्डः,शौण्डिकः","मधुकपुष्पकृतमद्यम्,इक्षुशाकादिजन्यमद्यम्,नानाद्रव्यकृतमद्यम्"
कश्य,नपुं।,सुरा,,"खाद्यम्,पानीयम्",,,,,,,"सुरा,हलिप्रिया,हाला,परिस्रुत्,वरुणात्मजा,गन्धोत्तमा,प्रसन्ना,इरा,कादम्बरी,परिस्रुत्,मदिरा,कश्य,मद्य,वारुणी,मधु,हाल,अनुतर्ष","सुराकल्कः,सुरामण्डः,शौण्डिकः","मधुकपुष्पकृतमद्यम्,इक्षुशाकादिजन्यमद्यम्,नानाद्रव्यकृतमद्यम्"
मद्य,नपुं।,सुरा,,"खाद्यम्,पानीयम्",,,,,,,"सुरा,हलिप्रिया,हाला,परिस्रुत्,वरुणात्मजा,गन्धोत्तमा,प्रसन्ना,इरा,कादम्बरी,परिस्रुत्,मदिरा,कश्य,मद्य,वारुणी,मधु,हाल,अनुतर्ष","सुराकल्कः,सुरामण्डः,शौण्डिकः","मधुकपुष्पकृतमद्यम्,इक्षुशाकादिजन्यमद्यम्,नानाद्रव्यकृतमद्यम्"
अवदंश,पुं।,पानरुचिजनकभक्षणम्,,पक्वम्,,,,,,,अवदंश,,
शुण्डा,स्त्री।,मद्यगृहम्,,,द्रव्यम्,पृथ्वी,अचलनिर्जीवः,स्थानम्,मानवनिर्मितिः,,"शुण्डा,पान,मदस्थान",सुरा,
पान,नपुं।,मद्यगृहम्,,,द्रव्यम्,पृथ्वी,अचलनिर्जीवः,स्थानम्,मानवनिर्मितिः,,"शुण्डा,पान,मदस्थान",सुरा,
मदस्थान,नपुं।,मद्यगृहम्,,,द्रव्यम्,पृथ्वी,अचलनिर्जीवः,स्थानम्,मानवनिर्मितिः,,"शुण्डा,पान,मदस्थान",सुरा,
मधुवार,पुं।,मधुपानावसरः,,,द्रव्यम्,कालः,,,,,"मधुवार,मधुक्रम",,
मधुक्रम,पुं।,मधुपानावसरः,,,द्रव्यम्,कालः,,,,,"मधुवार,मधुक्रम",,
मध्वासव,पुं।,मधुकपुष्पकृतमद्यम्,,"खाद्यम्,पानीयम्",,,,,,,"मध्वासव,माधवक,मधु,मार्द्वीक",,
माधवक,पुं।,मधुकपुष्पकृतमद्यम्,,"खाद्यम्,पानीयम्",,,,,,,"मध्वासव,माधवक,मधु,मार्द्वीक",,
मधु,नपुं।,मधुकपुष्पकृतमद्यम्,,"खाद्यम्,पानीयम्",,,,,,,"मध्वासव,माधवक,मधु,मार्द्वीक",,
मार्द्वीक,नपुं।,मधुकपुष्पकृतमद्यम्,,"खाद्यम्,पानीयम्",,,,,,,"मध्वासव,माधवक,मधु,मार्द्वीक",,
मैरेय,नपुं।,इक्षुशाकादिजन्यमद्यम्,,"खाद्यम्,पानीयम्",,,,,,,"मैरेय,आसव,सीधु",,
आसव,पुं।,इक्षुशाकादिजन्यमद्यम्,,"खाद्यम्,पानीयम्",,,,,,,"मैरेय,आसव,सीधु",,
सीधु,पुं।,इक्षुशाकादिजन्यमद्यम्,,"खाद्यम्,पानीयम्",,,,,,,"मैरेय,आसव,सीधु",,
मेदक,पुं।,सुराकल्कः,,,द्रव्यम्,पृथ्वी,अचलनिर्जीवः,अचलनिर्जीववस्तु,,,"मेदक,जगल",,
जगल,पुं।,सुराकल्कः,,,द्रव्यम्,पृथ्वी,अचलनिर्जीवः,अचलनिर्जीववस्तु,,,"मेदक,जगल",,
सन्धान,नपुं।,मद्यसन्धानम्,,,क्रिया,,,,,,"सन्धान,अभिषव",,
अभिषव,पुं।,मद्यसन्धानम्,,,क्रिया,,,,,,"सन्धान,अभिषव",,
किण्व,नपुं।,नानाद्रव्यकृतमद्यम्,,"खाद्यम्,पानीयम्",,,,,,,"किण्व,नग्नहू",,
नग्नहू,पुं।,नानाद्रव्यकृतमद्यम्,,"खाद्यम्,पानीयम्",,,,,,,"किण्व,नग्नहू",,
कारोत्तर,पुं।,सुरामण्डः,,"खाद्यम्,पानीयम्",,,,,,,"कारोत्तर,सुरामण्ड",,
सुरामण्ड,पुं।,सुरामण्डः,,"खाद्यम्,पानीयम्",,,,,,,"कारोत्तर,सुरामण्ड",,
आपान,नपुं।,पानसभा,,,द्रव्यम्,पृथ्वी,अचलनिर्जीवः,स्थानम्,मानवनिर्मितिः,,"आपान,पानगोष्ठिका",,
पानगोष्ठिका,स्त्री।,पानसभा,,,द्रव्यम्,पृथ्वी,अचलनिर्जीवः,स्थानम्,मानवनिर्मितिः,,"आपान,पानगोष्ठिका",,
चषक,पुं-नपुं।,मद्यपात्रम्,,"उपकरणम्,गार्हिकोपकरणम्",,,,,,,"चषक,पानपात्र",,
पानपात्र,नपुं।,मद्यपात्रम्,,"उपकरणम्,गार्हिकोपकरणम्",,,,,,,"चषक,पानपात्र",,
सरक,पुं।,मद्यपानम्,,,क्रिया,,,,,,"सरक,अनुतर्षण",,
अनुतर्षण,नपुं।,मद्यपानम्,,,क्रिया,,,,,,"सरक,अनुतर्षण",,
धूर्त,पुं।,द्यूतकृत्,,,द्रव्यम्,पृथ्वी,चलसजीवः,मनुष्यः,,,"धूर्त,अक्षदेविन्,कितव,अक्षधूर्त,द्यूतकृत्,दुरोदर",द्यूतक्रीडनम्,द्यूतकारकः
अक्षदेविन्,पुं।,द्यूतकृत्,,,द्रव्यम्,पृथ्वी,चलसजीवः,मनुष्यः,,,"धूर्त,अक्षदेविन्,कितव,अक्षधूर्त,द्यूतकृत्,दुरोदर",द्यूतक्रीडनम्,द्यूतकारकः
कितव,पुं।,द्यूतकृत्,,,द्रव्यम्,पृथ्वी,चलसजीवः,मनुष्यः,,,"धूर्त,अक्षदेविन्,कितव,अक्षधूर्त,द्यूतकृत्,दुरोदर",द्यूतक्रीडनम्,द्यूतकारकः
अक्षधूर्त,पुं।,द्यूतकृत्,,,द्रव्यम्,पृथ्वी,चलसजीवः,मनुष्यः,,,"धूर्त,अक्षदेविन्,कितव,अक्षधूर्त,द्यूतकृत्,दुरोदर",द्यूतक्रीडनम्,द्यूतकारकः
द्यूतकृत्,पुं।,द्यूतकृत्,,,द्रव्यम्,पृथ्वी,चलसजीवः,मनुष्यः,,,"धूर्त,अक्षदेविन्,कितव,अक्षधूर्त,द्यूतकृत्,दुरोदर",द्यूतक्रीडनम्,द्यूतकारकः
लग्नक,पुं।,ऋणादौ_प्रतिनिधिभूतः,,,द्रव्यम्,पृथ्वी,चलसजीवः,मनुष्यः,,,"लग्नक,प्रतिभू",,
प्रतिभू,पुं।,ऋणादौ_प्रतिनिधिभूतः,,,द्रव्यम्,पृथ्वी,चलसजीवः,मनुष्यः,,,"लग्नक,प्रतिभू",,
सभिक,पुं।,द्यूतकारकः,,,द्रव्यम्,पृथ्वी,चलसजीवः,मनुष्यः,,,"सभिक,द्यूतकारक",,
द्यूतकारक,पुं।,द्यूतकारकः,,,द्रव्यम्,पृथ्वी,चलसजीवः,मनुष्यः,,,"सभिक,द्यूतकारक",,
द्यूत,पुं-नपुं।,द्यूतक्रीडनम्,,,क्रिया,,,,,,"द्यूत,अक्षवती,कैतव,पण,दुरोदर,आकर्ष","अक्षः,द्यूतकृत्",
अक्षवती,स्त्री।,द्यूतक्रीडनम्,,,क्रिया,,,,,,"द्यूत,अक्षवती,कैतव,पण,दुरोदर,आकर्ष","अक्षः,द्यूतकृत्",
कैतव,नपुं।,द्यूतक्रीडनम्,,,क्रिया,,,,,,"द्यूत,अक्षवती,कैतव,पण,दुरोदर,आकर्ष","अक्षः,द्यूतकृत्",
पण,पुं।,द्यूतक्रीडनम्,,,क्रिया,,,,,,"द्यूत,अक्षवती,कैतव,पण,दुरोदर,आकर्ष","अक्षः,द्यूतकृत्",
पण,पुं।,द्यूते_लाप्यमानः,,धनम्,,,,,,,"पण,ग्लह,दुरोदर",,
ग्लह,पुं।,द्यूते_लाप्यमानः,,धनम्,,,,,,,"पण,ग्लह,दुरोदर",,
अक्ष,पुं।,अक्षः,,उपकरणम्,,,,,,,"अक्ष,देवन,पाशक,दुन्दुभि,आकर्ष",,
देवन,पुं।,अक्षः,,उपकरणम्,,,,,,,"अक्ष,देवन,पाशक,दुन्दुभि,आकर्ष",,
पाशक,पुं।,अक्षः,,उपकरणम्,,,,,,,"अक्ष,देवन,पाशक,दुन्दुभि,आकर्ष",,
परिणाय,पुं।,शारीणामितस्ततः_नयनम्,,,क्रिया,,,,,,परिणाय,,
अष्टापद,पुं-नपुं।,शारीणामाधारपट्टः,,उपकरणम्,,,,,,,"अष्टापद,शारिफल,आकर्ष",,
शारिफल,पुं-नपुं।,शारीणामाधारपट्टः,,उपकरणम्,,,,,,,"अष्टापद,शारिफल,आकर्ष",,
प्राणिवृत्त,नपुं।,समाहूयकृतद्यूतम्,,,क्रिया,,,,,,"प्राणिवृत्त,समाह्वय",,
समाह्वय,पुं।,समाहूयकृतद्यूतम्,,,क्रिया,,,,,,"प्राणिवृत्त,समाह्वय",,
