सिंह,पुं।,सिंहः,,,द्रव्यम्,पृथ्वी,चलसजीवः,मनुष्येतरः,जन्तुः,स्तनपायी,"सिंह,मृगेन्द्र,पञ्चास्य,हर्यक्ष,केसरिन्,हरि,कण्ठीरव,मृगारिपु,मृगदृष्टि,मृगाशन,पुण्डरीक,पञ्चनख,चित्रकाय,मृगद्विष्",,
मृगेन्द्र,पुं।,सिंहः,,,द्रव्यम्,पृथ्वी,चलसजीवः,मनुष्येतरः,जन्तुः,स्तनपायी,"सिंह,मृगेन्द्र,पञ्चास्य,हर्यक्ष,केसरिन्,हरि,कण्ठीरव,मृगारिपु,मृगदृष्टि,मृगाशन,पुण्डरीक,पञ्चनख,चित्रकाय,मृगद्विष्",,
पञ्चास्य,पुं।,सिंहः,,,द्रव्यम्,पृथ्वी,चलसजीवः,मनुष्येतरः,जन्तुः,स्तनपायी,"सिंह,मृगेन्द्र,पञ्चास्य,हर्यक्ष,केसरिन्,हरि,कण्ठीरव,मृगारिपु,मृगदृष्टि,मृगाशन,पुण्डरीक,पञ्चनख,चित्रकाय,मृगद्विष्",,
हर्यक्ष,पुं।,सिंहः,,,द्रव्यम्,पृथ्वी,चलसजीवः,मनुष्येतरः,जन्तुः,स्तनपायी,"सिंह,मृगेन्द्र,पञ्चास्य,हर्यक्ष,केसरिन्,हरि,कण्ठीरव,मृगारिपु,मृगदृष्टि,मृगाशन,पुण्डरीक,पञ्चनख,चित्रकाय,मृगद्विष्",,
केसरिन्,पुं।,सिंहः,,,द्रव्यम्,पृथ्वी,चलसजीवः,मनुष्येतरः,जन्तुः,स्तनपायी,"सिंह,मृगेन्द्र,पञ्चास्य,हर्यक्ष,केसरिन्,हरि,कण्ठीरव,मृगारिपु,मृगदृष्टि,मृगाशन,पुण्डरीक,पञ्चनख,चित्रकाय,मृगद्विष्",,
हरि,पुं।,सिंहः,,,द्रव्यम्,पृथ्वी,चलसजीवः,मनुष्येतरः,जन्तुः,स्तनपायी,"सिंह,मृगेन्द्र,पञ्चास्य,हर्यक्ष,केसरिन्,हरि,कण्ठीरव,मृगारिपु,मृगदृष्टि,मृगाशन,पुण्डरीक,पञ्चनख,चित्रकाय,मृगद्विष्",,
कण्ठीरव,पुं।,सिंहः,,,द्रव्यम्,पृथ्वी,चलसजीवः,मनुष्येतरः,जन्तुः,स्तनपायी,"सिंह,मृगेन्द्र,पञ्चास्य,हर्यक्ष,केसरिन्,हरि,कण्ठीरव,मृगारिपु,मृगदृष्टि,मृगाशन,पुण्डरीक,पञ्चनख,चित्रकाय,मृगद्विष्",,
मृगारिपु,पुं।,सिंहः,,,द्रव्यम्,पृथ्वी,चलसजीवः,मनुष्येतरः,जन्तुः,स्तनपायी,"सिंह,मृगेन्द्र,पञ्चास्य,हर्यक्ष,केसरिन्,हरि,कण्ठीरव,मृगारिपु,मृगदृष्टि,मृगाशन,पुण्डरीक,पञ्चनख,चित्रकाय,मृगद्विष्",,
मृगदृष्टि,पुं।,सिंहः,,,द्रव्यम्,पृथ्वी,चलसजीवः,मनुष्येतरः,जन्तुः,स्तनपायी,"सिंह,मृगेन्द्र,पञ्चास्य,हर्यक्ष,केसरिन्,हरि,कण्ठीरव,मृगारिपु,मृगदृष्टि,मृगाशन,पुण्डरीक,पञ्चनख,चित्रकाय,मृगद्विष्",,
मृगाशन,पुं।,सिंहः,,,द्रव्यम्,पृथ्वी,चलसजीवः,मनुष्येतरः,जन्तुः,स्तनपायी,"सिंह,मृगेन्द्र,पञ्चास्य,हर्यक्ष,केसरिन्,हरि,कण्ठीरव,मृगारिपु,मृगदृष्टि,मृगाशन,पुण्डरीक,पञ्चनख,चित्रकाय,मृगद्विष्",,
पुण्डरीक,पुं।,सिंहः,,,द्रव्यम्,पृथ्वी,चलसजीवः,मनुष्येतरः,जन्तुः,स्तनपायी,"सिंह,मृगेन्द्र,पञ्चास्य,हर्यक्ष,केसरिन्,हरि,कण्ठीरव,मृगारिपु,मृगदृष्टि,मृगाशन,पुण्डरीक,पञ्चनख,चित्रकाय,मृगद्विष्",,
पञ्चनख,पुं।,सिंहः,,,द्रव्यम्,पृथ्वी,चलसजीवः,मनुष्येतरः,जन्तुः,स्तनपायी,"सिंह,मृगेन्द्र,पञ्चास्य,हर्यक्ष,केसरिन्,हरि,कण्ठीरव,मृगारिपु,मृगदृष्टि,मृगाशन,पुण्डरीक,पञ्चनख,चित्रकाय,मृगद्विष्",,
चित्रकाय,पुं।,सिंहः,,,द्रव्यम्,पृथ्वी,चलसजीवः,मनुष्येतरः,जन्तुः,स्तनपायी,"सिंह,मृगेन्द्र,पञ्चास्य,हर्यक्ष,केसरिन्,हरि,कण्ठीरव,मृगारिपु,मृगदृष्टि,मृगाशन,पुण्डरीक,पञ्चनख,चित्रकाय,मृगद्विष्",,
मृगद्विष्,पुं।,सिंहः,,,द्रव्यम्,पृथ्वी,चलसजीवः,मनुष्येतरः,जन्तुः,स्तनपायी,"सिंह,मृगेन्द्र,पञ्चास्य,हर्यक्ष,केसरिन्,हरि,कण्ठीरव,मृगारिपु,मृगदृष्टि,मृगाशन,पुण्डरीक,पञ्चनख,चित्रकाय,मृगद्विष्",,
शार्दूल,पुं।,व्याघ्रः,,,द्रव्यम्,पृथ्वी,चलसजीवः,मनुष्येतरः,जन्तुः,स्तनपायी,"शार्दूल,द्वीपिन्,व्याघ्र,पुण्डरीक,लुब्धक",,तरक्षुः
द्वीपिन्,पुं।,व्याघ्रः,,,द्रव्यम्,पृथ्वी,चलसजीवः,मनुष्येतरः,जन्तुः,स्तनपायी,"शार्दूल,द्वीपिन्,व्याघ्र,पुण्डरीक,लुब्धक",,तरक्षुः
व्याघ्र,पुं।,व्याघ्रः,,,द्रव्यम्,पृथ्वी,चलसजीवः,मनुष्येतरः,जन्तुः,स्तनपायी,"शार्दूल,द्वीपिन्,व्याघ्र,पुण्डरीक,लुब्धक",,तरक्षुः
तरक्षु,पुं।,तरक्षुः,,,द्रव्यम्,पृथ्वी,चलसजीवः,मनुष्येतरः,जन्तुः,स्तनपायी,"तरक्षु,मृगादन",,
मृगादन,पुं।,तरक्षुः,,,द्रव्यम्,पृथ्वी,चलसजीवः,मनुष्येतरः,जन्तुः,स्तनपायी,"तरक्षु,मृगादन",,
वराह,पुं।,वराहः,,,द्रव्यम्,पृथ्वी,चलसजीवः,मनुष्येतरः,जन्तुः,स्तनपायी,"वराह,सूकर,घृष्टि,कोल,पोत्रिन्,किरि,किटि,दंष्ट्रिन्,घोणिन्,स्तब्धरोमन्,क्रोड,भूदार",,ग्राम्यसूकरः
सूकर,पुं।,वराहः,,,द्रव्यम्,पृथ्वी,चलसजीवः,मनुष्येतरः,जन्तुः,स्तनपायी,"वराह,सूकर,घृष्टि,कोल,पोत्रिन्,किरि,किटि,दंष्ट्रिन्,घोणिन्,स्तब्धरोमन्,क्रोड,भूदार",,ग्राम्यसूकरः
घृष्टि,पुं।,वराहः,,,द्रव्यम्,पृथ्वी,चलसजीवः,मनुष्येतरः,जन्तुः,स्तनपायी,"वराह,सूकर,घृष्टि,कोल,पोत्रिन्,किरि,किटि,दंष्ट्रिन्,घोणिन्,स्तब्धरोमन्,क्रोड,भूदार",,ग्राम्यसूकरः
कोल,पुं।,वराहः,,,द्रव्यम्,पृथ्वी,चलसजीवः,मनुष्येतरः,जन्तुः,स्तनपायी,"वराह,सूकर,घृष्टि,कोल,पोत्रिन्,किरि,किटि,दंष्ट्रिन्,घोणिन्,स्तब्धरोमन्,क्रोड,भूदार",,ग्राम्यसूकरः
पोत्रिन्,पुं।,वराहः,,,द्रव्यम्,पृथ्वी,चलसजीवः,मनुष्येतरः,जन्तुः,स्तनपायी,"वराह,सूकर,घृष्टि,कोल,पोत्रिन्,किरि,किटि,दंष्ट्रिन्,घोणिन्,स्तब्धरोमन्,क्रोड,भूदार",,ग्राम्यसूकरः
किरि,पुं।,वराहः,,,द्रव्यम्,पृथ्वी,चलसजीवः,मनुष्येतरः,जन्तुः,स्तनपायी,"वराह,सूकर,घृष्टि,कोल,पोत्रिन्,किरि,किटि,दंष्ट्रिन्,घोणिन्,स्तब्धरोमन्,क्रोड,भूदार",,ग्राम्यसूकरः
किटि,पुं।,वराहः,,,द्रव्यम्,पृथ्वी,चलसजीवः,मनुष्येतरः,जन्तुः,स्तनपायी,"वराह,सूकर,घृष्टि,कोल,पोत्रिन्,किरि,किटि,दंष्ट्रिन्,घोणिन्,स्तब्धरोमन्,क्रोड,भूदार",,ग्राम्यसूकरः
दंष्ट्रिन्,पुं।,वराहः,,,द्रव्यम्,पृथ्वी,चलसजीवः,मनुष्येतरः,जन्तुः,स्तनपायी,"वराह,सूकर,घृष्टि,कोल,पोत्रिन्,किरि,किटि,दंष्ट्रिन्,घोणिन्,स्तब्धरोमन्,क्रोड,भूदार",,ग्राम्यसूकरः
घोणिन्,पुं।,वराहः,,,द्रव्यम्,पृथ्वी,चलसजीवः,मनुष्येतरः,जन्तुः,स्तनपायी,"वराह,सूकर,घृष्टि,कोल,पोत्रिन्,किरि,किटि,दंष्ट्रिन्,घोणिन्,स्तब्धरोमन्,क्रोड,भूदार",,ग्राम्यसूकरः
स्तब्धरोमन्,पुं।,वराहः,,,द्रव्यम्,पृथ्वी,चलसजीवः,मनुष्येतरः,जन्तुः,स्तनपायी,"वराह,सूकर,घृष्टि,कोल,पोत्रिन्,किरि,किटि,दंष्ट्रिन्,घोणिन्,स्तब्धरोमन्,क्रोड,भूदार",,ग्राम्यसूकरः
क्रोड,पुं।,वराहः,,,द्रव्यम्,पृथ्वी,चलसजीवः,मनुष्येतरः,जन्तुः,स्तनपायी,"वराह,सूकर,घृष्टि,कोल,पोत्रिन्,किरि,किटि,दंष्ट्रिन्,घोणिन्,स्तब्धरोमन्,क्रोड,भूदार",,ग्राम्यसूकरः
भूदार,पुं।,वराहः,,,द्रव्यम्,पृथ्वी,चलसजीवः,मनुष्येतरः,जन्तुः,स्तनपायी,"वराह,सूकर,घृष्टि,कोल,पोत्रिन्,किरि,किटि,दंष्ट्रिन्,घोणिन्,स्तब्धरोमन्,क्रोड,भूदार",,ग्राम्यसूकरः
कपि,पुं।,वानरः,,,द्रव्यम्,पृथ्वी,चलसजीवः,मनुष्येतरः,जन्तुः,स्तनपायी,"कपि,प्लवङ्ग,प्लवग,शाखामृग,वलीमुख,मर्कट,वानर,कीश,वनौकस्,शालावृक,प्लवङ्गम,हरि",,
प्लवङ्ग,पुं।,वानरः,,,द्रव्यम्,पृथ्वी,चलसजीवः,मनुष्येतरः,जन्तुः,स्तनपायी,"कपि,प्लवङ्ग,प्लवग,शाखामृग,वलीमुख,मर्कट,वानर,कीश,वनौकस्,शालावृक,प्लवङ्गम,हरि",,
प्लवग,पुं।,वानरः,,,द्रव्यम्,पृथ्वी,चलसजीवः,मनुष्येतरः,जन्तुः,स्तनपायी,"कपि,प्लवङ्ग,प्लवग,शाखामृग,वलीमुख,मर्कट,वानर,कीश,वनौकस्,शालावृक,प्लवङ्गम,हरि",,
शाखामृग,पुं।,वानरः,,,द्रव्यम्,पृथ्वी,चलसजीवः,मनुष्येतरः,जन्तुः,स्तनपायी,"कपि,प्लवङ्ग,प्लवग,शाखामृग,वलीमुख,मर्कट,वानर,कीश,वनौकस्,शालावृक,प्लवङ्गम,हरि",,
वलीमुख,पुं।,वानरः,,,द्रव्यम्,पृथ्वी,चलसजीवः,मनुष्येतरः,जन्तुः,स्तनपायी,"कपि,प्लवङ्ग,प्लवग,शाखामृग,वलीमुख,मर्कट,वानर,कीश,वनौकस्,शालावृक,प्लवङ्गम,हरि",,
मर्कट,पुं।,वानरः,,,द्रव्यम्,पृथ्वी,चलसजीवः,मनुष्येतरः,जन्तुः,स्तनपायी,"कपि,प्लवङ्ग,प्लवग,शाखामृग,वलीमुख,मर्कट,वानर,कीश,वनौकस्,शालावृक,प्लवङ्गम,हरि",,
वानर,पुं।,वानरः,,,द्रव्यम्,पृथ्वी,चलसजीवः,मनुष्येतरः,जन्तुः,स्तनपायी,"कपि,प्लवङ्ग,प्लवग,शाखामृग,वलीमुख,मर्कट,वानर,कीश,वनौकस्,शालावृक,प्लवङ्गम,हरि",,
कीश,पुं।,वानरः,,,द्रव्यम्,पृथ्वी,चलसजीवः,मनुष्येतरः,जन्तुः,स्तनपायी,"कपि,प्लवङ्ग,प्लवग,शाखामृग,वलीमुख,मर्कट,वानर,कीश,वनौकस्,शालावृक,प्लवङ्गम,हरि",,
वनौकस्,पुं।,वानरः,,,द्रव्यम्,पृथ्वी,चलसजीवः,मनुष्येतरः,जन्तुः,स्तनपायी,"कपि,प्लवङ्ग,प्लवग,शाखामृग,वलीमुख,मर्कट,वानर,कीश,वनौकस्,शालावृक,प्लवङ्गम,हरि",,
भल्लुक,पुं।,भल्लूकः,,,द्रव्यम्,पृथ्वी,चलसजीवः,मनुष्येतरः,जन्तुः,स्तनपायी,"भल्लुक,ऋक्षाच्छ,भल्ल,भालूक,अच्छ",,
ऋक्षाच्छ,पुं।,भल्लूकः,,,द्रव्यम्,पृथ्वी,चलसजीवः,मनुष्येतरः,जन्तुः,स्तनपायी,"भल्लुक,ऋक्षाच्छ,भल्ल,भालूक,अच्छ",,
भल्ल,पुं।,भल्लूकः,,,द्रव्यम्,पृथ्वी,चलसजीवः,मनुष्येतरः,जन्तुः,स्तनपायी,"भल्लुक,ऋक्षाच्छ,भल्ल,भालूक,अच्छ",,
भालूक,पुं।,भल्लूकः,,,द्रव्यम्,पृथ्वी,चलसजीवः,मनुष्येतरः,जन्तुः,स्तनपायी,"भल्लुक,ऋक्षाच्छ,भल्ल,भालूक,अच्छ",,
गण्डक,पुं।,गण्डकः,,,द्रव्यम्,पृथ्वी,चलसजीवः,मनुष्येतरः,जन्तुः,स्तनपायी,"गण्डक,खड्ग,खड्गिन्",,
खड्ग,पुं।,गण्डकः,,,द्रव्यम्,पृथ्वी,चलसजीवः,मनुष्येतरः,जन्तुः,स्तनपायी,"गण्डक,खड्ग,खड्गिन्",,
खड्गिन्,पुं।,गण्डकः,,,द्रव्यम्,पृथ्वी,चलसजीवः,मनुष्येतरः,जन्तुः,स्तनपायी,"गण्डक,खड्ग,खड्गिन्",,
लुलाय,पुं।,महिषः,,,द्रव्यम्,पृथ्वी,चलसजीवः,मनुष्येतरः,जन्तुः,स्तनपायी,"लुलाय,महिष,वाहद्विषत्,कासर,सैरिभ",महिषशृङ्गम्,
महिष,पुं।,महिषः,,,द्रव्यम्,पृथ्वी,चलसजीवः,मनुष्येतरः,जन्तुः,स्तनपायी,"लुलाय,महिष,वाहद्विषत्,कासर,सैरिभ",महिषशृङ्गम्,
वाहद्विषत्,पुं।,महिषः,,,द्रव्यम्,पृथ्वी,चलसजीवः,मनुष्येतरः,जन्तुः,स्तनपायी,"लुलाय,महिष,वाहद्विषत्,कासर,सैरिभ",महिषशृङ्गम्,
कासर,पुं।,महिषः,,,द्रव्यम्,पृथ्वी,चलसजीवः,मनुष्येतरः,जन्तुः,स्तनपायी,"लुलाय,महिष,वाहद्विषत्,कासर,सैरिभ",महिषशृङ्गम्,
सैरिभ,पुं।,महिषः,,,द्रव्यम्,पृथ्वी,चलसजीवः,मनुष्येतरः,जन्तुः,स्तनपायी,"लुलाय,महिष,वाहद्विषत्,कासर,सैरिभ",महिषशृङ्गम्,
शिवा,स्त्री।,जम्भूकः,,,द्रव्यम्,पृथ्वी,चलसजीवः,मनुष्येतरः,जन्तुः,स्तनपायी,"शिवा,भूरिमाय,गोमायु,मृगधूर्तक,शृगाल,वञ्चक,क्रोष्टु,फेरु,फेरव,जम्बुक,शालावृक",,
भूरिमाय,पुं।,जम्भूकः,,,द्रव्यम्,पृथ्वी,चलसजीवः,मनुष्येतरः,जन्तुः,स्तनपायी,"शिवा,भूरिमाय,गोमायु,मृगधूर्तक,शृगाल,वञ्चक,क्रोष्टु,फेरु,फेरव,जम्बुक,शालावृक",,
गोमायु,पुं।,जम्भूकः,,,द्रव्यम्,पृथ्वी,चलसजीवः,मनुष्येतरः,जन्तुः,स्तनपायी,"शिवा,भूरिमाय,गोमायु,मृगधूर्तक,शृगाल,वञ्चक,क्रोष्टु,फेरु,फेरव,जम्बुक,शालावृक",,
मृगधूर्तक,पुं।,जम्भूकः,,,द्रव्यम्,पृथ्वी,चलसजीवः,मनुष्येतरः,जन्तुः,स्तनपायी,"शिवा,भूरिमाय,गोमायु,मृगधूर्तक,शृगाल,वञ्चक,क्रोष्टु,फेरु,फेरव,जम्बुक,शालावृक",,
शृगाल,पुं।,जम्भूकः,,,द्रव्यम्,पृथ्वी,चलसजीवः,मनुष्येतरः,जन्तुः,स्तनपायी,"शिवा,भूरिमाय,गोमायु,मृगधूर्तक,शृगाल,वञ्चक,क्रोष्टु,फेरु,फेरव,जम्बुक,शालावृक",,
वञ्चक,पुं।,जम्भूकः,,,द्रव्यम्,पृथ्वी,चलसजीवः,मनुष्येतरः,जन्तुः,स्तनपायी,"शिवा,भूरिमाय,गोमायु,मृगधूर्तक,शृगाल,वञ्चक,क्रोष्टु,फेरु,फेरव,जम्बुक,शालावृक",,
क्रोष्टु,पुं।,जम्भूकः,,,द्रव्यम्,पृथ्वी,चलसजीवः,मनुष्येतरः,जन्तुः,स्तनपायी,"शिवा,भूरिमाय,गोमायु,मृगधूर्तक,शृगाल,वञ्चक,क्रोष्टु,फेरु,फेरव,जम्बुक,शालावृक",,
फेरु,पुं।,जम्भूकः,,,द्रव्यम्,पृथ्वी,चलसजीवः,मनुष्येतरः,जन्तुः,स्तनपायी,"शिवा,भूरिमाय,गोमायु,मृगधूर्तक,शृगाल,वञ्चक,क्रोष्टु,फेरु,फेरव,जम्बुक,शालावृक",,
फेरव,पुं।,जम्भूकः,,,द्रव्यम्,पृथ्वी,चलसजीवः,मनुष्येतरः,जन्तुः,स्तनपायी,"शिवा,भूरिमाय,गोमायु,मृगधूर्तक,शृगाल,वञ्चक,क्रोष्टु,फेरु,फेरव,जम्बुक,शालावृक",,
जम्बुक,पुं।,जम्भूकः,,,द्रव्यम्,पृथ्वी,चलसजीवः,मनुष्येतरः,जन्तुः,स्तनपायी,"शिवा,भूरिमाय,गोमायु,मृगधूर्तक,शृगाल,वञ्चक,क्रोष्टु,फेरु,फेरव,जम्बुक,शालावृक",,
ओतु,पुं।,मार्जारः,,,द्रव्यम्,पृथ्वी,चलसजीवः,मनुष्येतरः,जन्तुः,स्तनपायी,"ओतु,बिडाल,मार्जार,वृषदंशक,आखुभुज्",,
बिडाल,पुं।,मार्जारः,,,द्रव्यम्,पृथ्वी,चलसजीवः,मनुष्येतरः,जन्तुः,स्तनपायी,"ओतु,बिडाल,मार्जार,वृषदंशक,आखुभुज्",,
मार्जार,पुं।,मार्जारः,,,द्रव्यम्,पृथ्वी,चलसजीवः,मनुष्येतरः,जन्तुः,स्तनपायी,"ओतु,बिडाल,मार्जार,वृषदंशक,आखुभुज्",,
वृषदंशक,पुं।,मार्जारः,,,द्रव्यम्,पृथ्वी,चलसजीवः,मनुष्येतरः,जन्तुः,स्तनपायी,"ओतु,बिडाल,मार्जार,वृषदंशक,आखुभुज्",,
आखुभुज्,पुं।,मार्जारः,,,द्रव्यम्,पृथ्वी,चलसजीवः,मनुष्येतरः,जन्तुः,स्तनपायी,"ओतु,बिडाल,मार्जार,वृषदंशक,आखुभुज्",,
गौधार,पुं।,कृष्णसर्पात्_गोधायाम्_जातः,,,द्रव्यम्,पृथ्वी,चलसजीवः,मनुष्येतरः,जन्तुः,सरीसृपः,"गौधार,गौधेर,गौधेय,गोधिकात्मज",,
गौधेर,पुं।,कृष्णसर्पात्_गोधायाम्_जातः,,,द्रव्यम्,पृथ्वी,चलसजीवः,मनुष्येतरः,जन्तुः,सरीसृपः,"गौधार,गौधेर,गौधेय,गोधिकात्मज",,
गौधेय,पुं।,कृष्णसर्पात्_गोधायाम्_जातः,,,द्रव्यम्,पृथ्वी,चलसजीवः,मनुष्येतरः,जन्तुः,सरीसृपः,"गौधार,गौधेर,गौधेय,गोधिकात्मज",,
गोधिकात्मज,पुं।,कृष्णसर्पात्_गोधायाम्_जातः,,,द्रव्यम्,पृथ्वी,चलसजीवः,मनुष्येतरः,जन्तुः,सरीसृपः,"गौधार,गौधेर,गौधेय,गोधिकात्मज",,
श्वाविध्,पुं।,शल्यः,,,द्रव्यम्,पृथ्वी,चलसजीवः,मनुष्येतरः,जन्तुः,स्तनपायी,"श्वाविध्,शल्य",शल्यरोमाणि,
शल्य,पुं।,शल्यः,,,द्रव्यम्,पृथ्वी,चलसजीवः,मनुष्येतरः,जन्तुः,स्तनपायी,"श्वाविध्,शल्य",शल्यरोमाणि,
शलली,स्त्री।,शल्यरोमाणि,,अवयवः,,,,,,,"शलली,शलल,शल",,
शलल,नपुं।,शल्यरोमाणि,,अवयवः,,,,,,,"शलली,शलल,शल",,
शल,नपुं।,शल्यरोमाणि,,अवयवः,,,,,,,"शलली,शलल,शल",,
वातप्रमी,पुं।,समीरमृगः,,,द्रव्यम्,पृथ्वी,चलसजीवः,मनुष्येतरः,जन्तुः,स्तनपायी,"वातप्रमी,वातमृग",,
वातमृग,पुं।,समीरमृगः,,,द्रव्यम्,पृथ्वी,चलसजीवः,मनुष्येतरः,जन्तुः,स्तनपायी,"वातप्रमी,वातमृग",,
कोक,पुं।,वृकः,,,द्रव्यम्,पृथ्वी,चलसजीवः,मनुष्येतरः,जन्तुः,स्तनपायी,"कोक,ईहामृग,वृक",,
ईहामृग,पुं।,वृकः,,,द्रव्यम्,पृथ्वी,चलसजीवः,मनुष्येतरः,जन्तुः,स्तनपायी,"कोक,ईहामृग,वृक",,
वृक,पुं।,वृकः,,,द्रव्यम्,पृथ्वी,चलसजीवः,मनुष्येतरः,जन्तुः,स्तनपायी,"कोक,ईहामृग,वृक",,
मृग,पुं।,हरिणः,,,द्रव्यम्,पृथ्वी,चलसजीवः,मनुष्येतरः,जन्तुः,स्तनपायी,"मृग,कुरङ्ग,वातायु,हरिण,अजिनयोनि,सारङ्ग,कमल","एण्याः_अजिनादिः,एणस्याजिनादिः,मृगी","समीरमृगः,अजिनजातीयमृगः,मृगभेदः,दक्षिणव्रणकुरङ्गः"
कुरङ्ग,पुं।,हरिणः,,,द्रव्यम्,पृथ्वी,चलसजीवः,मनुष्येतरः,जन्तुः,स्तनपायी,"मृग,कुरङ्ग,वातायु,हरिण,अजिनयोनि,सारङ्ग,कमल","एण्याः_अजिनादिः,एणस्याजिनादिः,मृगी","समीरमृगः,अजिनजातीयमृगः,मृगभेदः,दक्षिणव्रणकुरङ्गः"
वातायु,पुं।,हरिणः,,,द्रव्यम्,पृथ्वी,चलसजीवः,मनुष्येतरः,जन्तुः,स्तनपायी,"मृग,कुरङ्ग,वातायु,हरिण,अजिनयोनि,सारङ्ग,कमल","एण्याः_अजिनादिः,एणस्याजिनादिः,मृगी","समीरमृगः,अजिनजातीयमृगः,मृगभेदः,दक्षिणव्रणकुरङ्गः"
हरिण,पुं।,हरिणः,,,द्रव्यम्,पृथ्वी,चलसजीवः,मनुष्येतरः,जन्तुः,स्तनपायी,"मृग,कुरङ्ग,वातायु,हरिण,अजिनयोनि,सारङ्ग,कमल","एण्याः_अजिनादिः,एणस्याजिनादिः,मृगी","समीरमृगः,अजिनजातीयमृगः,मृगभेदः,दक्षिणव्रणकुरङ्गः"
अजिनयोनि,पुं।,हरिणः,,,द्रव्यम्,पृथ्वी,चलसजीवः,मनुष्येतरः,जन्तुः,स्तनपायी,"मृग,कुरङ्ग,वातायु,हरिण,अजिनयोनि,सारङ्ग,कमल","एण्याः_अजिनादिः,एणस्याजिनादिः,मृगी","समीरमृगः,अजिनजातीयमृगः,मृगभेदः,दक्षिणव्रणकुरङ्गः"
ऐणेय,वि।,एण्याः_अजिनादिः,,अवयवः,,,,,,,ऐणेय,,
ऐण,वि।,एणस्याजिनादिः,,अवयवः,,,,,,,ऐण,,
कदली,स्त्री।,अजिनजातीयमृगः,,,द्रव्यम्,पृथ्वी,चलसजीवः,मनुष्येतरः,जन्तुः,स्तनपायी,"कदली,कन्दली,चीन,चमूरु,प्रियक,समूरु,हरिण,अमी",,
कन्दली,स्त्री।,अजिनजातीयमृगः,,,द्रव्यम्,पृथ्वी,चलसजीवः,मनुष्येतरः,जन्तुः,स्तनपायी,"कदली,कन्दली,चीन,चमूरु,प्रियक,समूरु,हरिण,अमी",,
चीन,पुं।,अजिनजातीयमृगः,,,द्रव्यम्,पृथ्वी,चलसजीवः,मनुष्येतरः,जन्तुः,स्तनपायी,"कदली,कन्दली,चीन,चमूरु,प्रियक,समूरु,हरिण,अमी",,
चमूरु,पुं।,अजिनजातीयमृगः,,,द्रव्यम्,पृथ्वी,चलसजीवः,मनुष्येतरः,जन्तुः,स्तनपायी,"कदली,कन्दली,चीन,चमूरु,प्रियक,समूरु,हरिण,अमी",,
प्रियक,पुं।,अजिनजातीयमृगः,,,द्रव्यम्,पृथ्वी,चलसजीवः,मनुष्येतरः,जन्तुः,स्तनपायी,"कदली,कन्दली,चीन,चमूरु,प्रियक,समूरु,हरिण,अमी",,
समूरु,पुं।,अजिनजातीयमृगः,,,द्रव्यम्,पृथ्वी,चलसजीवः,मनुष्येतरः,जन्तुः,स्तनपायी,"कदली,कन्दली,चीन,चमूरु,प्रियक,समूरु,हरिण,अमी",,
हरिण,पुं।,अजिनजातीयमृगः,,,द्रव्यम्,पृथ्वी,चलसजीवः,मनुष्येतरः,जन्तुः,स्तनपायी,"कदली,कन्दली,चीन,चमूरु,प्रियक,समूरु,हरिण,अमी",,
अमी,पुं।,अजिनजातीयमृगः,,,द्रव्यम्,पृथ्वी,चलसजीवः,मनुष्येतरः,जन्तुः,स्तनपायी,"कदली,कन्दली,चीन,चमूरु,प्रियक,समूरु,हरिण,अमी",,
कृष्णसार,पुं।,मृगभेदः,,,द्रव्यम्,पृथ्वी,चलसजीवः,मनुष्येतरः,जन्तुः,स्तनपायी,"कृष्णसार,रुरु,न्यङ्कु,रङ्कु,शम्बर,रौहिष,गोकर्ण,पृषत,एण,ऋश्य,रोहित,चमर,मृग,गन्धर्व,शरभ,राम,सृमर,गवय",,
रुरु,पुं।,मृगभेदः,,,द्रव्यम्,पृथ्वी,चलसजीवः,मनुष्येतरः,जन्तुः,स्तनपायी,"कृष्णसार,रुरु,न्यङ्कु,रङ्कु,शम्बर,रौहिष,गोकर्ण,पृषत,एण,ऋश्य,रोहित,चमर,मृग,गन्धर्व,शरभ,राम,सृमर,गवय",,
न्यङ्कु,पुं।,मृगभेदः,,,द्रव्यम्,पृथ्वी,चलसजीवः,मनुष्येतरः,जन्तुः,स्तनपायी,"कृष्णसार,रुरु,न्यङ्कु,रङ्कु,शम्बर,रौहिष,गोकर्ण,पृषत,एण,ऋश्य,रोहित,चमर,मृग,गन्धर्व,शरभ,राम,सृमर,गवय",,
रङ्कु,पुं।,मृगभेदः,,,द्रव्यम्,पृथ्वी,चलसजीवः,मनुष्येतरः,जन्तुः,स्तनपायी,"कृष्णसार,रुरु,न्यङ्कु,रङ्कु,शम्बर,रौहिष,गोकर्ण,पृषत,एण,ऋश्य,रोहित,चमर,मृग,गन्धर्व,शरभ,राम,सृमर,गवय",,
शम्बर,पुं।,मृगभेदः,,,द्रव्यम्,पृथ्वी,चलसजीवः,मनुष्येतरः,जन्तुः,स्तनपायी,"कृष्णसार,रुरु,न्यङ्कु,रङ्कु,शम्बर,रौहिष,गोकर्ण,पृषत,एण,ऋश्य,रोहित,चमर,मृग,गन्धर्व,शरभ,राम,सृमर,गवय",,
रौहिष,पुं।,मृगभेदः,,,द्रव्यम्,पृथ्वी,चलसजीवः,मनुष्येतरः,जन्तुः,स्तनपायी,"कृष्णसार,रुरु,न्यङ्कु,रङ्कु,शम्बर,रौहिष,गोकर्ण,पृषत,एण,ऋश्य,रोहित,चमर,मृग,गन्धर्व,शरभ,राम,सृमर,गवय",,
गोकर्ण,पुं।,मृगभेदः,,,द्रव्यम्,पृथ्वी,चलसजीवः,मनुष्येतरः,जन्तुः,स्तनपायी,"कृष्णसार,रुरु,न्यङ्कु,रङ्कु,शम्बर,रौहिष,गोकर्ण,पृषत,एण,ऋश्य,रोहित,चमर,मृग,गन्धर्व,शरभ,राम,सृमर,गवय",,
पृषत,पुं।,मृगभेदः,,,द्रव्यम्,पृथ्वी,चलसजीवः,मनुष्येतरः,जन्तुः,स्तनपायी,"कृष्णसार,रुरु,न्यङ्कु,रङ्कु,शम्बर,रौहिष,गोकर्ण,पृषत,एण,ऋश्य,रोहित,चमर,मृग,गन्धर्व,शरभ,राम,सृमर,गवय",,
एण,पुं।,मृगभेदः,,,द्रव्यम्,पृथ्वी,चलसजीवः,मनुष्येतरः,जन्तुः,स्तनपायी,"कृष्णसार,रुरु,न्यङ्कु,रङ्कु,शम्बर,रौहिष,गोकर्ण,पृषत,एण,ऋश्य,रोहित,चमर,मृग,गन्धर्व,शरभ,राम,सृमर,गवय",,
ऋश्य,पुं।,मृगभेदः,,,द्रव्यम्,पृथ्वी,चलसजीवः,मनुष्येतरः,जन्तुः,स्तनपायी,"कृष्णसार,रुरु,न्यङ्कु,रङ्कु,शम्बर,रौहिष,गोकर्ण,पृषत,एण,ऋश्य,रोहित,चमर,मृग,गन्धर्व,शरभ,राम,सृमर,गवय",,
रोहित,पुं।,मृगभेदः,,,द्रव्यम्,पृथ्वी,चलसजीवः,मनुष्येतरः,जन्तुः,स्तनपायी,"कृष्णसार,रुरु,न्यङ्कु,रङ्कु,शम्बर,रौहिष,गोकर्ण,पृषत,एण,ऋश्य,रोहित,चमर,मृग,गन्धर्व,शरभ,राम,सृमर,गवय",,
चमर,पुं।,मृगभेदः,,,द्रव्यम्,पृथ्वी,चलसजीवः,मनुष्येतरः,जन्तुः,स्तनपायी,"कृष्णसार,रुरु,न्यङ्कु,रङ्कु,शम्बर,रौहिष,गोकर्ण,पृषत,एण,ऋश्य,रोहित,चमर,मृग,गन्धर्व,शरभ,राम,सृमर,गवय",,
मृग,पुं।,मृगभेदः,,,द्रव्यम्,पृथ्वी,चलसजीवः,मनुष्येतरः,जन्तुः,स्तनपायी,"कृष्णसार,रुरु,न्यङ्कु,रङ्कु,शम्बर,रौहिष,गोकर्ण,पृषत,एण,ऋश्य,रोहित,चमर,मृग,गन्धर्व,शरभ,राम,सृमर,गवय",,
गन्धर्व,पुं।,मृगभेदः,,,द्रव्यम्,पृथ्वी,चलसजीवः,मनुष्येतरः,जन्तुः,स्तनपायी,"कृष्णसार,रुरु,न्यङ्कु,रङ्कु,शम्बर,रौहिष,गोकर्ण,पृषत,एण,ऋश्य,रोहित,चमर,मृग,गन्धर्व,शरभ,राम,सृमर,गवय",,
शरभ,पुं।,मृगभेदः,,,द्रव्यम्,पृथ्वी,चलसजीवः,मनुष्येतरः,जन्तुः,स्तनपायी,"कृष्णसार,रुरु,न्यङ्कु,रङ्कु,शम्बर,रौहिष,गोकर्ण,पृषत,एण,ऋश्य,रोहित,चमर,मृग,गन्धर्व,शरभ,राम,सृमर,गवय",,
राम,पुं।,मृगभेदः,,,द्रव्यम्,पृथ्वी,चलसजीवः,मनुष्येतरः,जन्तुः,स्तनपायी,"कृष्णसार,रुरु,न्यङ्कु,रङ्कु,शम्बर,रौहिष,गोकर्ण,पृषत,एण,ऋश्य,रोहित,चमर,मृग,गन्धर्व,शरभ,राम,सृमर,गवय",,
सृमर,पुं।,मृगभेदः,,,द्रव्यम्,पृथ्वी,चलसजीवः,मनुष्येतरः,जन्तुः,स्तनपायी,"कृष्णसार,रुरु,न्यङ्कु,रङ्कु,शम्बर,रौहिष,गोकर्ण,पृषत,एण,ऋश्य,रोहित,चमर,मृग,गन्धर्व,शरभ,राम,सृमर,गवय",,
गवय,पुं।,मृगभेदः,,,द्रव्यम्,पृथ्वी,चलसजीवः,मनुष्येतरः,जन्तुः,स्तनपायी,"कृष्णसार,रुरु,न्यङ्कु,रङ्कु,शम्बर,रौहिष,गोकर्ण,पृषत,एण,ऋश्य,रोहित,चमर,मृग,गन्धर्व,शरभ,राम,सृमर,गवय",,
शश,पुं।,शशः,,,द्रव्यम्,पृथ्वी,चलसजीवः,मनुष्येतरः,जन्तुः,स्तनपायी,शश,,
पशु,पुं।,पशुः,,,द्रव्यम्,पृथ्वी,चलसजीवः,मनुष्येतरः,जन्तुः,स्तनपायी,"पशु,मृग,गो","आभीरी,जालेन_मृगान्बध्नः","सिंहः,व्याघ्रः,वराहः,वानरः,भल्लूकः,गण्डकः,महिषः,जम्भूकः,मार्जारः,कृष्णसर्पात्_गोधायाम्_जातः,शल्यः,वृकः,हरिणः,शशः,मूषकः,सरटः,गृहगोधिका,ऊर्णनाभः,कृमिः,कर्णजलौका,वृश्चिकः,क्रतावभिमन्त्रितपशुः,यज्ञहतपशुः,हस्तिः,हस्तिनी,अश्वः,अश्वा,गोमहिष्यादिः,वृषभः,उष्ट्रः,अजा,अजः,मेषः,गर्दभः,शुनकः,शुनी,तरुणपशुः,उष्ट्रिका"
अधोगन्तृ,पुं।,मूषकः,,,द्रव्यम्,पृथ्वी,चलसजीवः,मनुष्येतरः,जन्तुः,स्तनपायी,"अधोगन्तृ,खनक,वृक,पुन्ध्वज,उन्दुर,उन्दुरु,मूषक,आखु,वृष",,स्वल्पमूषकजातिः
खनक,पुं।,मूषकः,,,द्रव्यम्,पृथ्वी,चलसजीवः,मनुष्येतरः,जन्तुः,स्तनपायी,"अधोगन्तृ,खनक,वृक,पुन्ध्वज,उन्दुर,उन्दुरु,मूषक,आखु,वृष",,स्वल्पमूषकजातिः
वृक,पुं।,मूषकः,,,द्रव्यम्,पृथ्वी,चलसजीवः,मनुष्येतरः,जन्तुः,स्तनपायी,"अधोगन्तृ,खनक,वृक,पुन्ध्वज,उन्दुर,उन्दुरु,मूषक,आखु,वृष",,स्वल्पमूषकजातिः
पुन्ध्वज,पुं।,मूषकः,,,द्रव्यम्,पृथ्वी,चलसजीवः,मनुष्येतरः,जन्तुः,स्तनपायी,"अधोगन्तृ,खनक,वृक,पुन्ध्वज,उन्दुर,उन्दुरु,मूषक,आखु,वृष",,स्वल्पमूषकजातिः
उन्दुर,पुं।,मूषकः,,,द्रव्यम्,पृथ्वी,चलसजीवः,मनुष्येतरः,जन्तुः,स्तनपायी,"अधोगन्तृ,खनक,वृक,पुन्ध्वज,उन्दुर,उन्दुरु,मूषक,आखु,वृष",,स्वल्पमूषकजातिः
उन्दुरु,पुं।,मूषकः,,,द्रव्यम्,पृथ्वी,चलसजीवः,मनुष्येतरः,जन्तुः,स्तनपायी,"अधोगन्तृ,खनक,वृक,पुन्ध्वज,उन्दुर,उन्दुरु,मूषक,आखु,वृष",,स्वल्पमूषकजातिः
मूषक,पुं।,मूषकः,,,द्रव्यम्,पृथ्वी,चलसजीवः,मनुष्येतरः,जन्तुः,स्तनपायी,"अधोगन्तृ,खनक,वृक,पुन्ध्वज,उन्दुर,उन्दुरु,मूषक,आखु,वृष",,स्वल्पमूषकजातिः
आखु,पुं।,मूषकः,,,द्रव्यम्,पृथ्वी,चलसजीवः,मनुष्येतरः,जन्तुः,स्तनपायी,"अधोगन्तृ,खनक,वृक,पुन्ध्वज,उन्दुर,उन्दुरु,मूषक,आखु,वृष",,स्वल्पमूषकजातिः
गिरिका,स्त्री।,स्वल्पमूषकजातिः,,,द्रव्यम्,पृथ्वी,चलसजीवः,मनुष्येतरः,जन्तुः,स्तनपायी,"गिरिका,बालमूषिका",,
बालमूषिका,स्त्री।,स्वल्पमूषकजातिः,,,द्रव्यम्,पृथ्वी,चलसजीवः,मनुष्येतरः,जन्तुः,स्तनपायी,"गिरिका,बालमूषिका",,
सरट,पुं।,सरटः,,,द्रव्यम्,पृथ्वी,चलसजीवः,मनुष्येतरः,जन्तुः,सरीसृपः,"सरट,कृकलास",,
कृकलास,पुं।,सरटः,,,द्रव्यम्,पृथ्वी,चलसजीवः,मनुष्येतरः,जन्तुः,सरीसृपः,"सरट,कृकलास",,
मुसली,स्त्री।,गृहगोधिका,,,द्रव्यम्,पृथ्वी,चलसजीवः,मनुष्येतरः,जन्तुः,सरीसृपः,"मुसली,गृहगोधिका",,
गृहगोधिका,स्त्री।,गृहगोधिका,,,द्रव्यम्,पृथ्वी,चलसजीवः,मनुष्येतरः,जन्तुः,सरीसृपः,"मुसली,गृहगोधिका",,
लूता,स्त्री।,ऊर्णनाभः,,,द्रव्यम्,पृथ्वी,चलसजीवः,मनुष्येतरः,जन्तुः,कीटः,"लूता,तन्तुवाय,ऊर्णनाभ,मर्कटक",,
तन्तुवाय,पुं।,ऊर्णनाभः,,,द्रव्यम्,पृथ्वी,चलसजीवः,मनुष्येतरः,जन्तुः,कीटः,"लूता,तन्तुवाय,ऊर्णनाभ,मर्कटक",,
ऊर्णनाभ,पुं।,ऊर्णनाभः,,,द्रव्यम्,पृथ्वी,चलसजीवः,मनुष्येतरः,जन्तुः,कीटः,"लूता,तन्तुवाय,ऊर्णनाभ,मर्कटक",,
मर्कटक,पुं।,ऊर्णनाभः,,,द्रव्यम्,पृथ्वी,चलसजीवः,मनुष्येतरः,जन्तुः,कीटः,"लूता,तन्तुवाय,ऊर्णनाभ,मर्कटक",,
नीलङ्गु,पुं।,कृमिः,,,द्रव्यम्,पृथ्वी,चलसजीवः,मनुष्येतरः,जन्तुः,कीटः,"नीलङ्गु,कृमि",,ऊर्णादिभक्षककृमिविशेषः
कृमि,पुं।,कृमिः,,,द्रव्यम्,पृथ्वी,चलसजीवः,मनुष्येतरः,जन्तुः,कीटः,"नीलङ्गु,कृमि",,ऊर्णादिभक्षककृमिविशेषः
कर्णजलौका,स्त्री।,कर्णजलौका,,,द्रव्यम्,पृथ्वी,चलसजीवः,मनुष्येतरः,जन्तुः,कीटः,"कर्णजलौका,शतपदी",,
शतपदी,स्त्री।,कर्णजलौका,,,द्रव्यम्,पृथ्वी,चलसजीवः,मनुष्येतरः,जन्तुः,कीटः,"कर्णजलौका,शतपदी",,
वृश्चिक,पुं।,ऊर्णादिभक्षककृमिविशेषः,,,द्रव्यम्,पृथ्वी,चलसजीवः,मनुष्येतरः,जन्तुः,कीटः,"वृश्चिक,शूककीट",,
शूककीट,पुं।,ऊर्णादिभक्षककृमिविशेषः,,,द्रव्यम्,पृथ्वी,चलसजीवः,मनुष्येतरः,जन्तुः,कीटः,"वृश्चिक,शूककीट",,
अलि,पुं।,वृश्चिकः,,,द्रव्यम्,पृथ्वी,चलसजीवः,मनुष्येतरः,जन्तुः,उभयचरः,"अलि,द्रुण,वृश्चिक",,
द्रुण,पुं।,वृश्चिकः,,,द्रव्यम्,पृथ्वी,चलसजीवः,मनुष्येतरः,जन्तुः,उभयचरः,"अलि,द्रुण,वृश्चिक",,
वृश्चिक,पुं।,वृश्चिकः,,,द्रव्यम्,पृथ्वी,चलसजीवः,मनुष्येतरः,जन्तुः,उभयचरः,"अलि,द्रुण,वृश्चिक",,
पारावत,पुं।,कपोतः,,,द्रव्यम्,पृथ्वी,चलसजीवः,मनुष्येतरः,जन्तुः,पक्षी,"पारावत,कलरव,कपोत",,
कलरव,पुं।,कपोतः,,,द्रव्यम्,पृथ्वी,चलसजीवः,मनुष्येतरः,जन्तुः,पक्षी,"पारावत,कलरव,कपोत",,
कपोत,पुं।,कपोतः,,,द्रव्यम्,पृथ्वी,चलसजीवः,मनुष्येतरः,जन्तुः,पक्षी,"पारावत,कलरव,कपोत",,
शशादन,पुं।,श्येनः,,,द्रव्यम्,पृथ्वी,चलसजीवः,मनुष्येतरः,जन्तुः,पक्षी,"शशादन,पत्रिन्,श्येन",,
पत्रिन्,पुं।,श्येनः,,,द्रव्यम्,पृथ्वी,चलसजीवः,मनुष्येतरः,जन्तुः,पक्षी,"शशादन,पत्रिन्,श्येन",,
श्येन,पुं।,श्येनः,,,द्रव्यम्,पृथ्वी,चलसजीवः,मनुष्येतरः,जन्तुः,पक्षी,"शशादन,पत्रिन्,श्येन",,
उलूक,पुं।,उलूकः,,,द्रव्यम्,पृथ्वी,चलसजीवः,मनुष्येतरः,जन्तुः,पक्षी,"उलूक,वायसाराति,पेचक,दिवान्ध,कौशिक,घूक,दिवाभीत,निशाटन",,
वायसाराति,पुं।,उलूकः,,,द्रव्यम्,पृथ्वी,चलसजीवः,मनुष्येतरः,जन्तुः,पक्षी,"उलूक,वायसाराति,पेचक,दिवान्ध,कौशिक,घूक,दिवाभीत,निशाटन",,
पेचक,पुं।,उलूकः,,,द्रव्यम्,पृथ्वी,चलसजीवः,मनुष्येतरः,जन्तुः,पक्षी,"उलूक,वायसाराति,पेचक,दिवान्ध,कौशिक,घूक,दिवाभीत,निशाटन",,
दिवान्ध,पुं।,उलूकः,,,द्रव्यम्,पृथ्वी,चलसजीवः,मनुष्येतरः,जन्तुः,पक्षी,"उलूक,वायसाराति,पेचक,दिवान्ध,कौशिक,घूक,दिवाभीत,निशाटन",,
कौशिक,पुं।,उलूकः,,,द्रव्यम्,पृथ्वी,चलसजीवः,मनुष्येतरः,जन्तुः,पक्षी,"उलूक,वायसाराति,पेचक,दिवान्ध,कौशिक,घूक,दिवाभीत,निशाटन",,
घूक,पुं।,उलूकः,,,द्रव्यम्,पृथ्वी,चलसजीवः,मनुष्येतरः,जन्तुः,पक्षी,"उलूक,वायसाराति,पेचक,दिवान्ध,कौशिक,घूक,दिवाभीत,निशाटन",,
दिवाभीत,पुं।,उलूकः,,,द्रव्यम्,पृथ्वी,चलसजीवः,मनुष्येतरः,जन्तुः,पक्षी,"उलूक,वायसाराति,पेचक,दिवान्ध,कौशिक,घूक,दिवाभीत,निशाटन",,
निशाटन,पुं।,उलूकः,,,द्रव्यम्,पृथ्वी,चलसजीवः,मनुष्येतरः,जन्तुः,पक्षी,"उलूक,वायसाराति,पेचक,दिवान्ध,कौशिक,घूक,दिवाभीत,निशाटन",,
व्याघ्राट,पुं।,भरद्वाजपक्षी,,,द्रव्यम्,पृथ्वी,चलसजीवः,मनुष्येतरः,जन्तुः,पक्षी,"व्याघ्राट,भरद्वाज",,
भरद्वाज,पुं।,भरद्वाजपक्षी,,,द्रव्यम्,पृथ्वी,चलसजीवः,मनुष्येतरः,जन्तुः,पक्षी,"व्याघ्राट,भरद्वाज",,
खञ्जरीट,पुं।,खञ्जनः,,,द्रव्यम्,पृथ्वी,चलसजीवः,मनुष्येतरः,जन्तुः,पक्षी,"खञ्जरीट,खञ्जन",,
खञ्जन,पुं।,खञ्जनः,,,द्रव्यम्,पृथ्वी,चलसजीवः,मनुष्येतरः,जन्तुः,पक्षी,"खञ्जरीट,खञ्जन",,
लोहपृष्ठ,पुं।,कङ्कः,,,द्रव्यम्,पृथ्वी,चलसजीवः,मनुष्येतरः,जन्तुः,पक्षी,"लोहपृष्ठ,कङ्क",,
कङ्क,पुं।,कङ्कः,,,द्रव्यम्,पृथ्वी,चलसजीवः,मनुष्येतरः,जन्तुः,पक्षी,"लोहपृष्ठ,कङ्क",,
चाष,पुं।,चाषः,,,द्रव्यम्,पृथ्वी,चलसजीवः,मनुष्येतरः,जन्तुः,पक्षी,"चाष,किकीदिवि",,
किकीदिवि,पुं।,चाषः,,,द्रव्यम्,पृथ्वी,चलसजीवः,मनुष्येतरः,जन्तुः,पक्षी,"चाष,किकीदिवि",,
कलिङ्ग,पुं।,भृङ्गः,,,द्रव्यम्,पृथ्वी,चलसजीवः,मनुष्येतरः,जन्तुः,पक्षी,"कलिङ्ग,भृङ्ग,धूम्याट",,
भृङ्ग,पुं।,भृङ्गः,,,द्रव्यम्,पृथ्वी,चलसजीवः,मनुष्येतरः,जन्तुः,पक्षी,"कलिङ्ग,भृङ्ग,धूम्याट",,
धूम्याट,पुं।,भृङ्गः,,,द्रव्यम्,पृथ्वी,चलसजीवः,मनुष्येतरः,जन्तुः,पक्षी,"कलिङ्ग,भृङ्ग,धूम्याट",,
शतपत्रक,पुं।,काष्ठकुट्टः,,,द्रव्यम्,पृथ्वी,चलसजीवः,मनुष्येतरः,जन्तुः,पक्षी,"शतपत्रक,दार्वाघाट",,
दार्वाघाट,पुं।,काष्ठकुट्टः,,,द्रव्यम्,पृथ्वी,चलसजीवः,मनुष्येतरः,जन्तुः,पक्षी,"शतपत्रक,दार्वाघाट",,
शारङ्ग,पुं।,चातकपक्षी,,,द्रव्यम्,पृथ्वी,चलसजीवः,मनुष्येतरः,जन्तुः,पक्षी,"शारङ्ग,स्तोकक,चातक,सारङ्ग,दिवौकस्",,
स्तोकक,पुं।,चातकपक्षी,,,द्रव्यम्,पृथ्वी,चलसजीवः,मनुष्येतरः,जन्तुः,पक्षी,"शारङ्ग,स्तोकक,चातक,सारङ्ग,दिवौकस्",,
चातक,पुं।,चातकपक्षी,,,द्रव्यम्,पृथ्वी,चलसजीवः,मनुष्येतरः,जन्तुः,पक्षी,"शारङ्ग,स्तोकक,चातक,सारङ्ग,दिवौकस्",,
कृकवाकु,पुं।,कुक्कुटः,,,द्रव्यम्,पृथ्वी,चलसजीवः,मनुष्येतरः,जन्तुः,पक्षी,"कृकवाकु,ताम्रचूड,कुक्कुट,चारणायुध,दक्ष",,
ताम्रचूड,पुं।,कुक्कुटः,,,द्रव्यम्,पृथ्वी,चलसजीवः,मनुष्येतरः,जन्तुः,पक्षी,"कृकवाकु,ताम्रचूड,कुक्कुट,चारणायुध,दक्ष",,
कुक्कुट,पुं।,कुक्कुटः,,,द्रव्यम्,पृथ्वी,चलसजीवः,मनुष्येतरः,जन्तुः,पक्षी,"कृकवाकु,ताम्रचूड,कुक्कुट,चारणायुध,दक्ष",,
चारणायुध,पुं।,कुक्कुटः,,,द्रव्यम्,पृथ्वी,चलसजीवः,मनुष्येतरः,जन्तुः,पक्षी,"कृकवाकु,ताम्रचूड,कुक्कुट,चारणायुध,दक्ष",,
चटक,पुं।,चटकः,,,द्रव्यम्,पृथ्वी,चलसजीवः,मनुष्येतरः,जन्तुः,पक्षी,"चटक,कलविङ्क","चटकस्त्री,चटकपुमपत्यम्,चटकस्त्र्यपत्यम्","चटकस्त्री,चटकपुमपत्यम्,चटकस्त्र्यपत्यम्"
कलविङ्क,पुं।,चटकः,,,द्रव्यम्,पृथ्वी,चलसजीवः,मनुष्येतरः,जन्तुः,पक्षी,"चटक,कलविङ्क","चटकस्त्री,चटकपुमपत्यम्,चटकस्त्र्यपत्यम्","चटकस्त्री,चटकपुमपत्यम्,चटकस्त्र्यपत्यम्"
चटका,स्त्री।,चटकस्त्री,,,द्रव्यम्,पृथ्वी,चलसजीवः,मनुष्येतरः,जन्तुः,पक्षी,चटका,चटकः,
चाटकैर,पुं।,चटकपुमपत्यम्,,,द्रव्यम्,पृथ्वी,चलसजीवः,मनुष्येतरः,जन्तुः,पक्षी,चाटकैर,चटकः,
चटका,स्त्री।,चटकस्त्र्यपत्यम्,,,द्रव्यम्,पृथ्वी,चलसजीवः,मनुष्येतरः,जन्तुः,पक्षी,चटका,चटकः,
कर्करेटु,पुं।,अशुभवादिपक्षिविशेषः,,,द्रव्यम्,पृथ्वी,चलसजीवः,मनुष्येतरः,जन्तुः,पक्षी,"कर्करेटु,करेटु",,
करेटु,पुं।,अशुभवादिपक्षिविशेषः,,,द्रव्यम्,पृथ्वी,चलसजीवः,मनुष्येतरः,जन्तुः,पक्षी,"कर्करेटु,करेटु",,
कृकण,पुं।,अशुभपक्षिभेदः,,,द्रव्यम्,पृथ्वी,चलसजीवः,मनुष्येतरः,जन्तुः,पक्षी,"कृकण,क्रकर",,
क्रकर,पुं।,अशुभपक्षिभेदः,,,द्रव्यम्,पृथ्वी,चलसजीवः,मनुष्येतरः,जन्तुः,पक्षी,"कृकण,क्रकर",,
वनप्रिय,पुं।,कोकिलः,,,द्रव्यम्,पृथ्वी,चलसजीवः,मनुष्येतरः,जन्तुः,पक्षी,"वनप्रिय,परभृत,कोकिल,पिक",,
परभृत,पुं।,कोकिलः,,,द्रव्यम्,पृथ्वी,चलसजीवः,मनुष्येतरः,जन्तुः,पक्षी,"वनप्रिय,परभृत,कोकिल,पिक",,
कोकिल,पुं।,कोकिलः,,,द्रव्यम्,पृथ्वी,चलसजीवः,मनुष्येतरः,जन्तुः,पक्षी,"वनप्रिय,परभृत,कोकिल,पिक",,
पिक,पुं।,कोकिलः,,,द्रव्यम्,पृथ्वी,चलसजीवः,मनुष्येतरः,जन्तुः,पक्षी,"वनप्रिय,परभृत,कोकिल,पिक",,
काक,पुं।,काकः,,,द्रव्यम्,पृथ्वी,चलसजीवः,मनुष्येतरः,जन्तुः,पक्षी,"काक,करट,अरिष्ट,बलिपुष्ट,सकृत्प्रज,ध्वाङ्क्ष,आत्मघोष,परभृत्,बलिभुज्,वायस,चिरञ्जीविन्,एकदृष्टि,मौकलि,द्रोण,बल",,काकभेदः
करट,पुं।,काकः,,,द्रव्यम्,पृथ्वी,चलसजीवः,मनुष्येतरः,जन्तुः,पक्षी,"काक,करट,अरिष्ट,बलिपुष्ट,सकृत्प्रज,ध्वाङ्क्ष,आत्मघोष,परभृत्,बलिभुज्,वायस,चिरञ्जीविन्,एकदृष्टि,मौकलि,द्रोण,बल",,काकभेदः
अरिष्ट,पुं।,काकः,,,द्रव्यम्,पृथ्वी,चलसजीवः,मनुष्येतरः,जन्तुः,पक्षी,"काक,करट,अरिष्ट,बलिपुष्ट,सकृत्प्रज,ध्वाङ्क्ष,आत्मघोष,परभृत्,बलिभुज्,वायस,चिरञ्जीविन्,एकदृष्टि,मौकलि,द्रोण,बल",,काकभेदः
बलिपुष्ट,पुं।,काकः,,,द्रव्यम्,पृथ्वी,चलसजीवः,मनुष्येतरः,जन्तुः,पक्षी,"काक,करट,अरिष्ट,बलिपुष्ट,सकृत्प्रज,ध्वाङ्क्ष,आत्मघोष,परभृत्,बलिभुज्,वायस,चिरञ्जीविन्,एकदृष्टि,मौकलि,द्रोण,बल",,काकभेदः
सकृत्प्रज,पुं।,काकः,,,द्रव्यम्,पृथ्वी,चलसजीवः,मनुष्येतरः,जन्तुः,पक्षी,"काक,करट,अरिष्ट,बलिपुष्ट,सकृत्प्रज,ध्वाङ्क्ष,आत्मघोष,परभृत्,बलिभुज्,वायस,चिरञ्जीविन्,एकदृष्टि,मौकलि,द्रोण,बल",,काकभेदः
ध्वाङ्क्ष,पुं।,काकः,,,द्रव्यम्,पृथ्वी,चलसजीवः,मनुष्येतरः,जन्तुः,पक्षी,"काक,करट,अरिष्ट,बलिपुष्ट,सकृत्प्रज,ध्वाङ्क्ष,आत्मघोष,परभृत्,बलिभुज्,वायस,चिरञ्जीविन्,एकदृष्टि,मौकलि,द्रोण,बल",,काकभेदः
आत्मघोष,पुं।,काकः,,,द्रव्यम्,पृथ्वी,चलसजीवः,मनुष्येतरः,जन्तुः,पक्षी,"काक,करट,अरिष्ट,बलिपुष्ट,सकृत्प्रज,ध्वाङ्क्ष,आत्मघोष,परभृत्,बलिभुज्,वायस,चिरञ्जीविन्,एकदृष्टि,मौकलि,द्रोण,बल",,काकभेदः
परभृत्,पुं।,काकः,,,द्रव्यम्,पृथ्वी,चलसजीवः,मनुष्येतरः,जन्तुः,पक्षी,"काक,करट,अरिष्ट,बलिपुष्ट,सकृत्प्रज,ध्वाङ्क्ष,आत्मघोष,परभृत्,बलिभुज्,वायस,चिरञ्जीविन्,एकदृष्टि,मौकलि,द्रोण,बल",,काकभेदः
बलिभुज्,पुं।,काकः,,,द्रव्यम्,पृथ्वी,चलसजीवः,मनुष्येतरः,जन्तुः,पक्षी,"काक,करट,अरिष्ट,बलिपुष्ट,सकृत्प्रज,ध्वाङ्क्ष,आत्मघोष,परभृत्,बलिभुज्,वायस,चिरञ्जीविन्,एकदृष्टि,मौकलि,द्रोण,बल",,काकभेदः
वायस,पुं।,काकः,,,द्रव्यम्,पृथ्वी,चलसजीवः,मनुष्येतरः,जन्तुः,पक्षी,"काक,करट,अरिष्ट,बलिपुष्ट,सकृत्प्रज,ध्वाङ्क्ष,आत्मघोष,परभृत्,बलिभुज्,वायस,चिरञ्जीविन्,एकदृष्टि,मौकलि,द्रोण,बल",,काकभेदः
चिरञ्जीविन्,पुं।,काकः,,,द्रव्यम्,पृथ्वी,चलसजीवः,मनुष्येतरः,जन्तुः,पक्षी,"काक,करट,अरिष्ट,बलिपुष्ट,सकृत्प्रज,ध्वाङ्क्ष,आत्मघोष,परभृत्,बलिभुज्,वायस,चिरञ्जीविन्,एकदृष्टि,मौकलि,द्रोण,बल",,काकभेदः
एकदृष्टि,पुं।,काकः,,,द्रव्यम्,पृथ्वी,चलसजीवः,मनुष्येतरः,जन्तुः,पक्षी,"काक,करट,अरिष्ट,बलिपुष्ट,सकृत्प्रज,ध्वाङ्क्ष,आत्मघोष,परभृत्,बलिभुज्,वायस,चिरञ्जीविन्,एकदृष्टि,मौकलि,द्रोण,बल",,काकभेदः
मौकलि,पुं।,काकः,,,द्रव्यम्,पृथ्वी,चलसजीवः,मनुष्येतरः,जन्तुः,पक्षी,"काक,करट,अरिष्ट,बलिपुष्ट,सकृत्प्रज,ध्वाङ्क्ष,आत्मघोष,परभृत्,बलिभुज्,वायस,चिरञ्जीविन्,एकदृष्टि,मौकलि,द्रोण,बल",,काकभेदः
द्रोणकाक,पुं।,काकभेदः,,,द्रव्यम्,पृथ्वी,चलसजीवः,मनुष्येतरः,जन्तुः,पक्षी,"द्रोणकाक,काकोल",,
काकोल,पुं।,काकभेदः,,,द्रव्यम्,पृथ्वी,चलसजीवः,मनुष्येतरः,जन्तुः,पक्षी,"द्रोणकाक,काकोल",,
दात्यूह,पुं।,कालकण्ठकः,,,द्रव्यम्,पृथ्वी,चलसजीवः,मनुष्येतरः,जन्तुः,पक्षी,"दात्यूह,कालकण्ठक",,
कालकण्ठक,पुं।,कालकण्ठकः,,,द्रव्यम्,पृथ्वी,चलसजीवः,मनुष्येतरः,जन्तुः,पक्षी,"दात्यूह,कालकण्ठक",,
आतायिन्,पुं।,चिल्लः,,,द्रव्यम्,पृथ्वी,चलसजीवः,मनुष्येतरः,जन्तुः,पक्षी,"आतायिन्,चिल्ल",,
चिल्ल,पुं।,चिल्लः,,,द्रव्यम्,पृथ्वी,चलसजीवः,मनुष्येतरः,जन्तुः,पक्षी,"आतायिन्,चिल्ल",,
दाक्षाय्य,पुं।,गृध्रः,,,द्रव्यम्,पृथ्वी,चलसजीवः,मनुष्येतरः,जन्तुः,पक्षी,"दाक्षाय्य,गृध्र",,
गृध्र,पुं।,गृध्रः,,,द्रव्यम्,पृथ्वी,चलसजीवः,मनुष्येतरः,जन्तुः,पक्षी,"दाक्षाय्य,गृध्र",,
कीर,पुं।,शुकः,,,द्रव्यम्,पृथ्वी,चलसजीवः,मनुष्येतरः,जन्तुः,पक्षी,"कीर,शुक,हरि",,
शुक,पुं।,शुकः,,,द्रव्यम्,पृथ्वी,चलसजीवः,मनुष्येतरः,जन्तुः,पक्षी,"कीर,शुक,हरि",,
क्रुञ्च्,पुं।,क्रौञ्चः,,,द्रव्यम्,पृथ्वी,चलसजीवः,मनुष्येतरः,जन्तुः,पक्षी,"क्रुञ्च्,क्रौञ्च",,
क्रौञ्च,पुं।,क्रौञ्चः,,,द्रव्यम्,पृथ्वी,चलसजीवः,मनुष्येतरः,जन्तुः,पक्षी,"क्रुञ्च्,क्रौञ्च",,
बक,पुं।,बकः,,,द्रव्यम्,पृथ्वी,चलसजीवः,मनुष्येतरः,जन्तुः,पक्षी,"बक,कह्व",,बकभेदः
कह्व,पुं।,बकः,,,द्रव्यम्,पृथ्वी,चलसजीवः,मनुष्येतरः,जन्तुः,पक्षी,"बक,कह्व",,बकभेदः
पुष्कराह्व,पुं।,सारसः,,,द्रव्यम्,पृथ्वी,चलसजीवः,मनुष्येतरः,जन्तुः,पक्षी,"पुष्कराह्व,सारस",सारसस्त्री,सारसस्त्री
सारस,पुं।,सारसः,,,द्रव्यम्,पृथ्वी,चलसजीवः,मनुष्येतरः,जन्तुः,पक्षी,"पुष्कराह्व,सारस",सारसस्त्री,सारसस्त्री
कोक,पुं।,चक्रवाकः,,,द्रव्यम्,पृथ्वी,चलसजीवः,मनुष्येतरः,जन्तुः,पक्षी,"कोक,चक्र,चक्रवाक,रथाङ्गाह्वय",,
चक्र,पुं।,चक्रवाकः,,,द्रव्यम्,पृथ्वी,चलसजीवः,मनुष्येतरः,जन्तुः,पक्षी,"कोक,चक्र,चक्रवाक,रथाङ्गाह्वय",,
चक्रवाक,पुं।,चक्रवाकः,,,द्रव्यम्,पृथ्वी,चलसजीवः,मनुष्येतरः,जन्तुः,पक्षी,"कोक,चक्र,चक्रवाक,रथाङ्गाह्वय",,
रथाङ्गाह्वय,पुं।,चक्रवाकः,,,द्रव्यम्,पृथ्वी,चलसजीवः,मनुष्येतरः,जन्तुः,पक्षी,"कोक,चक्र,चक्रवाक,रथाङ्गाह्वय",,
कादम्ब,पुं।,कलहंसः,,,द्रव्यम्,पृथ्वी,चलसजीवः,मनुष्येतरः,जन्तुः,पक्षी,"कादम्ब,कलहंस",,
कलहंस,पुं।,कलहंसः,,,द्रव्यम्,पृथ्वी,चलसजीवः,मनुष्येतरः,जन्तुः,पक्षी,"कादम्ब,कलहंस",,
उत्क्रोश,पुं।,कुररः,,,द्रव्यम्,पृथ्वी,चलसजीवः,मनुष्येतरः,जन्तुः,पक्षी,"उत्क्रोश,कुरर",,
कुरर,पुं।,कुररः,,,द्रव्यम्,पृथ्वी,चलसजीवः,मनुष्येतरः,जन्तुः,पक्षी,"उत्क्रोश,कुरर",,
हंस,पुं।,हंसः,,,द्रव्यम्,पृथ्वी,चलसजीवः,मनुष्येतरः,जन्तुः,पक्षी,"हंस,श्वेतगरुत्,चक्राङ्ग,मानसौकस्",हंसस्त्री,"राजहंसः,हंसभेदः,कृष्णचङ्चुचरणहंसः,हंसस्त्री"
श्वेतगरुत्,पुं।,हंसः,,,द्रव्यम्,पृथ्वी,चलसजीवः,मनुष्येतरः,जन्तुः,पक्षी,"हंस,श्वेतगरुत्,चक्राङ्ग,मानसौकस्",हंसस्त्री,"राजहंसः,हंसभेदः,कृष्णचङ्चुचरणहंसः,हंसस्त्री"
चक्राङ्ग,पुं।,हंसः,,,द्रव्यम्,पृथ्वी,चलसजीवः,मनुष्येतरः,जन्तुः,पक्षी,"हंस,श्वेतगरुत्,चक्राङ्ग,मानसौकस्",हंसस्त्री,"राजहंसः,हंसभेदः,कृष्णचङ्चुचरणहंसः,हंसस्त्री"
मानसौकस्,पुं।,हंसः,,,द्रव्यम्,पृथ्वी,चलसजीवः,मनुष्येतरः,जन्तुः,पक्षी,"हंस,श्वेतगरुत्,चक्राङ्ग,मानसौकस्",हंसस्त्री,"राजहंसः,हंसभेदः,कृष्णचङ्चुचरणहंसः,हंसस्त्री"
राजहंस,पुं।,राजहंसः,,,द्रव्यम्,पृथ्वी,चलसजीवः,मनुष्येतरः,जन्तुः,पक्षी,राजहंस,,
मल्लिकाक्ष,पुं।,हंसभेदः,,,द्रव्यम्,पृथ्वी,चलसजीवः,मनुष्येतरः,जन्तुः,पक्षी,मल्लिकाक्ष,,
धार्तराष्ट्र,पुं।,कृष्णचङ्चुचरणहंसः,,,द्रव्यम्,पृथ्वी,चलसजीवः,मनुष्येतरः,जन्तुः,पक्षी,धार्तराष्ट्र,,
शरारि,स्त्री।,आडिः,,,द्रव्यम्,पृथ्वी,चलसजीवः,मनुष्येतरः,जन्तुः,पक्षी,"शरारि,आटि,आडि",,
आटि,स्त्री।,आडिः,,,द्रव्यम्,पृथ्वी,चलसजीवः,मनुष्येतरः,जन्तुः,पक्षी,"शरारि,आटि,आडि",,
आडि,स्त्री।,आडिः,,,द्रव्यम्,पृथ्वी,चलसजीवः,मनुष्येतरः,जन्तुः,पक्षी,"शरारि,आटि,आडि",,
बलाका,स्त्री।,बकभेदः,,,द्रव्यम्,पृथ्वी,चलसजीवः,मनुष्येतरः,जन्तुः,पक्षी,"बलाका,बिसकण्ठिका",,
बिसकण्ठिका,स्त्री।,बकभेदः,,,द्रव्यम्,पृथ्वी,चलसजीवः,मनुष्येतरः,जन्तुः,पक्षी,"बलाका,बिसकण्ठिका",,
वरटा,स्त्री।,हंसस्त्री,,,द्रव्यम्,पृथ्वी,चलसजीवः,मनुष्येतरः,जन्तुः,पक्षी,वरटा,हंसः,
लक्ष्मणा,स्त्री।,सारसस्त्री,,,द्रव्यम्,पृथ्वी,चलसजीवः,मनुष्येतरः,जन्तुः,पक्षी,लक्ष्मणा,सारसः,
जतुका,स्त्री।,जतुका,,,द्रव्यम्,पृथ्वी,चलसजीवः,मनुष्येतरः,जन्तुः,पक्षी,"जतुका,अजिनपत्रा",,
अजिनपत्रा,स्त्री।,जतुका,,,द्रव्यम्,पृथ्वी,चलसजीवः,मनुष्येतरः,जन्तुः,पक्षी,"जतुका,अजिनपत्रा",,
परोष्णी,स्त्री।,तैलपायिका,,,द्रव्यम्,पृथ्वी,चलसजीवः,मनुष्येतरः,जन्तुः,पक्षी,"परोष्णी,तैलपायिका",,
तैलपायिका,स्त्री।,तैलपायिका,,,द्रव्यम्,पृथ्वी,चलसजीवः,मनुष्येतरः,जन्तुः,पक्षी,"परोष्णी,तैलपायिका",,
वर्वणा,स्त्री।,मक्षिका,,,द्रव्यम्,पृथ्वी,चलसजीवः,मनुष्येतरः,जन्तुः,कीटः,"वर्वणा,मक्षिका,नीला",,"मधुमक्षिका,वनमक्षिका,वरटा,झिल्लिका,पतङ्गः,खद्योतः,भ्रमरः"
मक्षिका,स्त्री।,मक्षिका,,,द्रव्यम्,पृथ्वी,चलसजीवः,मनुष्येतरः,जन्तुः,कीटः,"वर्वणा,मक्षिका,नीला",,"मधुमक्षिका,वनमक्षिका,वरटा,झिल्लिका,पतङ्गः,खद्योतः,भ्रमरः"
नीला,स्त्री।,मक्षिका,,,द्रव्यम्,पृथ्वी,चलसजीवः,मनुष्येतरः,जन्तुः,कीटः,"वर्वणा,मक्षिका,नीला",,"मधुमक्षिका,वनमक्षिका,वरटा,झिल्लिका,पतङ्गः,खद्योतः,भ्रमरः"
सरघा,स्त्री।,मधुमक्षिका,,,द्रव्यम्,पृथ्वी,चलसजीवः,मनुष्येतरः,जन्तुः,कीटः,"सरघा,मधुमक्षिका,क्षुद्रा",,मधुमक्षिकाविशेषः
मधुमक्षिका,स्त्री।,मधुमक्षिका,,,द्रव्यम्,पृथ्वी,चलसजीवः,मनुष्येतरः,जन्तुः,कीटः,"सरघा,मधुमक्षिका,क्षुद्रा",,मधुमक्षिकाविशेषः
पतङ्गिका,स्त्री।,मधुमक्षिकाविशेषः,,,द्रव्यम्,पृथ्वी,चलसजीवः,मनुष्येतरः,जन्तुः,कीटः,"पतङ्गिका,पुत्तिका",,
पुत्तिका,स्त्री।,मधुमक्षिकाविशेषः,,,द्रव्यम्,पृथ्वी,चलसजीवः,मनुष्येतरः,जन्तुः,कीटः,"पतङ्गिका,पुत्तिका",,
दंश,पुं।,वनमक्षिका,,,द्रव्यम्,पृथ्वी,चलसजीवः,मनुष्येतरः,जन्तुः,कीटः,"दंश,वनमक्षिका",,
वनमक्षिका,स्त्री।,वनमक्षिका,,,द्रव्यम्,पृथ्वी,चलसजीवः,मनुष्येतरः,जन्तुः,कीटः,"दंश,वनमक्षिका",,
दंशी,स्त्री।,मक्षिकाल्पजातिः,,,द्रव्यम्,पृथ्वी,चलसजीवः,मनुष्येतरः,जन्तुः,कीटः,दंशी,मक्षिका,
गन्धोली,स्त्री।,वरटा,,,द्रव्यम्,पृथ्वी,चलसजीवः,मनुष्येतरः,जन्तुः,कीटः,"गन्धोली,वरटा",,
वरटा,स्त्री-पुं।,वरटा,,,द्रव्यम्,पृथ्वी,चलसजीवः,मनुष्येतरः,जन्तुः,कीटः,"गन्धोली,वरटा",,
भृङ्गारी,स्त्री।,झिल्लिका,,,द्रव्यम्,पृथ्वी,चलसजीवः,मनुष्येतरः,जन्तुः,कीटः,"भृङ्गारी,झीरुका,चीरी,झिल्लिका",,
झीरुका,स्त्री।,झिल्लिका,,,द्रव्यम्,पृथ्वी,चलसजीवः,मनुष्येतरः,जन्तुः,कीटः,"भृङ्गारी,झीरुका,चीरी,झिल्लिका",,
चीरी,स्त्री।,झिल्लिका,,,द्रव्यम्,पृथ्वी,चलसजीवः,मनुष्येतरः,जन्तुः,कीटः,"भृङ्गारी,झीरुका,चीरी,झिल्लिका",,
झिल्लिका,स्त्री।,झिल्लिका,,,द्रव्यम्,पृथ्वी,चलसजीवः,मनुष्येतरः,जन्तुः,कीटः,"भृङ्गारी,झीरुका,चीरी,झिल्लिका",,
पतङ्ग,पुं।,पतङ्गः,,,द्रव्यम्,पृथ्वी,चलसजीवः,मनुष्येतरः,जन्तुः,कीटः,"पतङ्ग,शलभ",,
शलभ,पुं।,पतङ्गः,,,द्रव्यम्,पृथ्वी,चलसजीवः,मनुष्येतरः,जन्तुः,कीटः,"पतङ्ग,शलभ",,
खद्योत,पुं।,खद्योतः,,,द्रव्यम्,पृथ्वी,चलसजीवः,मनुष्येतरः,जन्तुः,कीटः,"खद्योत,ज्योतिरिङ्गण",,
ज्योतिरिङ्गण,पुं।,खद्योतः,,,द्रव्यम्,पृथ्वी,चलसजीवः,मनुष्येतरः,जन्तुः,कीटः,"खद्योत,ज्योतिरिङ्गण",,
मधुव्रत,पुं।,भ्रमरः,,,द्रव्यम्,पृथ्वी,चलसजीवः,मनुष्येतरः,जन्तुः,कीटः,"मधुव्रत,मधुकर,मधुलिह,मधुप,अलिन्,द्विरेफ,पुष्पलिह्,भृङ्ग,षट्पद,भ्रमर,अलि,इन्दिन्दिर,चञ्चरीक,रोलम्ब,बम्भर,शिलीमुख",,
मधुकर,पुं।,भ्रमरः,,,द्रव्यम्,पृथ्वी,चलसजीवः,मनुष्येतरः,जन्तुः,कीटः,"मधुव्रत,मधुकर,मधुलिह,मधुप,अलिन्,द्विरेफ,पुष्पलिह्,भृङ्ग,षट्पद,भ्रमर,अलि,इन्दिन्दिर,चञ्चरीक,रोलम्ब,बम्भर,शिलीमुख",,
मधुलिह,पुं।,भ्रमरः,,,द्रव्यम्,पृथ्वी,चलसजीवः,मनुष्येतरः,जन्तुः,कीटः,"मधुव्रत,मधुकर,मधुलिह,मधुप,अलिन्,द्विरेफ,पुष्पलिह्,भृङ्ग,षट्पद,भ्रमर,अलि,इन्दिन्दिर,चञ्चरीक,रोलम्ब,बम्भर,शिलीमुख",,
मधुप,पुं।,भ्रमरः,,,द्रव्यम्,पृथ्वी,चलसजीवः,मनुष्येतरः,जन्तुः,कीटः,"मधुव्रत,मधुकर,मधुलिह,मधुप,अलिन्,द्विरेफ,पुष्पलिह्,भृङ्ग,षट्पद,भ्रमर,अलि,इन्दिन्दिर,चञ्चरीक,रोलम्ब,बम्भर,शिलीमुख",,
अलिन्,पुं।,भ्रमरः,,,द्रव्यम्,पृथ्वी,चलसजीवः,मनुष्येतरः,जन्तुः,कीटः,"मधुव्रत,मधुकर,मधुलिह,मधुप,अलिन्,द्विरेफ,पुष्पलिह्,भृङ्ग,षट्पद,भ्रमर,अलि,इन्दिन्दिर,चञ्चरीक,रोलम्ब,बम्भर,शिलीमुख",,
द्विरेफ,पुं।,भ्रमरः,,,द्रव्यम्,पृथ्वी,चलसजीवः,मनुष्येतरः,जन्तुः,कीटः,"मधुव्रत,मधुकर,मधुलिह,मधुप,अलिन्,द्विरेफ,पुष्पलिह्,भृङ्ग,षट्पद,भ्रमर,अलि,इन्दिन्दिर,चञ्चरीक,रोलम्ब,बम्भर,शिलीमुख",,
पुष्पलिह्,पुं।,भ्रमरः,,,द्रव्यम्,पृथ्वी,चलसजीवः,मनुष्येतरः,जन्तुः,कीटः,"मधुव्रत,मधुकर,मधुलिह,मधुप,अलिन्,द्विरेफ,पुष्पलिह्,भृङ्ग,षट्पद,भ्रमर,अलि,इन्दिन्दिर,चञ्चरीक,रोलम्ब,बम्भर,शिलीमुख",,
भृङ्ग,पुं।,भ्रमरः,,,द्रव्यम्,पृथ्वी,चलसजीवः,मनुष्येतरः,जन्तुः,कीटः,"मधुव्रत,मधुकर,मधुलिह,मधुप,अलिन्,द्विरेफ,पुष्पलिह्,भृङ्ग,षट्पद,भ्रमर,अलि,इन्दिन्दिर,चञ्चरीक,रोलम्ब,बम्भर,शिलीमुख",,
षट्पद,पुं।,भ्रमरः,,,द्रव्यम्,पृथ्वी,चलसजीवः,मनुष्येतरः,जन्तुः,कीटः,"मधुव्रत,मधुकर,मधुलिह,मधुप,अलिन्,द्विरेफ,पुष्पलिह्,भृङ्ग,षट्पद,भ्रमर,अलि,इन्दिन्दिर,चञ्चरीक,रोलम्ब,बम्भर,शिलीमुख",,
भ्रमर,पुं।,भ्रमरः,,,द्रव्यम्,पृथ्वी,चलसजीवः,मनुष्येतरः,जन्तुः,कीटः,"मधुव्रत,मधुकर,मधुलिह,मधुप,अलिन्,द्विरेफ,पुष्पलिह्,भृङ्ग,षट्पद,भ्रमर,अलि,इन्दिन्दिर,चञ्चरीक,रोलम्ब,बम्भर,शिलीमुख",,
अलि,पुं।,भ्रमरः,,,द्रव्यम्,पृथ्वी,चलसजीवः,मनुष्येतरः,जन्तुः,कीटः,"मधुव्रत,मधुकर,मधुलिह,मधुप,अलिन्,द्विरेफ,पुष्पलिह्,भृङ्ग,षट्पद,भ्रमर,अलि,इन्दिन्दिर,चञ्चरीक,रोलम्ब,बम्भर,शिलीमुख",,
इन्दिन्दिर,पुं।,भ्रमरः,,,द्रव्यम्,पृथ्वी,चलसजीवः,मनुष्येतरः,जन्तुः,कीटः,"मधुव्रत,मधुकर,मधुलिह,मधुप,अलिन्,द्विरेफ,पुष्पलिह्,भृङ्ग,षट्पद,भ्रमर,अलि,इन्दिन्दिर,चञ्चरीक,रोलम्ब,बम्भर,शिलीमुख",,
चञ्चरीक,पुं।,भ्रमरः,,,द्रव्यम्,पृथ्वी,चलसजीवः,मनुष्येतरः,जन्तुः,कीटः,"मधुव्रत,मधुकर,मधुलिह,मधुप,अलिन्,द्विरेफ,पुष्पलिह्,भृङ्ग,षट्पद,भ्रमर,अलि,इन्दिन्दिर,चञ्चरीक,रोलम्ब,बम्भर,शिलीमुख",,
रोलम्ब,पुं।,भ्रमरः,,,द्रव्यम्,पृथ्वी,चलसजीवः,मनुष्येतरः,जन्तुः,कीटः,"मधुव्रत,मधुकर,मधुलिह,मधुप,अलिन्,द्विरेफ,पुष्पलिह्,भृङ्ग,षट्पद,भ्रमर,अलि,इन्दिन्दिर,चञ्चरीक,रोलम्ब,बम्भर,शिलीमुख",,
बम्भर,पुं।,भ्रमरः,,,द्रव्यम्,पृथ्वी,चलसजीवः,मनुष्येतरः,जन्तुः,कीटः,"मधुव्रत,मधुकर,मधुलिह,मधुप,अलिन्,द्विरेफ,पुष्पलिह्,भृङ्ग,षट्पद,भ्रमर,अलि,इन्दिन्दिर,चञ्चरीक,रोलम्ब,बम्भर,शिलीमुख",,
मयूर,पुं।,मयूरः,,,द्रव्यम्,पृथ्वी,चलसजीवः,मनुष्येतरः,जन्तुः,पक्षी,"मयूर,बर्हिण,बर्हिन्,नीलकण्ठ,भुजङ्गभुज्,शिखावल,शिखिन्,केकिन्,मेघनादानुलासिन्,अहिभुज","मयूरवाणिः,मयूरशिखा,मयूरपिच्छः,मयूरवाणिः",
बर्हिण,पुं।,मयूरः,,,द्रव्यम्,पृथ्वी,चलसजीवः,मनुष्येतरः,जन्तुः,पक्षी,"मयूर,बर्हिण,बर्हिन्,नीलकण्ठ,भुजङ्गभुज्,शिखावल,शिखिन्,केकिन्,मेघनादानुलासिन्,अहिभुज","मयूरवाणिः,मयूरशिखा,मयूरपिच्छः,मयूरवाणिः",
बर्हिन्,पुं।,मयूरः,,,द्रव्यम्,पृथ्वी,चलसजीवः,मनुष्येतरः,जन्तुः,पक्षी,"मयूर,बर्हिण,बर्हिन्,नीलकण्ठ,भुजङ्गभुज्,शिखावल,शिखिन्,केकिन्,मेघनादानुलासिन्,अहिभुज","मयूरवाणिः,मयूरशिखा,मयूरपिच्छः,मयूरवाणिः",
नीलकण्ठ,पुं।,मयूरः,,,द्रव्यम्,पृथ्वी,चलसजीवः,मनुष्येतरः,जन्तुः,पक्षी,"मयूर,बर्हिण,बर्हिन्,नीलकण्ठ,भुजङ्गभुज्,शिखावल,शिखिन्,केकिन्,मेघनादानुलासिन्,अहिभुज","मयूरवाणिः,मयूरशिखा,मयूरपिच्छः,मयूरवाणिः",
भुजङ्गभुज्,पुं।,मयूरः,,,द्रव्यम्,पृथ्वी,चलसजीवः,मनुष्येतरः,जन्तुः,पक्षी,"मयूर,बर्हिण,बर्हिन्,नीलकण्ठ,भुजङ्गभुज्,शिखावल,शिखिन्,केकिन्,मेघनादानुलासिन्,अहिभुज","मयूरवाणिः,मयूरशिखा,मयूरपिच्छः,मयूरवाणिः",
शिखावल,पुं।,मयूरः,,,द्रव्यम्,पृथ्वी,चलसजीवः,मनुष्येतरः,जन्तुः,पक्षी,"मयूर,बर्हिण,बर्हिन्,नीलकण्ठ,भुजङ्गभुज्,शिखावल,शिखिन्,केकिन्,मेघनादानुलासिन्,अहिभुज","मयूरवाणिः,मयूरशिखा,मयूरपिच्छः,मयूरवाणिः",
शिखिन्,पुं।,मयूरः,,,द्रव्यम्,पृथ्वी,चलसजीवः,मनुष्येतरः,जन्तुः,पक्षी,"मयूर,बर्हिण,बर्हिन्,नीलकण्ठ,भुजङ्गभुज्,शिखावल,शिखिन्,केकिन्,मेघनादानुलासिन्,अहिभुज","मयूरवाणिः,मयूरशिखा,मयूरपिच्छः,मयूरवाणिः",
केकिन्,पुं।,मयूरः,,,द्रव्यम्,पृथ्वी,चलसजीवः,मनुष्येतरः,जन्तुः,पक्षी,"मयूर,बर्हिण,बर्हिन्,नीलकण्ठ,भुजङ्गभुज्,शिखावल,शिखिन्,केकिन्,मेघनादानुलासिन्,अहिभुज","मयूरवाणिः,मयूरशिखा,मयूरपिच्छः,मयूरवाणिः",
मेघनादानुलासिन्,पुं।,मयूरः,,,द्रव्यम्,पृथ्वी,चलसजीवः,मनुष्येतरः,जन्तुः,पक्षी,"मयूर,बर्हिण,बर्हिन्,नीलकण्ठ,भुजङ्गभुज्,शिखावल,शिखिन्,केकिन्,मेघनादानुलासिन्,अहिभुज","मयूरवाणिः,मयूरशिखा,मयूरपिच्छः,मयूरवाणिः",
केका,स्त्री।,मयूरवाणिः,,,गुणः,शब्दः,,,,,केका,मयूरः,
चन्द्रक,पुं।,पिच्छस्थचन्द्राकृतिः,,चिह्नम्,,,,,,,"चन्द्रक,मेचक",मयूरपिच्छः,
मेचक,पुं।,पिच्छस्थचन्द्राकृतिः,,चिह्नम्,,,,,,,"चन्द्रक,मेचक",मयूरपिच्छः,
शिखा,स्त्री।,मयूरशिखा,,अवयवः,,,,,,,"शिखा,चूडा",,
चूडा,स्त्री।,मयूरशिखा,,अवयवः,,,,,,,"शिखा,चूडा",,
शिखण्ड,पुं।,मयूरपिच्छः,,अवयवः,,,,,,,"शिखण्ड,पिच्छबर्ह,कलाप","पिच्छस्थचन्द्राकृतिः,पिच्छस्थचन्द्राकृतिः",
पिच्छबर्ह,नपुं।,मयूरपिच्छः,,अवयवः,,,,,,,"शिखण्ड,पिच्छबर्ह,कलाप","पिच्छस्थचन्द्राकृतिः,पिच्छस्थचन्द्राकृतिः",
खग,पुं।,पक्षी,,,द्रव्यम्,पृथ्वी,चलसजीवः,मनुष्येतरः,जन्तुः,पक्षी,"खग,विहङ्ग,विहग,विहङ्गम,विहायस्,शकुन्ति,पक्षिन्,शकुनि,शकुन्त,शकुन,द्विज,पतत्रिन्,पत्रिन्,पतग,पतत्,पत्ररथ,अण्डज,नगौकस्,वाजिन्,विकिर,वि,विष्किर,पतत्रि,नीडोद्भव,गरुत्मत्,पित्सन्त्,नभसङ्गम,पतङ्ग,वयस्","पक्षिपक्षः,पक्षमूलम्,अण्डम्,पक्षिशब्दः,पक्षिगतिविशेषः,पक्षीणां_हन्ता","गरुडः,कपोतः,श्येनः,उलूकः,भरद्वाजपक्षी,खञ्जनः,कङ्कः,चाषः,भृङ्गः,काष्ठकुट्टः,चातकपक्षी,कुक्कुटः,चटकः,अशुभवादिपक्षिविशेषः,अशुभपक्षिभेदः,कोकिलः,काकः,कालकण्ठकः,चिल्लः,गृध्रः,शुकः,क्रौञ्चः,बकः,सारसः,चक्रवाकः,कलहंसः,कुररः,हंसः,आडिः,जतुका,तैलपायिका,मयूरः,पक्षिजातिविशेषः,भासः,मत्स्यात्खगः"
विहङ्ग,पुं।,पक्षी,,,द्रव्यम्,पृथ्वी,चलसजीवः,मनुष्येतरः,जन्तुः,पक्षी,"खग,विहङ्ग,विहग,विहङ्गम,विहायस्,शकुन्ति,पक्षिन्,शकुनि,शकुन्त,शकुन,द्विज,पतत्रिन्,पत्रिन्,पतग,पतत्,पत्ररथ,अण्डज,नगौकस्,वाजिन्,विकिर,वि,विष्किर,पतत्रि,नीडोद्भव,गरुत्मत्,पित्सन्त्,नभसङ्गम,पतङ्ग,वयस्","पक्षिपक्षः,पक्षमूलम्,अण्डम्,पक्षिशब्दः,पक्षिगतिविशेषः,पक्षीणां_हन्ता","गरुडः,कपोतः,श्येनः,उलूकः,भरद्वाजपक्षी,खञ्जनः,कङ्कः,चाषः,भृङ्गः,काष्ठकुट्टः,चातकपक्षी,कुक्कुटः,चटकः,अशुभवादिपक्षिविशेषः,अशुभपक्षिभेदः,कोकिलः,काकः,कालकण्ठकः,चिल्लः,गृध्रः,शुकः,क्रौञ्चः,बकः,सारसः,चक्रवाकः,कलहंसः,कुररः,हंसः,आडिः,जतुका,तैलपायिका,मयूरः,पक्षिजातिविशेषः,भासः,मत्स्यात्खगः"
विहग,पुं।,पक्षी,,,द्रव्यम्,पृथ्वी,चलसजीवः,मनुष्येतरः,जन्तुः,पक्षी,"खग,विहङ्ग,विहग,विहङ्गम,विहायस्,शकुन्ति,पक्षिन्,शकुनि,शकुन्त,शकुन,द्विज,पतत्रिन्,पत्रिन्,पतग,पतत्,पत्ररथ,अण्डज,नगौकस्,वाजिन्,विकिर,वि,विष्किर,पतत्रि,नीडोद्भव,गरुत्मत्,पित्सन्त्,नभसङ्गम,पतङ्ग,वयस्","पक्षिपक्षः,पक्षमूलम्,अण्डम्,पक्षिशब्दः,पक्षिगतिविशेषः,पक्षीणां_हन्ता","गरुडः,कपोतः,श्येनः,उलूकः,भरद्वाजपक्षी,खञ्जनः,कङ्कः,चाषः,भृङ्गः,काष्ठकुट्टः,चातकपक्षी,कुक्कुटः,चटकः,अशुभवादिपक्षिविशेषः,अशुभपक्षिभेदः,कोकिलः,काकः,कालकण्ठकः,चिल्लः,गृध्रः,शुकः,क्रौञ्चः,बकः,सारसः,चक्रवाकः,कलहंसः,कुररः,हंसः,आडिः,जतुका,तैलपायिका,मयूरः,पक्षिजातिविशेषः,भासः,मत्स्यात्खगः"
विहङ्गम,पुं।,पक्षी,,,द्रव्यम्,पृथ्वी,चलसजीवः,मनुष्येतरः,जन्तुः,पक्षी,"खग,विहङ्ग,विहग,विहङ्गम,विहायस्,शकुन्ति,पक्षिन्,शकुनि,शकुन्त,शकुन,द्विज,पतत्रिन्,पत्रिन्,पतग,पतत्,पत्ररथ,अण्डज,नगौकस्,वाजिन्,विकिर,वि,विष्किर,पतत्रि,नीडोद्भव,गरुत्मत्,पित्सन्त्,नभसङ्गम,पतङ्ग,वयस्","पक्षिपक्षः,पक्षमूलम्,अण्डम्,पक्षिशब्दः,पक्षिगतिविशेषः,पक्षीणां_हन्ता","गरुडः,कपोतः,श्येनः,उलूकः,भरद्वाजपक्षी,खञ्जनः,कङ्कः,चाषः,भृङ्गः,काष्ठकुट्टः,चातकपक्षी,कुक्कुटः,चटकः,अशुभवादिपक्षिविशेषः,अशुभपक्षिभेदः,कोकिलः,काकः,कालकण्ठकः,चिल्लः,गृध्रः,शुकः,क्रौञ्चः,बकः,सारसः,चक्रवाकः,कलहंसः,कुररः,हंसः,आडिः,जतुका,तैलपायिका,मयूरः,पक्षिजातिविशेषः,भासः,मत्स्यात्खगः"
विहायस्,पुं।,पक्षी,,,द्रव्यम्,पृथ्वी,चलसजीवः,मनुष्येतरः,जन्तुः,पक्षी,"खग,विहङ्ग,विहग,विहङ्गम,विहायस्,शकुन्ति,पक्षिन्,शकुनि,शकुन्त,शकुन,द्विज,पतत्रिन्,पत्रिन्,पतग,पतत्,पत्ररथ,अण्डज,नगौकस्,वाजिन्,विकिर,वि,विष्किर,पतत्रि,नीडोद्भव,गरुत्मत्,पित्सन्त्,नभसङ्गम,पतङ्ग,वयस्","पक्षिपक्षः,पक्षमूलम्,अण्डम्,पक्षिशब्दः,पक्षिगतिविशेषः,पक्षीणां_हन्ता","गरुडः,कपोतः,श्येनः,उलूकः,भरद्वाजपक्षी,खञ्जनः,कङ्कः,चाषः,भृङ्गः,काष्ठकुट्टः,चातकपक्षी,कुक्कुटः,चटकः,अशुभवादिपक्षिविशेषः,अशुभपक्षिभेदः,कोकिलः,काकः,कालकण्ठकः,चिल्लः,गृध्रः,शुकः,क्रौञ्चः,बकः,सारसः,चक्रवाकः,कलहंसः,कुररः,हंसः,आडिः,जतुका,तैलपायिका,मयूरः,पक्षिजातिविशेषः,भासः,मत्स्यात्खगः"
शकुन्ति,पुं।,पक्षी,,,द्रव्यम्,पृथ्वी,चलसजीवः,मनुष्येतरः,जन्तुः,पक्षी,"खग,विहङ्ग,विहग,विहङ्गम,विहायस्,शकुन्ति,पक्षिन्,शकुनि,शकुन्त,शकुन,द्विज,पतत्रिन्,पत्रिन्,पतग,पतत्,पत्ररथ,अण्डज,नगौकस्,वाजिन्,विकिर,वि,विष्किर,पतत्रि,नीडोद्भव,गरुत्मत्,पित्सन्त्,नभसङ्गम,पतङ्ग,वयस्","पक्षिपक्षः,पक्षमूलम्,अण्डम्,पक्षिशब्दः,पक्षिगतिविशेषः,पक्षीणां_हन्ता","गरुडः,कपोतः,श्येनः,उलूकः,भरद्वाजपक्षी,खञ्जनः,कङ्कः,चाषः,भृङ्गः,काष्ठकुट्टः,चातकपक्षी,कुक्कुटः,चटकः,अशुभवादिपक्षिविशेषः,अशुभपक्षिभेदः,कोकिलः,काकः,कालकण्ठकः,चिल्लः,गृध्रः,शुकः,क्रौञ्चः,बकः,सारसः,चक्रवाकः,कलहंसः,कुररः,हंसः,आडिः,जतुका,तैलपायिका,मयूरः,पक्षिजातिविशेषः,भासः,मत्स्यात्खगः"
पक्षिन्,पुं।,पक्षी,,,द्रव्यम्,पृथ्वी,चलसजीवः,मनुष्येतरः,जन्तुः,पक्षी,"खग,विहङ्ग,विहग,विहङ्गम,विहायस्,शकुन्ति,पक्षिन्,शकुनि,शकुन्त,शकुन,द्विज,पतत्रिन्,पत्रिन्,पतग,पतत्,पत्ररथ,अण्डज,नगौकस्,वाजिन्,विकिर,वि,विष्किर,पतत्रि,नीडोद्भव,गरुत्मत्,पित्सन्त्,नभसङ्गम,पतङ्ग,वयस्","पक्षिपक्षः,पक्षमूलम्,अण्डम्,पक्षिशब्दः,पक्षिगतिविशेषः,पक्षीणां_हन्ता","गरुडः,कपोतः,श्येनः,उलूकः,भरद्वाजपक्षी,खञ्जनः,कङ्कः,चाषः,भृङ्गः,काष्ठकुट्टः,चातकपक्षी,कुक्कुटः,चटकः,अशुभवादिपक्षिविशेषः,अशुभपक्षिभेदः,कोकिलः,काकः,कालकण्ठकः,चिल्लः,गृध्रः,शुकः,क्रौञ्चः,बकः,सारसः,चक्रवाकः,कलहंसः,कुररः,हंसः,आडिः,जतुका,तैलपायिका,मयूरः,पक्षिजातिविशेषः,भासः,मत्स्यात्खगः"
शकुनि,पुं।,पक्षी,,,द्रव्यम्,पृथ्वी,चलसजीवः,मनुष्येतरः,जन्तुः,पक्षी,"खग,विहङ्ग,विहग,विहङ्गम,विहायस्,शकुन्ति,पक्षिन्,शकुनि,शकुन्त,शकुन,द्विज,पतत्रिन्,पत्रिन्,पतग,पतत्,पत्ररथ,अण्डज,नगौकस्,वाजिन्,विकिर,वि,विष्किर,पतत्रि,नीडोद्भव,गरुत्मत्,पित्सन्त्,नभसङ्गम,पतङ्ग,वयस्","पक्षिपक्षः,पक्षमूलम्,अण्डम्,पक्षिशब्दः,पक्षिगतिविशेषः,पक्षीणां_हन्ता","गरुडः,कपोतः,श्येनः,उलूकः,भरद्वाजपक्षी,खञ्जनः,कङ्कः,चाषः,भृङ्गः,काष्ठकुट्टः,चातकपक्षी,कुक्कुटः,चटकः,अशुभवादिपक्षिविशेषः,अशुभपक्षिभेदः,कोकिलः,काकः,कालकण्ठकः,चिल्लः,गृध्रः,शुकः,क्रौञ्चः,बकः,सारसः,चक्रवाकः,कलहंसः,कुररः,हंसः,आडिः,जतुका,तैलपायिका,मयूरः,पक्षिजातिविशेषः,भासः,मत्स्यात्खगः"
शकुन्त,पुं।,पक्षी,,,द्रव्यम्,पृथ्वी,चलसजीवः,मनुष्येतरः,जन्तुः,पक्षी,"खग,विहङ्ग,विहग,विहङ्गम,विहायस्,शकुन्ति,पक्षिन्,शकुनि,शकुन्त,शकुन,द्विज,पतत्रिन्,पत्रिन्,पतग,पतत्,पत्ररथ,अण्डज,नगौकस्,वाजिन्,विकिर,वि,विष्किर,पतत्रि,नीडोद्भव,गरुत्मत्,पित्सन्त्,नभसङ्गम,पतङ्ग,वयस्","पक्षिपक्षः,पक्षमूलम्,अण्डम्,पक्षिशब्दः,पक्षिगतिविशेषः,पक्षीणां_हन्ता","गरुडः,कपोतः,श्येनः,उलूकः,भरद्वाजपक्षी,खञ्जनः,कङ्कः,चाषः,भृङ्गः,काष्ठकुट्टः,चातकपक्षी,कुक्कुटः,चटकः,अशुभवादिपक्षिविशेषः,अशुभपक्षिभेदः,कोकिलः,काकः,कालकण्ठकः,चिल्लः,गृध्रः,शुकः,क्रौञ्चः,बकः,सारसः,चक्रवाकः,कलहंसः,कुररः,हंसः,आडिः,जतुका,तैलपायिका,मयूरः,पक्षिजातिविशेषः,भासः,मत्स्यात्खगः"
शकुन,पुं।,पक्षी,,,द्रव्यम्,पृथ्वी,चलसजीवः,मनुष्येतरः,जन्तुः,पक्षी,"खग,विहङ्ग,विहग,विहङ्गम,विहायस्,शकुन्ति,पक्षिन्,शकुनि,शकुन्त,शकुन,द्विज,पतत्रिन्,पत्रिन्,पतग,पतत्,पत्ररथ,अण्डज,नगौकस्,वाजिन्,विकिर,वि,विष्किर,पतत्रि,नीडोद्भव,गरुत्मत्,पित्सन्त्,नभसङ्गम,पतङ्ग,वयस्","पक्षिपक्षः,पक्षमूलम्,अण्डम्,पक्षिशब्दः,पक्षिगतिविशेषः,पक्षीणां_हन्ता","गरुडः,कपोतः,श्येनः,उलूकः,भरद्वाजपक्षी,खञ्जनः,कङ्कः,चाषः,भृङ्गः,काष्ठकुट्टः,चातकपक्षी,कुक्कुटः,चटकः,अशुभवादिपक्षिविशेषः,अशुभपक्षिभेदः,कोकिलः,काकः,कालकण्ठकः,चिल्लः,गृध्रः,शुकः,क्रौञ्चः,बकः,सारसः,चक्रवाकः,कलहंसः,कुररः,हंसः,आडिः,जतुका,तैलपायिका,मयूरः,पक्षिजातिविशेषः,भासः,मत्स्यात्खगः"
द्विज,पुं।,पक्षी,,,द्रव्यम्,पृथ्वी,चलसजीवः,मनुष्येतरः,जन्तुः,पक्षी,"खग,विहङ्ग,विहग,विहङ्गम,विहायस्,शकुन्ति,पक्षिन्,शकुनि,शकुन्त,शकुन,द्विज,पतत्रिन्,पत्रिन्,पतग,पतत्,पत्ररथ,अण्डज,नगौकस्,वाजिन्,विकिर,वि,विष्किर,पतत्रि,नीडोद्भव,गरुत्मत्,पित्सन्त्,नभसङ्गम,पतङ्ग,वयस्","पक्षिपक्षः,पक्षमूलम्,अण्डम्,पक्षिशब्दः,पक्षिगतिविशेषः,पक्षीणां_हन्ता","गरुडः,कपोतः,श्येनः,उलूकः,भरद्वाजपक्षी,खञ्जनः,कङ्कः,चाषः,भृङ्गः,काष्ठकुट्टः,चातकपक्षी,कुक्कुटः,चटकः,अशुभवादिपक्षिविशेषः,अशुभपक्षिभेदः,कोकिलः,काकः,कालकण्ठकः,चिल्लः,गृध्रः,शुकः,क्रौञ्चः,बकः,सारसः,चक्रवाकः,कलहंसः,कुररः,हंसः,आडिः,जतुका,तैलपायिका,मयूरः,पक्षिजातिविशेषः,भासः,मत्स्यात्खगः"
पतत्रिन्,पुं।,पक्षी,,,द्रव्यम्,पृथ्वी,चलसजीवः,मनुष्येतरः,जन्तुः,पक्षी,"खग,विहङ्ग,विहग,विहङ्गम,विहायस्,शकुन्ति,पक्षिन्,शकुनि,शकुन्त,शकुन,द्विज,पतत्रिन्,पत्रिन्,पतग,पतत्,पत्ररथ,अण्डज,नगौकस्,वाजिन्,विकिर,वि,विष्किर,पतत्रि,नीडोद्भव,गरुत्मत्,पित्सन्त्,नभसङ्गम,पतङ्ग,वयस्","पक्षिपक्षः,पक्षमूलम्,अण्डम्,पक्षिशब्दः,पक्षिगतिविशेषः,पक्षीणां_हन्ता","गरुडः,कपोतः,श्येनः,उलूकः,भरद्वाजपक्षी,खञ्जनः,कङ्कः,चाषः,भृङ्गः,काष्ठकुट्टः,चातकपक्षी,कुक्कुटः,चटकः,अशुभवादिपक्षिविशेषः,अशुभपक्षिभेदः,कोकिलः,काकः,कालकण्ठकः,चिल्लः,गृध्रः,शुकः,क्रौञ्चः,बकः,सारसः,चक्रवाकः,कलहंसः,कुररः,हंसः,आडिः,जतुका,तैलपायिका,मयूरः,पक्षिजातिविशेषः,भासः,मत्स्यात्खगः"
पत्रिन्,पुं।,पक्षी,,,द्रव्यम्,पृथ्वी,चलसजीवः,मनुष्येतरः,जन्तुः,पक्षी,"खग,विहङ्ग,विहग,विहङ्गम,विहायस्,शकुन्ति,पक्षिन्,शकुनि,शकुन्त,शकुन,द्विज,पतत्रिन्,पत्रिन्,पतग,पतत्,पत्ररथ,अण्डज,नगौकस्,वाजिन्,विकिर,वि,विष्किर,पतत्रि,नीडोद्भव,गरुत्मत्,पित्सन्त्,नभसङ्गम,पतङ्ग,वयस्","पक्षिपक्षः,पक्षमूलम्,अण्डम्,पक्षिशब्दः,पक्षिगतिविशेषः,पक्षीणां_हन्ता","गरुडः,कपोतः,श्येनः,उलूकः,भरद्वाजपक्षी,खञ्जनः,कङ्कः,चाषः,भृङ्गः,काष्ठकुट्टः,चातकपक्षी,कुक्कुटः,चटकः,अशुभवादिपक्षिविशेषः,अशुभपक्षिभेदः,कोकिलः,काकः,कालकण्ठकः,चिल्लः,गृध्रः,शुकः,क्रौञ्चः,बकः,सारसः,चक्रवाकः,कलहंसः,कुररः,हंसः,आडिः,जतुका,तैलपायिका,मयूरः,पक्षिजातिविशेषः,भासः,मत्स्यात्खगः"
पतग,पुं।,पक्षी,,,द्रव्यम्,पृथ्वी,चलसजीवः,मनुष्येतरः,जन्तुः,पक्षी,"खग,विहङ्ग,विहग,विहङ्गम,विहायस्,शकुन्ति,पक्षिन्,शकुनि,शकुन्त,शकुन,द्विज,पतत्रिन्,पत्रिन्,पतग,पतत्,पत्ररथ,अण्डज,नगौकस्,वाजिन्,विकिर,वि,विष्किर,पतत्रि,नीडोद्भव,गरुत्मत्,पित्सन्त्,नभसङ्गम,पतङ्ग,वयस्","पक्षिपक्षः,पक्षमूलम्,अण्डम्,पक्षिशब्दः,पक्षिगतिविशेषः,पक्षीणां_हन्ता","गरुडः,कपोतः,श्येनः,उलूकः,भरद्वाजपक्षी,खञ्जनः,कङ्कः,चाषः,भृङ्गः,काष्ठकुट्टः,चातकपक्षी,कुक्कुटः,चटकः,अशुभवादिपक्षिविशेषः,अशुभपक्षिभेदः,कोकिलः,काकः,कालकण्ठकः,चिल्लः,गृध्रः,शुकः,क्रौञ्चः,बकः,सारसः,चक्रवाकः,कलहंसः,कुररः,हंसः,आडिः,जतुका,तैलपायिका,मयूरः,पक्षिजातिविशेषः,भासः,मत्स्यात्खगः"
पतत्,पुं।,पक्षी,,,द्रव्यम्,पृथ्वी,चलसजीवः,मनुष्येतरः,जन्तुः,पक्षी,"खग,विहङ्ग,विहग,विहङ्गम,विहायस्,शकुन्ति,पक्षिन्,शकुनि,शकुन्त,शकुन,द्विज,पतत्रिन्,पत्रिन्,पतग,पतत्,पत्ररथ,अण्डज,नगौकस्,वाजिन्,विकिर,वि,विष्किर,पतत्रि,नीडोद्भव,गरुत्मत्,पित्सन्त्,नभसङ्गम,पतङ्ग,वयस्","पक्षिपक्षः,पक्षमूलम्,अण्डम्,पक्षिशब्दः,पक्षिगतिविशेषः,पक्षीणां_हन्ता","गरुडः,कपोतः,श्येनः,उलूकः,भरद्वाजपक्षी,खञ्जनः,कङ्कः,चाषः,भृङ्गः,काष्ठकुट्टः,चातकपक्षी,कुक्कुटः,चटकः,अशुभवादिपक्षिविशेषः,अशुभपक्षिभेदः,कोकिलः,काकः,कालकण्ठकः,चिल्लः,गृध्रः,शुकः,क्रौञ्चः,बकः,सारसः,चक्रवाकः,कलहंसः,कुररः,हंसः,आडिः,जतुका,तैलपायिका,मयूरः,पक्षिजातिविशेषः,भासः,मत्स्यात्खगः"
पत्ररथ,पुं।,पक्षी,,,द्रव्यम्,पृथ्वी,चलसजीवः,मनुष्येतरः,जन्तुः,पक्षी,"खग,विहङ्ग,विहग,विहङ्गम,विहायस्,शकुन्ति,पक्षिन्,शकुनि,शकुन्त,शकुन,द्विज,पतत्रिन्,पत्रिन्,पतग,पतत्,पत्ररथ,अण्डज,नगौकस्,वाजिन्,विकिर,वि,विष्किर,पतत्रि,नीडोद्भव,गरुत्मत्,पित्सन्त्,नभसङ्गम,पतङ्ग,वयस्","पक्षिपक्षः,पक्षमूलम्,अण्डम्,पक्षिशब्दः,पक्षिगतिविशेषः,पक्षीणां_हन्ता","गरुडः,कपोतः,श्येनः,उलूकः,भरद्वाजपक्षी,खञ्जनः,कङ्कः,चाषः,भृङ्गः,काष्ठकुट्टः,चातकपक्षी,कुक्कुटः,चटकः,अशुभवादिपक्षिविशेषः,अशुभपक्षिभेदः,कोकिलः,काकः,कालकण्ठकः,चिल्लः,गृध्रः,शुकः,क्रौञ्चः,बकः,सारसः,चक्रवाकः,कलहंसः,कुररः,हंसः,आडिः,जतुका,तैलपायिका,मयूरः,पक्षिजातिविशेषः,भासः,मत्स्यात्खगः"
अण्डज,पुं।,पक्षी,,,द्रव्यम्,पृथ्वी,चलसजीवः,मनुष्येतरः,जन्तुः,पक्षी,"खग,विहङ्ग,विहग,विहङ्गम,विहायस्,शकुन्ति,पक्षिन्,शकुनि,शकुन्त,शकुन,द्विज,पतत्रिन्,पत्रिन्,पतग,पतत्,पत्ररथ,अण्डज,नगौकस्,वाजिन्,विकिर,वि,विष्किर,पतत्रि,नीडोद्भव,गरुत्मत्,पित्सन्त्,नभसङ्गम,पतङ्ग,वयस्","पक्षिपक्षः,पक्षमूलम्,अण्डम्,पक्षिशब्दः,पक्षिगतिविशेषः,पक्षीणां_हन्ता","गरुडः,कपोतः,श्येनः,उलूकः,भरद्वाजपक्षी,खञ्जनः,कङ्कः,चाषः,भृङ्गः,काष्ठकुट्टः,चातकपक्षी,कुक्कुटः,चटकः,अशुभवादिपक्षिविशेषः,अशुभपक्षिभेदः,कोकिलः,काकः,कालकण्ठकः,चिल्लः,गृध्रः,शुकः,क्रौञ्चः,बकः,सारसः,चक्रवाकः,कलहंसः,कुररः,हंसः,आडिः,जतुका,तैलपायिका,मयूरः,पक्षिजातिविशेषः,भासः,मत्स्यात्खगः"
नगौकस्,पुं।,पक्षी,,,द्रव्यम्,पृथ्वी,चलसजीवः,मनुष्येतरः,जन्तुः,पक्षी,"खग,विहङ्ग,विहग,विहङ्गम,विहायस्,शकुन्ति,पक्षिन्,शकुनि,शकुन्त,शकुन,द्विज,पतत्रिन्,पत्रिन्,पतग,पतत्,पत्ररथ,अण्डज,नगौकस्,वाजिन्,विकिर,वि,विष्किर,पतत्रि,नीडोद्भव,गरुत्मत्,पित्सन्त्,नभसङ्गम,पतङ्ग,वयस्","पक्षिपक्षः,पक्षमूलम्,अण्डम्,पक्षिशब्दः,पक्षिगतिविशेषः,पक्षीणां_हन्ता","गरुडः,कपोतः,श्येनः,उलूकः,भरद्वाजपक्षी,खञ्जनः,कङ्कः,चाषः,भृङ्गः,काष्ठकुट्टः,चातकपक्षी,कुक्कुटः,चटकः,अशुभवादिपक्षिविशेषः,अशुभपक्षिभेदः,कोकिलः,काकः,कालकण्ठकः,चिल्लः,गृध्रः,शुकः,क्रौञ्चः,बकः,सारसः,चक्रवाकः,कलहंसः,कुररः,हंसः,आडिः,जतुका,तैलपायिका,मयूरः,पक्षिजातिविशेषः,भासः,मत्स्यात्खगः"
वाजिन्,पुं।,पक्षी,,,द्रव्यम्,पृथ्वी,चलसजीवः,मनुष्येतरः,जन्तुः,पक्षी,"खग,विहङ्ग,विहग,विहङ्गम,विहायस्,शकुन्ति,पक्षिन्,शकुनि,शकुन्त,शकुन,द्विज,पतत्रिन्,पत्रिन्,पतग,पतत्,पत्ररथ,अण्डज,नगौकस्,वाजिन्,विकिर,वि,विष्किर,पतत्रि,नीडोद्भव,गरुत्मत्,पित्सन्त्,नभसङ्गम,पतङ्ग,वयस्","पक्षिपक्षः,पक्षमूलम्,अण्डम्,पक्षिशब्दः,पक्षिगतिविशेषः,पक्षीणां_हन्ता","गरुडः,कपोतः,श्येनः,उलूकः,भरद्वाजपक्षी,खञ्जनः,कङ्कः,चाषः,भृङ्गः,काष्ठकुट्टः,चातकपक्षी,कुक्कुटः,चटकः,अशुभवादिपक्षिविशेषः,अशुभपक्षिभेदः,कोकिलः,काकः,कालकण्ठकः,चिल्लः,गृध्रः,शुकः,क्रौञ्चः,बकः,सारसः,चक्रवाकः,कलहंसः,कुररः,हंसः,आडिः,जतुका,तैलपायिका,मयूरः,पक्षिजातिविशेषः,भासः,मत्स्यात्खगः"
विकिर,पुं।,पक्षी,,,द्रव्यम्,पृथ्वी,चलसजीवः,मनुष्येतरः,जन्तुः,पक्षी,"खग,विहङ्ग,विहग,विहङ्गम,विहायस्,शकुन्ति,पक्षिन्,शकुनि,शकुन्त,शकुन,द्विज,पतत्रिन्,पत्रिन्,पतग,पतत्,पत्ररथ,अण्डज,नगौकस्,वाजिन्,विकिर,वि,विष्किर,पतत्रि,नीडोद्भव,गरुत्मत्,पित्सन्त्,नभसङ्गम,पतङ्ग,वयस्","पक्षिपक्षः,पक्षमूलम्,अण्डम्,पक्षिशब्दः,पक्षिगतिविशेषः,पक्षीणां_हन्ता","गरुडः,कपोतः,श्येनः,उलूकः,भरद्वाजपक्षी,खञ्जनः,कङ्कः,चाषः,भृङ्गः,काष्ठकुट्टः,चातकपक्षी,कुक्कुटः,चटकः,अशुभवादिपक्षिविशेषः,अशुभपक्षिभेदः,कोकिलः,काकः,कालकण्ठकः,चिल्लः,गृध्रः,शुकः,क्रौञ्चः,बकः,सारसः,चक्रवाकः,कलहंसः,कुररः,हंसः,आडिः,जतुका,तैलपायिका,मयूरः,पक्षिजातिविशेषः,भासः,मत्स्यात्खगः"
वि,पुं।,पक्षी,,,द्रव्यम्,पृथ्वी,चलसजीवः,मनुष्येतरः,जन्तुः,पक्षी,"खग,विहङ्ग,विहग,विहङ्गम,विहायस्,शकुन्ति,पक्षिन्,शकुनि,शकुन्त,शकुन,द्विज,पतत्रिन्,पत्रिन्,पतग,पतत्,पत्ररथ,अण्डज,नगौकस्,वाजिन्,विकिर,वि,विष्किर,पतत्रि,नीडोद्भव,गरुत्मत्,पित्सन्त्,नभसङ्गम,पतङ्ग,वयस्","पक्षिपक्षः,पक्षमूलम्,अण्डम्,पक्षिशब्दः,पक्षिगतिविशेषः,पक्षीणां_हन्ता","गरुडः,कपोतः,श्येनः,उलूकः,भरद्वाजपक्षी,खञ्जनः,कङ्कः,चाषः,भृङ्गः,काष्ठकुट्टः,चातकपक्षी,कुक्कुटः,चटकः,अशुभवादिपक्षिविशेषः,अशुभपक्षिभेदः,कोकिलः,काकः,कालकण्ठकः,चिल्लः,गृध्रः,शुकः,क्रौञ्चः,बकः,सारसः,चक्रवाकः,कलहंसः,कुररः,हंसः,आडिः,जतुका,तैलपायिका,मयूरः,पक्षिजातिविशेषः,भासः,मत्स्यात्खगः"
विष्किर,पुं।,पक्षी,,,द्रव्यम्,पृथ्वी,चलसजीवः,मनुष्येतरः,जन्तुः,पक्षी,"खग,विहङ्ग,विहग,विहङ्गम,विहायस्,शकुन्ति,पक्षिन्,शकुनि,शकुन्त,शकुन,द्विज,पतत्रिन्,पत्रिन्,पतग,पतत्,पत्ररथ,अण्डज,नगौकस्,वाजिन्,विकिर,वि,विष्किर,पतत्रि,नीडोद्भव,गरुत्मत्,पित्सन्त्,नभसङ्गम,पतङ्ग,वयस्","पक्षिपक्षः,पक्षमूलम्,अण्डम्,पक्षिशब्दः,पक्षिगतिविशेषः,पक्षीणां_हन्ता","गरुडः,कपोतः,श्येनः,उलूकः,भरद्वाजपक्षी,खञ्जनः,कङ्कः,चाषः,भृङ्गः,काष्ठकुट्टः,चातकपक्षी,कुक्कुटः,चटकः,अशुभवादिपक्षिविशेषः,अशुभपक्षिभेदः,कोकिलः,काकः,कालकण्ठकः,चिल्लः,गृध्रः,शुकः,क्रौञ्चः,बकः,सारसः,चक्रवाकः,कलहंसः,कुररः,हंसः,आडिः,जतुका,तैलपायिका,मयूरः,पक्षिजातिविशेषः,भासः,मत्स्यात्खगः"
पतत्रि,पुं।,पक्षी,,,द्रव्यम्,पृथ्वी,चलसजीवः,मनुष्येतरः,जन्तुः,पक्षी,"खग,विहङ्ग,विहग,विहङ्गम,विहायस्,शकुन्ति,पक्षिन्,शकुनि,शकुन्त,शकुन,द्विज,पतत्रिन्,पत्रिन्,पतग,पतत्,पत्ररथ,अण्डज,नगौकस्,वाजिन्,विकिर,वि,विष्किर,पतत्रि,नीडोद्भव,गरुत्मत्,पित्सन्त्,नभसङ्गम,पतङ्ग,वयस्","पक्षिपक्षः,पक्षमूलम्,अण्डम्,पक्षिशब्दः,पक्षिगतिविशेषः,पक्षीणां_हन्ता","गरुडः,कपोतः,श्येनः,उलूकः,भरद्वाजपक्षी,खञ्जनः,कङ्कः,चाषः,भृङ्गः,काष्ठकुट्टः,चातकपक्षी,कुक्कुटः,चटकः,अशुभवादिपक्षिविशेषः,अशुभपक्षिभेदः,कोकिलः,काकः,कालकण्ठकः,चिल्लः,गृध्रः,शुकः,क्रौञ्चः,बकः,सारसः,चक्रवाकः,कलहंसः,कुररः,हंसः,आडिः,जतुका,तैलपायिका,मयूरः,पक्षिजातिविशेषः,भासः,मत्स्यात्खगः"
नीडोद्भव,पुं।,पक्षी,,,द्रव्यम्,पृथ्वी,चलसजीवः,मनुष्येतरः,जन्तुः,पक्षी,"खग,विहङ्ग,विहग,विहङ्गम,विहायस्,शकुन्ति,पक्षिन्,शकुनि,शकुन्त,शकुन,द्विज,पतत्रिन्,पत्रिन्,पतग,पतत्,पत्ररथ,अण्डज,नगौकस्,वाजिन्,विकिर,वि,विष्किर,पतत्रि,नीडोद्भव,गरुत्मत्,पित्सन्त्,नभसङ्गम,पतङ्ग,वयस्","पक्षिपक्षः,पक्षमूलम्,अण्डम्,पक्षिशब्दः,पक्षिगतिविशेषः,पक्षीणां_हन्ता","गरुडः,कपोतः,श्येनः,उलूकः,भरद्वाजपक्षी,खञ्जनः,कङ्कः,चाषः,भृङ्गः,काष्ठकुट्टः,चातकपक्षी,कुक्कुटः,चटकः,अशुभवादिपक्षिविशेषः,अशुभपक्षिभेदः,कोकिलः,काकः,कालकण्ठकः,चिल्लः,गृध्रः,शुकः,क्रौञ्चः,बकः,सारसः,चक्रवाकः,कलहंसः,कुररः,हंसः,आडिः,जतुका,तैलपायिका,मयूरः,पक्षिजातिविशेषः,भासः,मत्स्यात्खगः"
गरुत्मत्,पुं।,पक्षी,,,द्रव्यम्,पृथ्वी,चलसजीवः,मनुष्येतरः,जन्तुः,पक्षी,"खग,विहङ्ग,विहग,विहङ्गम,विहायस्,शकुन्ति,पक्षिन्,शकुनि,शकुन्त,शकुन,द्विज,पतत्रिन्,पत्रिन्,पतग,पतत्,पत्ररथ,अण्डज,नगौकस्,वाजिन्,विकिर,वि,विष्किर,पतत्रि,नीडोद्भव,गरुत्मत्,पित्सन्त्,नभसङ्गम,पतङ्ग,वयस्","पक्षिपक्षः,पक्षमूलम्,अण्डम्,पक्षिशब्दः,पक्षिगतिविशेषः,पक्षीणां_हन्ता","गरुडः,कपोतः,श्येनः,उलूकः,भरद्वाजपक्षी,खञ्जनः,कङ्कः,चाषः,भृङ्गः,काष्ठकुट्टः,चातकपक्षी,कुक्कुटः,चटकः,अशुभवादिपक्षिविशेषः,अशुभपक्षिभेदः,कोकिलः,काकः,कालकण्ठकः,चिल्लः,गृध्रः,शुकः,क्रौञ्चः,बकः,सारसः,चक्रवाकः,कलहंसः,कुररः,हंसः,आडिः,जतुका,तैलपायिका,मयूरः,पक्षिजातिविशेषः,भासः,मत्स्यात्खगः"
पित्सन्त्,पुं।,पक्षी,,,द्रव्यम्,पृथ्वी,चलसजीवः,मनुष्येतरः,जन्तुः,पक्षी,"खग,विहङ्ग,विहग,विहङ्गम,विहायस्,शकुन्ति,पक्षिन्,शकुनि,शकुन्त,शकुन,द्विज,पतत्रिन्,पत्रिन्,पतग,पतत्,पत्ररथ,अण्डज,नगौकस्,वाजिन्,विकिर,वि,विष्किर,पतत्रि,नीडोद्भव,गरुत्मत्,पित्सन्त्,नभसङ्गम,पतङ्ग,वयस्","पक्षिपक्षः,पक्षमूलम्,अण्डम्,पक्षिशब्दः,पक्षिगतिविशेषः,पक्षीणां_हन्ता","गरुडः,कपोतः,श्येनः,उलूकः,भरद्वाजपक्षी,खञ्जनः,कङ्कः,चाषः,भृङ्गः,काष्ठकुट्टः,चातकपक्षी,कुक्कुटः,चटकः,अशुभवादिपक्षिविशेषः,अशुभपक्षिभेदः,कोकिलः,काकः,कालकण्ठकः,चिल्लः,गृध्रः,शुकः,क्रौञ्चः,बकः,सारसः,चक्रवाकः,कलहंसः,कुररः,हंसः,आडिः,जतुका,तैलपायिका,मयूरः,पक्षिजातिविशेषः,भासः,मत्स्यात्खगः"
नभसङ्गम,पुं।,पक्षी,,,द्रव्यम्,पृथ्वी,चलसजीवः,मनुष्येतरः,जन्तुः,पक्षी,"खग,विहङ्ग,विहग,विहङ्गम,विहायस्,शकुन्ति,पक्षिन्,शकुनि,शकुन्त,शकुन,द्विज,पतत्रिन्,पत्रिन्,पतग,पतत्,पत्ररथ,अण्डज,नगौकस्,वाजिन्,विकिर,वि,विष्किर,पतत्रि,नीडोद्भव,गरुत्मत्,पित्सन्त्,नभसङ्गम,पतङ्ग,वयस्","पक्षिपक्षः,पक्षमूलम्,अण्डम्,पक्षिशब्दः,पक्षिगतिविशेषः,पक्षीणां_हन्ता","गरुडः,कपोतः,श्येनः,उलूकः,भरद्वाजपक्षी,खञ्जनः,कङ्कः,चाषः,भृङ्गः,काष्ठकुट्टः,चातकपक्षी,कुक्कुटः,चटकः,अशुभवादिपक्षिविशेषः,अशुभपक्षिभेदः,कोकिलः,काकः,कालकण्ठकः,चिल्लः,गृध्रः,शुकः,क्रौञ्चः,बकः,सारसः,चक्रवाकः,कलहंसः,कुररः,हंसः,आडिः,जतुका,तैलपायिका,मयूरः,पक्षिजातिविशेषः,भासः,मत्स्यात्खगः"
हारीत,पुं।,पक्षिजातिविशेषः,,,द्रव्यम्,पृथ्वी,चलसजीवः,मनुष्येतरः,जन्तुः,पक्षी,"हारीत,मद्गु,कारण्डव,प्लव,तित्तिरि,कुक्कुभ,लाव,जीवञ्जीव,कोरक,कोयष्टिक,टिट्टिभक,वर्तक,वर्तिक",,
मद्गु,पुं।,पक्षिजातिविशेषः,,,द्रव्यम्,पृथ्वी,चलसजीवः,मनुष्येतरः,जन्तुः,पक्षी,"हारीत,मद्गु,कारण्डव,प्लव,तित्तिरि,कुक्कुभ,लाव,जीवञ्जीव,कोरक,कोयष्टिक,टिट्टिभक,वर्तक,वर्तिक",,
कारण्डव,पुं।,पक्षिजातिविशेषः,,,द्रव्यम्,पृथ्वी,चलसजीवः,मनुष्येतरः,जन्तुः,पक्षी,"हारीत,मद्गु,कारण्डव,प्लव,तित्तिरि,कुक्कुभ,लाव,जीवञ्जीव,कोरक,कोयष्टिक,टिट्टिभक,वर्तक,वर्तिक",,
प्लव,पुं।,पक्षिजातिविशेषः,,,द्रव्यम्,पृथ्वी,चलसजीवः,मनुष्येतरः,जन्तुः,पक्षी,"हारीत,मद्गु,कारण्डव,प्लव,तित्तिरि,कुक्कुभ,लाव,जीवञ्जीव,कोरक,कोयष्टिक,टिट्टिभक,वर्तक,वर्तिक",,
तित्तिरि,पुं।,पक्षिजातिविशेषः,,,द्रव्यम्,पृथ्वी,चलसजीवः,मनुष्येतरः,जन्तुः,पक्षी,"हारीत,मद्गु,कारण्डव,प्लव,तित्तिरि,कुक्कुभ,लाव,जीवञ्जीव,कोरक,कोयष्टिक,टिट्टिभक,वर्तक,वर्तिक",,
कुक्कुभ,पुं।,पक्षिजातिविशेषः,,,द्रव्यम्,पृथ्वी,चलसजीवः,मनुष्येतरः,जन्तुः,पक्षी,"हारीत,मद्गु,कारण्डव,प्लव,तित्तिरि,कुक्कुभ,लाव,जीवञ्जीव,कोरक,कोयष्टिक,टिट्टिभक,वर्तक,वर्तिक",,
लाव,पुं।,पक्षिजातिविशेषः,,,द्रव्यम्,पृथ्वी,चलसजीवः,मनुष्येतरः,जन्तुः,पक्षी,"हारीत,मद्गु,कारण्डव,प्लव,तित्तिरि,कुक्कुभ,लाव,जीवञ्जीव,कोरक,कोयष्टिक,टिट्टिभक,वर्तक,वर्तिक",,
जीवञ्जीव,पुं।,पक्षिजातिविशेषः,,,द्रव्यम्,पृथ्वी,चलसजीवः,मनुष्येतरः,जन्तुः,पक्षी,"हारीत,मद्गु,कारण्डव,प्लव,तित्तिरि,कुक्कुभ,लाव,जीवञ्जीव,कोरक,कोयष्टिक,टिट्टिभक,वर्तक,वर्तिक",,
कोरक,पुं।,पक्षिजातिविशेषः,,,द्रव्यम्,पृथ्वी,चलसजीवः,मनुष्येतरः,जन्तुः,पक्षी,"हारीत,मद्गु,कारण्डव,प्लव,तित्तिरि,कुक्कुभ,लाव,जीवञ्जीव,कोरक,कोयष्टिक,टिट्टिभक,वर्तक,वर्तिक",,
कोयष्टिक,पुं।,पक्षिजातिविशेषः,,,द्रव्यम्,पृथ्वी,चलसजीवः,मनुष्येतरः,जन्तुः,पक्षी,"हारीत,मद्गु,कारण्डव,प्लव,तित्तिरि,कुक्कुभ,लाव,जीवञ्जीव,कोरक,कोयष्टिक,टिट्टिभक,वर्तक,वर्तिक",,
टिट्टिभक,पुं।,पक्षिजातिविशेषः,,,द्रव्यम्,पृथ्वी,चलसजीवः,मनुष्येतरः,जन्तुः,पक्षी,"हारीत,मद्गु,कारण्डव,प्लव,तित्तिरि,कुक्कुभ,लाव,जीवञ्जीव,कोरक,कोयष्टिक,टिट्टिभक,वर्तक,वर्तिक",,
वर्तक,पुं।,पक्षिजातिविशेषः,,,द्रव्यम्,पृथ्वी,चलसजीवः,मनुष्येतरः,जन्तुः,पक्षी,"हारीत,मद्गु,कारण्डव,प्लव,तित्तिरि,कुक्कुभ,लाव,जीवञ्जीव,कोरक,कोयष्टिक,टिट्टिभक,वर्तक,वर्तिक",,
वर्तिक,पुं।,पक्षिजातिविशेषः,,,द्रव्यम्,पृथ्वी,चलसजीवः,मनुष्येतरः,जन्तुः,पक्षी,"हारीत,मद्गु,कारण्डव,प्लव,तित्तिरि,कुक्कुभ,लाव,जीवञ्जीव,कोरक,कोयष्टिक,टिट्टिभक,वर्तक,वर्तिक",,
गरुत्,पुं।,पक्षिपक्षः,,अवयवः,,,,,,,"गरुत्,पक्ष,छद,पत्र,पतत्र,तनूरुह",,
पक्ष,पुं।,पक्षिपक्षः,,अवयवः,,,,,,,"गरुत्,पक्ष,छद,पत्र,पतत्र,तनूरुह",,
छद,पुं-नपुं।,पक्षिपक्षः,,अवयवः,,,,,,,"गरुत्,पक्ष,छद,पत्र,पतत्र,तनूरुह",,
पत्र,नपुं।,पक्षिपक्षः,,अवयवः,,,,,,,"गरुत्,पक्ष,छद,पत्र,पतत्र,तनूरुह",,
पतत्र,नपुं।,पक्षिपक्षः,,अवयवः,,,,,,,"गरुत्,पक्ष,छद,पत्र,पतत्र,तनूरुह",,
तनूरुह,नपुं।,पक्षिपक्षः,,अवयवः,,,,,,,"गरुत्,पक्ष,छद,पत्र,पतत्र,तनूरुह",,
पक्षति,स्त्री।,पक्षमूलम्,,अवयवः,,,,,,,"पक्षति,पक्षमूल",,
पक्षमूल,नपुं।,पक्षमूलम्,,अवयवः,,,,,,,"पक्षति,पक्षमूल",,
चञ्चु,स्त्री।,पक्षिणा_तुण्डः,,,द्रव्यम्,पृथ्वी,अचलनिर्जीवः,अचलनिर्जीववस्तु,,,"चञ्चु,त्रोटि",,
त्रोटि,स्त्री।,पक्षिणा_तुण्डः,,,द्रव्यम्,पृथ्वी,अचलनिर्जीवः,अचलनिर्जीववस्तु,,,"चञ्चु,त्रोटि",,
प्रडीन,नपुं।,पक्षिगतिविशेषः,,,क्रिया,,,,,,"प्रडीन,उड्डीन,सण्डीन",पक्षी,
उड्डीन,नपुं।,पक्षिगतिविशेषः,,,क्रिया,,,,,,"प्रडीन,उड्डीन,सण्डीन",पक्षी,
सण्डीन,नपुं।,पक्षिगतिविशेषः,,,क्रिया,,,,,,"प्रडीन,उड्डीन,सण्डीन",पक्षी,
पेशी,स्त्री।,अण्डम्,,अवयवः,,,,,,,"पेशी,कोश,अण्ड",,
कोश,पुं-नपुं।,अण्डम्,,अवयवः,,,,,,,"पेशी,कोश,अण्ड",,
अण्ड,नपुं।,अण्डम्,,अवयवः,,,,,,,"पेशी,कोश,अण्ड",,
कुलाय,पुं।,पक्षिवासः,,,द्रव्यम्,पृथ्वी,अचलनिर्जीवः,अचलनिर्जीववस्तु,,,"कुलाय,नीड",,
नीड,पुं-नपुं।,पक्षिवासः,,,द्रव्यम्,पृथ्वी,अचलनिर्जीवः,अचलनिर्जीववस्तु,,,"कुलाय,नीड",,
पोत,पुं।,शिशुः,,,द्रव्यम्,पृथ्वी,चलसजीवः,,,,"पोत,पाक,अर्भक,डिम्भ,पृथुक,शावक,शिशु,भ्रूण,अनुबन्ध,गर्भ,बाल,बालिश",,
पाक,पुं।,शिशुः,,,द्रव्यम्,पृथ्वी,चलसजीवः,,,,"पोत,पाक,अर्भक,डिम्भ,पृथुक,शावक,शिशु,भ्रूण,अनुबन्ध,गर्भ,बाल,बालिश",,
अर्भक,पुं।,शिशुः,,,द्रव्यम्,पृथ्वी,चलसजीवः,,,,"पोत,पाक,अर्भक,डिम्भ,पृथुक,शावक,शिशु,भ्रूण,अनुबन्ध,गर्भ,बाल,बालिश",,
डिम्भ,पुं।,शिशुः,,,द्रव्यम्,पृथ्वी,चलसजीवः,,,,"पोत,पाक,अर्भक,डिम्भ,पृथुक,शावक,शिशु,भ्रूण,अनुबन्ध,गर्भ,बाल,बालिश",,
पृथुक,पुं।,शिशुः,,,द्रव्यम्,पृथ्वी,चलसजीवः,,,,"पोत,पाक,अर्भक,डिम्भ,पृथुक,शावक,शिशु,भ्रूण,अनुबन्ध,गर्भ,बाल,बालिश",,
शावक,पुं।,शिशुः,,,द्रव्यम्,पृथ्वी,चलसजीवः,,,,"पोत,पाक,अर्भक,डिम्भ,पृथुक,शावक,शिशु,भ्रूण,अनुबन्ध,गर्भ,बाल,बालिश",,
शिशु,पुं।,शिशुः,,,द्रव्यम्,पृथ्वी,चलसजीवः,,,,"पोत,पाक,अर्भक,डिम्भ,पृथुक,शावक,शिशु,भ्रूण,अनुबन्ध,गर्भ,बाल,बालिश",,
स्त्रीपुंस,पुं।,स्त्रीपुरुषयुग्मम्,,,द्रव्यम्,पृथ्वी,चलसजीवः,,,,"स्त्रीपुंस,मिथुन,द्वन्द्व",,
मिथुन,नपुं।,स्त्रीपुरुषयुग्मम्,,,द्रव्यम्,पृथ्वी,चलसजीवः,,,,"स्त्रीपुंस,मिथुन,द्वन्द्व",,
द्वन्द्व,नपुं।,स्त्रीपुरुषयुग्मम्,,,द्रव्यम्,पृथ्वी,चलसजीवः,,,,"स्त्रीपुंस,मिथुन,द्वन्द्व",,
युग्म,नपुं।,युग्मम्,,,द्रव्यम्,पृथ्वी,चलसजीवः,,,,"युग्म,युगल,युग,द्वन्द्व",,स्त्रीपुरुषयुग्मम्
युगल,नपुं।,युग्मम्,,,द्रव्यम्,पृथ्वी,चलसजीवः,,,,"युग्म,युगल,युग,द्वन्द्व",,स्त्रीपुरुषयुग्मम्
युग,नपुं।,युग्मम्,,,द्रव्यम्,पृथ्वी,चलसजीवः,,,,"युग्म,युगल,युग,द्वन्द्व",,स्त्रीपुरुषयुग्मम्
समूह,पुं।,समूहः,,समूहः,द्रव्यम्,पृथ्वी,चलसजीवः,मनुष्येतरः,जन्तुः,,"समूह,निवह,व्यूह,सन्दोह,विसर,व्रज,स्तोम,ओघ,निकर,व्रात,वार,सङ्घात,सञ्चय,समुदाय,समुदय,समवाय,चय,गण,संहति,वृन्द,निकुरम्ब,कदम्बक,पेटक,वार्धक,पूग,ग्राम,सन्नय,संस्त्याय,जाल,पटल,राशि",,"रात्रिसमूहः,पद्मसङ्घातः,अब्जादीनाम्_समूहः,क्रय्यवस्तुशालापङ्क्तिः,पङ्क्तिः,वनसमूहः,तृणसमूहः,नडसमूहः,सजातीयैः_प्राणिभिरप्राणिभिर्वा_समूहः,जन्तुसमूहः,सजातीयसमूहः,सजातीयतिरश्चां_समूहः,पशुसङ्घः,पशुभिन्नसङ्घः,एकधर्मवतां_समूहः,धान्यादिराशिः,कपोतगणः,शुकगणः,मयूरगणः,तित्तिरिगणः,गणिकासमूहः,गर्भिणीसमूहः,युवतीसमूहः,बन्धूनां_समूहः,वृद्धसमूहः,केशवृन्दम्,राजसमूहः,क्षत्रियसमूहः,हस्तिवृन्दम्,गजमुखादिस्थबिन्दुसमूहः,गजशृङ्खला,निर्बलहस्त्यश्वसमूहः,अश्वसमूहः,रथसमूहः,धृतकवचगणः,हस्तिसङ्घः,वृषभसङ्घः,गोसमूहः,वत्ससमूहः,धेनुसमूहः,उष्ट्रसमूहः,मेषसमूहः,अजसमूहः,सजातीयशिल्पिसङ्घः,औपगवानां_समूहः,अपूपानां_समूहः,शष्कुलीनां_समूहः,माणवानां_समूहः,सहायानां_समूहः,हलानां_समूहः,ब्राह्मणानां_समूहः,वाडवानां_समूहः,पर्शुकानां_समूहः,पृष्ठानां_समूहः,खलानां_समूहः,ग्रामाणां_समूहः,जनानां_समूहः,धूमानां_समूहः,पाशानां_
समूहः,गलानां_समूहः,सहस्राणां_समूहः,कारीषाणां_समूहः,चर्मणां_समूहः,अथर्वणां_समूहः,मेघपङ्क्तिः,सङ्घातः,समूहः"
निवह,पुं।,समूहः,,समूहः,द्रव्यम्,पृथ्वी,चलसजीवः,मनुष्येतरः,जन्तुः,,"समूह,निवह,व्यूह,सन्दोह,विसर,व्रज,स्तोम,ओघ,निकर,व्रात,वार,सङ्घात,सञ्चय,समुदाय,समुदय,समवाय,चय,गण,संहति,वृन्द,निकुरम्ब,कदम्बक,पेटक,वार्धक,पूग,ग्राम,सन्नय,संस्त्याय,जाल,पटल,राशि",,"रात्रिसमूहः,पद्मसङ्घातः,अब्जादीनाम्_समूहः,क्रय्यवस्तुशालापङ्क्तिः,पङ्क्तिः,वनसमूहः,तृणसमूहः,नडसमूहः,सजातीयैः_प्राणिभिरप्राणिभिर्वा_समूहः,जन्तुसमूहः,सजातीयसमूहः,सजातीयतिरश्चां_समूहः,पशुसङ्घः,पशुभिन्नसङ्घः,एकधर्मवतां_समूहः,धान्यादिराशिः,कपोतगणः,शुकगणः,मयूरगणः,तित्तिरिगणः,गणिकासमूहः,गर्भिणीसमूहः,युवतीसमूहः,बन्धूनां_समूहः,वृद्धसमूहः,केशवृन्दम्,राजसमूहः,क्षत्रियसमूहः,हस्तिवृन्दम्,गजमुखादिस्थबिन्दुसमूहः,गजशृङ्खला,निर्बलहस्त्यश्वसमूहः,अश्वसमूहः,रथसमूहः,धृतकवचगणः,हस्तिसङ्घः,वृषभसङ्घः,गोसमूहः,वत्ससमूहः,धेनुसमूहः,उष्ट्रसमूहः,मेषसमूहः,अजसमूहः,सजातीयशिल्पिसङ्घः,औपगवानां_समूहः,अपूपानां_समूहः,शष्कुलीनां_समूहः,माणवानां_समूहः,सहायानां_समूहः,हलानां_समूहः,ब्राह्मणानां_समूहः,वाडवानां_समूहः,पर्शुकानां_समूहः,पृष्ठानां_समूहः,खलानां_समूहः,ग्रामाणां_समूहः,जनानां_समूहः,धूमानां_समूहः,पाशानां_
समूहः,गलानां_समूहः,सहस्राणां_समूहः,कारीषाणां_समूहः,चर्मणां_समूहः,अथर्वणां_समूहः,मेघपङ्क्तिः,सङ्घातः,समूहः"
व्यूह,पुं।,समूहः,,समूहः,द्रव्यम्,पृथ्वी,चलसजीवः,मनुष्येतरः,जन्तुः,,"समूह,निवह,व्यूह,सन्दोह,विसर,व्रज,स्तोम,ओघ,निकर,व्रात,वार,सङ्घात,सञ्चय,समुदाय,समुदय,समवाय,चय,गण,संहति,वृन्द,निकुरम्ब,कदम्बक,पेटक,वार्धक,पूग,ग्राम,सन्नय,संस्त्याय,जाल,पटल,राशि",,"रात्रिसमूहः,पद्मसङ्घातः,अब्जादीनाम्_समूहः,क्रय्यवस्तुशालापङ्क्तिः,पङ्क्तिः,वनसमूहः,तृणसमूहः,नडसमूहः,सजातीयैः_प्राणिभिरप्राणिभिर्वा_समूहः,जन्तुसमूहः,सजातीयसमूहः,सजातीयतिरश्चां_समूहः,पशुसङ्घः,पशुभिन्नसङ्घः,एकधर्मवतां_समूहः,धान्यादिराशिः,कपोतगणः,शुकगणः,मयूरगणः,तित्तिरिगणः,गणिकासमूहः,गर्भिणीसमूहः,युवतीसमूहः,बन्धूनां_समूहः,वृद्धसमूहः,केशवृन्दम्,राजसमूहः,क्षत्रियसमूहः,हस्तिवृन्दम्,गजमुखादिस्थबिन्दुसमूहः,गजशृङ्खला,निर्बलहस्त्यश्वसमूहः,अश्वसमूहः,रथसमूहः,धृतकवचगणः,हस्तिसङ्घः,वृषभसङ्घः,गोसमूहः,वत्ससमूहः,धेनुसमूहः,उष्ट्रसमूहः,मेषसमूहः,अजसमूहः,सजातीयशिल्पिसङ्घः,औपगवानां_समूहः,अपूपानां_समूहः,शष्कुलीनां_समूहः,माणवानां_समूहः,सहायानां_समूहः,हलानां_समूहः,ब्राह्मणानां_समूहः,वाडवानां_समूहः,पर्शुकानां_समूहः,पृष्ठानां_समूहः,खलानां_समूहः,ग्रामाणां_समूहः,जनानां_समूहः,धूमानां_समूहः,पाशानां_
समूहः,गलानां_समूहः,सहस्राणां_समूहः,कारीषाणां_समूहः,चर्मणां_समूहः,अथर्वणां_समूहः,मेघपङ्क्तिः,सङ्घातः,समूहः"
सन्दोह,पुं।,समूहः,,समूहः,द्रव्यम्,पृथ्वी,चलसजीवः,मनुष्येतरः,जन्तुः,,"समूह,निवह,व्यूह,सन्दोह,विसर,व्रज,स्तोम,ओघ,निकर,व्रात,वार,सङ्घात,सञ्चय,समुदाय,समुदय,समवाय,चय,गण,संहति,वृन्द,निकुरम्ब,कदम्बक,पेटक,वार्धक,पूग,ग्राम,सन्नय,संस्त्याय,जाल,पटल,राशि",,"रात्रिसमूहः,पद्मसङ्घातः,अब्जादीनाम्_समूहः,क्रय्यवस्तुशालापङ्क्तिः,पङ्क्तिः,वनसमूहः,तृणसमूहः,नडसमूहः,सजातीयैः_प्राणिभिरप्राणिभिर्वा_समूहः,जन्तुसमूहः,सजातीयसमूहः,सजातीयतिरश्चां_समूहः,पशुसङ्घः,पशुभिन्नसङ्घः,एकधर्मवतां_समूहः,धान्यादिराशिः,कपोतगणः,शुकगणः,मयूरगणः,तित्तिरिगणः,गणिकासमूहः,गर्भिणीसमूहः,युवतीसमूहः,बन्धूनां_समूहः,वृद्धसमूहः,केशवृन्दम्,राजसमूहः,क्षत्रियसमूहः,हस्तिवृन्दम्,गजमुखादिस्थबिन्दुसमूहः,गजशृङ्खला,निर्बलहस्त्यश्वसमूहः,अश्वसमूहः,रथसमूहः,धृतकवचगणः,हस्तिसङ्घः,वृषभसङ्घः,गोसमूहः,वत्ससमूहः,धेनुसमूहः,उष्ट्रसमूहः,मेषसमूहः,अजसमूहः,सजातीयशिल्पिसङ्घः,औपगवानां_समूहः,अपूपानां_समूहः,शष्कुलीनां_समूहः,माणवानां_समूहः,सहायानां_समूहः,हलानां_समूहः,ब्राह्मणानां_समूहः,वाडवानां_समूहः,पर्शुकानां_समूहः,पृष्ठानां_समूहः,खलानां_समूहः,ग्रामाणां_समूहः,जनानां_समूहः,धूमानां_समूहः,पाशानां_
समूहः,गलानां_समूहः,सहस्राणां_समूहः,कारीषाणां_समूहः,चर्मणां_समूहः,अथर्वणां_समूहः,मेघपङ्क्तिः,सङ्घातः,समूहः"
विसर,पुं।,समूहः,,समूहः,द्रव्यम्,पृथ्वी,चलसजीवः,मनुष्येतरः,जन्तुः,,"समूह,निवह,व्यूह,सन्दोह,विसर,व्रज,स्तोम,ओघ,निकर,व्रात,वार,सङ्घात,सञ्चय,समुदाय,समुदय,समवाय,चय,गण,संहति,वृन्द,निकुरम्ब,कदम्बक,पेटक,वार्धक,पूग,ग्राम,सन्नय,संस्त्याय,जाल,पटल,राशि",,"रात्रिसमूहः,पद्मसङ्घातः,अब्जादीनाम्_समूहः,क्रय्यवस्तुशालापङ्क्तिः,पङ्क्तिः,वनसमूहः,तृणसमूहः,नडसमूहः,सजातीयैः_प्राणिभिरप्राणिभिर्वा_समूहः,जन्तुसमूहः,सजातीयसमूहः,सजातीयतिरश्चां_समूहः,पशुसङ्घः,पशुभिन्नसङ्घः,एकधर्मवतां_समूहः,धान्यादिराशिः,कपोतगणः,शुकगणः,मयूरगणः,तित्तिरिगणः,गणिकासमूहः,गर्भिणीसमूहः,युवतीसमूहः,बन्धूनां_समूहः,वृद्धसमूहः,केशवृन्दम्,राजसमूहः,क्षत्रियसमूहः,हस्तिवृन्दम्,गजमुखादिस्थबिन्दुसमूहः,गजशृङ्खला,निर्बलहस्त्यश्वसमूहः,अश्वसमूहः,रथसमूहः,धृतकवचगणः,हस्तिसङ्घः,वृषभसङ्घः,गोसमूहः,वत्ससमूहः,धेनुसमूहः,उष्ट्रसमूहः,मेषसमूहः,अजसमूहः,सजातीयशिल्पिसङ्घः,औपगवानां_समूहः,अपूपानां_समूहः,शष्कुलीनां_समूहः,माणवानां_समूहः,सहायानां_समूहः,हलानां_समूहः,ब्राह्मणानां_समूहः,वाडवानां_समूहः,पर्शुकानां_समूहः,पृष्ठानां_समूहः,खलानां_समूहः,ग्रामाणां_समूहः,जनानां_समूहः,धूमानां_समूहः,पाशानां_
समूहः,गलानां_समूहः,सहस्राणां_समूहः,कारीषाणां_समूहः,चर्मणां_समूहः,अथर्वणां_समूहः,मेघपङ्क्तिः,सङ्घातः,समूहः"
व्रज,पुं।,समूहः,,समूहः,द्रव्यम्,पृथ्वी,चलसजीवः,मनुष्येतरः,जन्तुः,,"समूह,निवह,व्यूह,सन्दोह,विसर,व्रज,स्तोम,ओघ,निकर,व्रात,वार,सङ्घात,सञ्चय,समुदाय,समुदय,समवाय,चय,गण,संहति,वृन्द,निकुरम्ब,कदम्बक,पेटक,वार्धक,पूग,ग्राम,सन्नय,संस्त्याय,जाल,पटल,राशि",,"रात्रिसमूहः,पद्मसङ्घातः,अब्जादीनाम्_समूहः,क्रय्यवस्तुशालापङ्क्तिः,पङ्क्तिः,वनसमूहः,तृणसमूहः,नडसमूहः,सजातीयैः_प्राणिभिरप्राणिभिर्वा_समूहः,जन्तुसमूहः,सजातीयसमूहः,सजातीयतिरश्चां_समूहः,पशुसङ्घः,पशुभिन्नसङ्घः,एकधर्मवतां_समूहः,धान्यादिराशिः,कपोतगणः,शुकगणः,मयूरगणः,तित्तिरिगणः,गणिकासमूहः,गर्भिणीसमूहः,युवतीसमूहः,बन्धूनां_समूहः,वृद्धसमूहः,केशवृन्दम्,राजसमूहः,क्षत्रियसमूहः,हस्तिवृन्दम्,गजमुखादिस्थबिन्दुसमूहः,गजशृङ्खला,निर्बलहस्त्यश्वसमूहः,अश्वसमूहः,रथसमूहः,धृतकवचगणः,हस्तिसङ्घः,वृषभसङ्घः,गोसमूहः,वत्ससमूहः,धेनुसमूहः,उष्ट्रसमूहः,मेषसमूहः,अजसमूहः,सजातीयशिल्पिसङ्घः,औपगवानां_समूहः,अपूपानां_समूहः,शष्कुलीनां_समूहः,माणवानां_समूहः,सहायानां_समूहः,हलानां_समूहः,ब्राह्मणानां_समूहः,वाडवानां_समूहः,पर्शुकानां_समूहः,पृष्ठानां_समूहः,खलानां_समूहः,ग्रामाणां_समूहः,जनानां_समूहः,धूमानां_समूहः,पाशानां_
समूहः,गलानां_समूहः,सहस्राणां_समूहः,कारीषाणां_समूहः,चर्मणां_समूहः,अथर्वणां_समूहः,मेघपङ्क्तिः,सङ्घातः,समूहः"
स्तोम,पुं।,समूहः,,समूहः,द्रव्यम्,पृथ्वी,चलसजीवः,मनुष्येतरः,जन्तुः,,"समूह,निवह,व्यूह,सन्दोह,विसर,व्रज,स्तोम,ओघ,निकर,व्रात,वार,सङ्घात,सञ्चय,समुदाय,समुदय,समवाय,चय,गण,संहति,वृन्द,निकुरम्ब,कदम्बक,पेटक,वार्धक,पूग,ग्राम,सन्नय,संस्त्याय,जाल,पटल,राशि",,"रात्रिसमूहः,पद्मसङ्घातः,अब्जादीनाम्_समूहः,क्रय्यवस्तुशालापङ्क्तिः,पङ्क्तिः,वनसमूहः,तृणसमूहः,नडसमूहः,सजातीयैः_प्राणिभिरप्राणिभिर्वा_समूहः,जन्तुसमूहः,सजातीयसमूहः,सजातीयतिरश्चां_समूहः,पशुसङ्घः,पशुभिन्नसङ्घः,एकधर्मवतां_समूहः,धान्यादिराशिः,कपोतगणः,शुकगणः,मयूरगणः,तित्तिरिगणः,गणिकासमूहः,गर्भिणीसमूहः,युवतीसमूहः,बन्धूनां_समूहः,वृद्धसमूहः,केशवृन्दम्,राजसमूहः,क्षत्रियसमूहः,हस्तिवृन्दम्,गजमुखादिस्थबिन्दुसमूहः,गजशृङ्खला,निर्बलहस्त्यश्वसमूहः,अश्वसमूहः,रथसमूहः,धृतकवचगणः,हस्तिसङ्घः,वृषभसङ्घः,गोसमूहः,वत्ससमूहः,धेनुसमूहः,उष्ट्रसमूहः,मेषसमूहः,अजसमूहः,सजातीयशिल्पिसङ्घः,औपगवानां_समूहः,अपूपानां_समूहः,शष्कुलीनां_समूहः,माणवानां_समूहः,सहायानां_समूहः,हलानां_समूहः,ब्राह्मणानां_समूहः,वाडवानां_समूहः,पर्शुकानां_समूहः,पृष्ठानां_समूहः,खलानां_समूहः,ग्रामाणां_समूहः,जनानां_समूहः,धूमानां_समूहः,पाशानां_
समूहः,गलानां_समूहः,सहस्राणां_समूहः,कारीषाणां_समूहः,चर्मणां_समूहः,अथर्वणां_समूहः,मेघपङ्क्तिः,सङ्घातः,समूहः"
ओघ,पुं।,समूहः,,समूहः,द्रव्यम्,पृथ्वी,चलसजीवः,मनुष्येतरः,जन्तुः,,"समूह,निवह,व्यूह,सन्दोह,विसर,व्रज,स्तोम,ओघ,निकर,व्रात,वार,सङ्घात,सञ्चय,समुदाय,समुदय,समवाय,चय,गण,संहति,वृन्द,निकुरम्ब,कदम्बक,पेटक,वार्धक,पूग,ग्राम,सन्नय,संस्त्याय,जाल,पटल,राशि",,"रात्रिसमूहः,पद्मसङ्घातः,अब्जादीनाम्_समूहः,क्रय्यवस्तुशालापङ्क्तिः,पङ्क्तिः,वनसमूहः,तृणसमूहः,नडसमूहः,सजातीयैः_प्राणिभिरप्राणिभिर्वा_समूहः,जन्तुसमूहः,सजातीयसमूहः,सजातीयतिरश्चां_समूहः,पशुसङ्घः,पशुभिन्नसङ्घः,एकधर्मवतां_समूहः,धान्यादिराशिः,कपोतगणः,शुकगणः,मयूरगणः,तित्तिरिगणः,गणिकासमूहः,गर्भिणीसमूहः,युवतीसमूहः,बन्धूनां_समूहः,वृद्धसमूहः,केशवृन्दम्,राजसमूहः,क्षत्रियसमूहः,हस्तिवृन्दम्,गजमुखादिस्थबिन्दुसमूहः,गजशृङ्खला,निर्बलहस्त्यश्वसमूहः,अश्वसमूहः,रथसमूहः,धृतकवचगणः,हस्तिसङ्घः,वृषभसङ्घः,गोसमूहः,वत्ससमूहः,धेनुसमूहः,उष्ट्रसमूहः,मेषसमूहः,अजसमूहः,सजातीयशिल्पिसङ्घः,औपगवानां_समूहः,अपूपानां_समूहः,शष्कुलीनां_समूहः,माणवानां_समूहः,सहायानां_समूहः,हलानां_समूहः,ब्राह्मणानां_समूहः,वाडवानां_समूहः,पर्शुकानां_समूहः,पृष्ठानां_समूहः,खलानां_समूहः,ग्रामाणां_समूहः,जनानां_समूहः,धूमानां_समूहः,पाशानां_
समूहः,गलानां_समूहः,सहस्राणां_समूहः,कारीषाणां_समूहः,चर्मणां_समूहः,अथर्वणां_समूहः,मेघपङ्क्तिः,सङ्घातः,समूहः"
निकर,पुं।,समूहः,,समूहः,द्रव्यम्,पृथ्वी,चलसजीवः,मनुष्येतरः,जन्तुः,,"समूह,निवह,व्यूह,सन्दोह,विसर,व्रज,स्तोम,ओघ,निकर,व्रात,वार,सङ्घात,सञ्चय,समुदाय,समुदय,समवाय,चय,गण,संहति,वृन्द,निकुरम्ब,कदम्बक,पेटक,वार्धक,पूग,ग्राम,सन्नय,संस्त्याय,जाल,पटल,राशि",,"रात्रिसमूहः,पद्मसङ्घातः,अब्जादीनाम्_समूहः,क्रय्यवस्तुशालापङ्क्तिः,पङ्क्तिः,वनसमूहः,तृणसमूहः,नडसमूहः,सजातीयैः_प्राणिभिरप्राणिभिर्वा_समूहः,जन्तुसमूहः,सजातीयसमूहः,सजातीयतिरश्चां_समूहः,पशुसङ्घः,पशुभिन्नसङ्घः,एकधर्मवतां_समूहः,धान्यादिराशिः,कपोतगणः,शुकगणः,मयूरगणः,तित्तिरिगणः,गणिकासमूहः,गर्भिणीसमूहः,युवतीसमूहः,बन्धूनां_समूहः,वृद्धसमूहः,केशवृन्दम्,राजसमूहः,क्षत्रियसमूहः,हस्तिवृन्दम्,गजमुखादिस्थबिन्दुसमूहः,गजशृङ्खला,निर्बलहस्त्यश्वसमूहः,अश्वसमूहः,रथसमूहः,धृतकवचगणः,हस्तिसङ्घः,वृषभसङ्घः,गोसमूहः,वत्ससमूहः,धेनुसमूहः,उष्ट्रसमूहः,मेषसमूहः,अजसमूहः,सजातीयशिल्पिसङ्घः,औपगवानां_समूहः,अपूपानां_समूहः,शष्कुलीनां_समूहः,माणवानां_समूहः,सहायानां_समूहः,हलानां_समूहः,ब्राह्मणानां_समूहः,वाडवानां_समूहः,पर्शुकानां_समूहः,पृष्ठानां_समूहः,खलानां_समूहः,ग्रामाणां_समूहः,जनानां_समूहः,धूमानां_समूहः,पाशानां_
समूहः,गलानां_समूहः,सहस्राणां_समूहः,कारीषाणां_समूहः,चर्मणां_समूहः,अथर्वणां_समूहः,मेघपङ्क्तिः,सङ्घातः,समूहः"
व्रात,पुं।,समूहः,,समूहः,द्रव्यम्,पृथ्वी,चलसजीवः,मनुष्येतरः,जन्तुः,,"समूह,निवह,व्यूह,सन्दोह,विसर,व्रज,स्तोम,ओघ,निकर,व्रात,वार,सङ्घात,सञ्चय,समुदाय,समुदय,समवाय,चय,गण,संहति,वृन्द,निकुरम्ब,कदम्बक,पेटक,वार्धक,पूग,ग्राम,सन्नय,संस्त्याय,जाल,पटल,राशि",,"रात्रिसमूहः,पद्मसङ्घातः,अब्जादीनाम्_समूहः,क्रय्यवस्तुशालापङ्क्तिः,पङ्क्तिः,वनसमूहः,तृणसमूहः,नडसमूहः,सजातीयैः_प्राणिभिरप्राणिभिर्वा_समूहः,जन्तुसमूहः,सजातीयसमूहः,सजातीयतिरश्चां_समूहः,पशुसङ्घः,पशुभिन्नसङ्घः,एकधर्मवतां_समूहः,धान्यादिराशिः,कपोतगणः,शुकगणः,मयूरगणः,तित्तिरिगणः,गणिकासमूहः,गर्भिणीसमूहः,युवतीसमूहः,बन्धूनां_समूहः,वृद्धसमूहः,केशवृन्दम्,राजसमूहः,क्षत्रियसमूहः,हस्तिवृन्दम्,गजमुखादिस्थबिन्दुसमूहः,गजशृङ्खला,निर्बलहस्त्यश्वसमूहः,अश्वसमूहः,रथसमूहः,धृतकवचगणः,हस्तिसङ्घः,वृषभसङ्घः,गोसमूहः,वत्ससमूहः,धेनुसमूहः,उष्ट्रसमूहः,मेषसमूहः,अजसमूहः,सजातीयशिल्पिसङ्घः,औपगवानां_समूहः,अपूपानां_समूहः,शष्कुलीनां_समूहः,माणवानां_समूहः,सहायानां_समूहः,हलानां_समूहः,ब्राह्मणानां_समूहः,वाडवानां_समूहः,पर्शुकानां_समूहः,पृष्ठानां_समूहः,खलानां_समूहः,ग्रामाणां_समूहः,जनानां_समूहः,धूमानां_समूहः,पाशानां_
समूहः,गलानां_समूहः,सहस्राणां_समूहः,कारीषाणां_समूहः,चर्मणां_समूहः,अथर्वणां_समूहः,मेघपङ्क्तिः,सङ्घातः,समूहः"
वार,पुं।,समूहः,,समूहः,द्रव्यम्,पृथ्वी,चलसजीवः,मनुष्येतरः,जन्तुः,,"समूह,निवह,व्यूह,सन्दोह,विसर,व्रज,स्तोम,ओघ,निकर,व्रात,वार,सङ्घात,सञ्चय,समुदाय,समुदय,समवाय,चय,गण,संहति,वृन्द,निकुरम्ब,कदम्बक,पेटक,वार्धक,पूग,ग्राम,सन्नय,संस्त्याय,जाल,पटल,राशि",,"रात्रिसमूहः,पद्मसङ्घातः,अब्जादीनाम्_समूहः,क्रय्यवस्तुशालापङ्क्तिः,पङ्क्तिः,वनसमूहः,तृणसमूहः,नडसमूहः,सजातीयैः_प्राणिभिरप्राणिभिर्वा_समूहः,जन्तुसमूहः,सजातीयसमूहः,सजातीयतिरश्चां_समूहः,पशुसङ्घः,पशुभिन्नसङ्घः,एकधर्मवतां_समूहः,धान्यादिराशिः,कपोतगणः,शुकगणः,मयूरगणः,तित्तिरिगणः,गणिकासमूहः,गर्भिणीसमूहः,युवतीसमूहः,बन्धूनां_समूहः,वृद्धसमूहः,केशवृन्दम्,राजसमूहः,क्षत्रियसमूहः,हस्तिवृन्दम्,गजमुखादिस्थबिन्दुसमूहः,गजशृङ्खला,निर्बलहस्त्यश्वसमूहः,अश्वसमूहः,रथसमूहः,धृतकवचगणः,हस्तिसङ्घः,वृषभसङ्घः,गोसमूहः,वत्ससमूहः,धेनुसमूहः,उष्ट्रसमूहः,मेषसमूहः,अजसमूहः,सजातीयशिल्पिसङ्घः,औपगवानां_समूहः,अपूपानां_समूहः,शष्कुलीनां_समूहः,माणवानां_समूहः,सहायानां_समूहः,हलानां_समूहः,ब्राह्मणानां_समूहः,वाडवानां_समूहः,पर्शुकानां_समूहः,पृष्ठानां_समूहः,खलानां_समूहः,ग्रामाणां_समूहः,जनानां_समूहः,धूमानां_समूहः,पाशानां_
समूहः,गलानां_समूहः,सहस्राणां_समूहः,कारीषाणां_समूहः,चर्मणां_समूहः,अथर्वणां_समूहः,मेघपङ्क्तिः,सङ्घातः,समूहः"
सङ्घात,पुं।,समूहः,,समूहः,द्रव्यम्,पृथ्वी,चलसजीवः,मनुष्येतरः,जन्तुः,,"समूह,निवह,व्यूह,सन्दोह,विसर,व्रज,स्तोम,ओघ,निकर,व्रात,वार,सङ्घात,सञ्चय,समुदाय,समुदय,समवाय,चय,गण,संहति,वृन्द,निकुरम्ब,कदम्बक,पेटक,वार्धक,पूग,ग्राम,सन्नय,संस्त्याय,जाल,पटल,राशि",,"रात्रिसमूहः,पद्मसङ्घातः,अब्जादीनाम्_समूहः,क्रय्यवस्तुशालापङ्क्तिः,पङ्क्तिः,वनसमूहः,तृणसमूहः,नडसमूहः,सजातीयैः_प्राणिभिरप्राणिभिर्वा_समूहः,जन्तुसमूहः,सजातीयसमूहः,सजातीयतिरश्चां_समूहः,पशुसङ्घः,पशुभिन्नसङ्घः,एकधर्मवतां_समूहः,धान्यादिराशिः,कपोतगणः,शुकगणः,मयूरगणः,तित्तिरिगणः,गणिकासमूहः,गर्भिणीसमूहः,युवतीसमूहः,बन्धूनां_समूहः,वृद्धसमूहः,केशवृन्दम्,राजसमूहः,क्षत्रियसमूहः,हस्तिवृन्दम्,गजमुखादिस्थबिन्दुसमूहः,गजशृङ्खला,निर्बलहस्त्यश्वसमूहः,अश्वसमूहः,रथसमूहः,धृतकवचगणः,हस्तिसङ्घः,वृषभसङ्घः,गोसमूहः,वत्ससमूहः,धेनुसमूहः,उष्ट्रसमूहः,मेषसमूहः,अजसमूहः,सजातीयशिल्पिसङ्घः,औपगवानां_समूहः,अपूपानां_समूहः,शष्कुलीनां_समूहः,माणवानां_समूहः,सहायानां_समूहः,हलानां_समूहः,ब्राह्मणानां_समूहः,वाडवानां_समूहः,पर्शुकानां_समूहः,पृष्ठानां_समूहः,खलानां_समूहः,ग्रामाणां_समूहः,जनानां_समूहः,धूमानां_समूहः,पाशानां_
समूहः,गलानां_समूहः,सहस्राणां_समूहः,कारीषाणां_समूहः,चर्मणां_समूहः,अथर्वणां_समूहः,मेघपङ्क्तिः,सङ्घातः,समूहः"
सञ्चय,पुं।,समूहः,,समूहः,द्रव्यम्,पृथ्वी,चलसजीवः,मनुष्येतरः,जन्तुः,,"समूह,निवह,व्यूह,सन्दोह,विसर,व्रज,स्तोम,ओघ,निकर,व्रात,वार,सङ्घात,सञ्चय,समुदाय,समुदय,समवाय,चय,गण,संहति,वृन्द,निकुरम्ब,कदम्बक,पेटक,वार्धक,पूग,ग्राम,सन्नय,संस्त्याय,जाल,पटल,राशि",,"रात्रिसमूहः,पद्मसङ्घातः,अब्जादीनाम्_समूहः,क्रय्यवस्तुशालापङ्क्तिः,पङ्क्तिः,वनसमूहः,तृणसमूहः,नडसमूहः,सजातीयैः_प्राणिभिरप्राणिभिर्वा_समूहः,जन्तुसमूहः,सजातीयसमूहः,सजातीयतिरश्चां_समूहः,पशुसङ्घः,पशुभिन्नसङ्घः,एकधर्मवतां_समूहः,धान्यादिराशिः,कपोतगणः,शुकगणः,मयूरगणः,तित्तिरिगणः,गणिकासमूहः,गर्भिणीसमूहः,युवतीसमूहः,बन्धूनां_समूहः,वृद्धसमूहः,केशवृन्दम्,राजसमूहः,क्षत्रियसमूहः,हस्तिवृन्दम्,गजमुखादिस्थबिन्दुसमूहः,गजशृङ्खला,निर्बलहस्त्यश्वसमूहः,अश्वसमूहः,रथसमूहः,धृतकवचगणः,हस्तिसङ्घः,वृषभसङ्घः,गोसमूहः,वत्ससमूहः,धेनुसमूहः,उष्ट्रसमूहः,मेषसमूहः,अजसमूहः,सजातीयशिल्पिसङ्घः,औपगवानां_समूहः,अपूपानां_समूहः,शष्कुलीनां_समूहः,माणवानां_समूहः,सहायानां_समूहः,हलानां_समूहः,ब्राह्मणानां_समूहः,वाडवानां_समूहः,पर्शुकानां_समूहः,पृष्ठानां_समूहः,खलानां_समूहः,ग्रामाणां_समूहः,जनानां_समूहः,धूमानां_समूहः,पाशानां_
समूहः,गलानां_समूहः,सहस्राणां_समूहः,कारीषाणां_समूहः,चर्मणां_समूहः,अथर्वणां_समूहः,मेघपङ्क्तिः,सङ्घातः,समूहः"
समुदाय,पुं।,समूहः,,समूहः,द्रव्यम्,पृथ्वी,चलसजीवः,मनुष्येतरः,जन्तुः,,"समूह,निवह,व्यूह,सन्दोह,विसर,व्रज,स्तोम,ओघ,निकर,व्रात,वार,सङ्घात,सञ्चय,समुदाय,समुदय,समवाय,चय,गण,संहति,वृन्द,निकुरम्ब,कदम्बक,पेटक,वार्धक,पूग,ग्राम,सन्नय,संस्त्याय,जाल,पटल,राशि",,"रात्रिसमूहः,पद्मसङ्घातः,अब्जादीनाम्_समूहः,क्रय्यवस्तुशालापङ्क्तिः,पङ्क्तिः,वनसमूहः,तृणसमूहः,नडसमूहः,सजातीयैः_प्राणिभिरप्राणिभिर्वा_समूहः,जन्तुसमूहः,सजातीयसमूहः,सजातीयतिरश्चां_समूहः,पशुसङ्घः,पशुभिन्नसङ्घः,एकधर्मवतां_समूहः,धान्यादिराशिः,कपोतगणः,शुकगणः,मयूरगणः,तित्तिरिगणः,गणिकासमूहः,गर्भिणीसमूहः,युवतीसमूहः,बन्धूनां_समूहः,वृद्धसमूहः,केशवृन्दम्,राजसमूहः,क्षत्रियसमूहः,हस्तिवृन्दम्,गजमुखादिस्थबिन्दुसमूहः,गजशृङ्खला,निर्बलहस्त्यश्वसमूहः,अश्वसमूहः,रथसमूहः,धृतकवचगणः,हस्तिसङ्घः,वृषभसङ्घः,गोसमूहः,वत्ससमूहः,धेनुसमूहः,उष्ट्रसमूहः,मेषसमूहः,अजसमूहः,सजातीयशिल्पिसङ्घः,औपगवानां_समूहः,अपूपानां_समूहः,शष्कुलीनां_समूहः,माणवानां_समूहः,सहायानां_समूहः,हलानां_समूहः,ब्राह्मणानां_समूहः,वाडवानां_समूहः,पर्शुकानां_समूहः,पृष्ठानां_समूहः,खलानां_समूहः,ग्रामाणां_समूहः,जनानां_समूहः,धूमानां_समूहः,पाशानां_
समूहः,गलानां_समूहः,सहस्राणां_समूहः,कारीषाणां_समूहः,चर्मणां_समूहः,अथर्वणां_समूहः,मेघपङ्क्तिः,सङ्घातः,समूहः"
समुदय,पुं।,समूहः,,समूहः,द्रव्यम्,पृथ्वी,चलसजीवः,मनुष्येतरः,जन्तुः,,"समूह,निवह,व्यूह,सन्दोह,विसर,व्रज,स्तोम,ओघ,निकर,व्रात,वार,सङ्घात,सञ्चय,समुदाय,समुदय,समवाय,चय,गण,संहति,वृन्द,निकुरम्ब,कदम्बक,पेटक,वार्धक,पूग,ग्राम,सन्नय,संस्त्याय,जाल,पटल,राशि",,"रात्रिसमूहः,पद्मसङ्घातः,अब्जादीनाम्_समूहः,क्रय्यवस्तुशालापङ्क्तिः,पङ्क्तिः,वनसमूहः,तृणसमूहः,नडसमूहः,सजातीयैः_प्राणिभिरप्राणिभिर्वा_समूहः,जन्तुसमूहः,सजातीयसमूहः,सजातीयतिरश्चां_समूहः,पशुसङ्घः,पशुभिन्नसङ्घः,एकधर्मवतां_समूहः,धान्यादिराशिः,कपोतगणः,शुकगणः,मयूरगणः,तित्तिरिगणः,गणिकासमूहः,गर्भिणीसमूहः,युवतीसमूहः,बन्धूनां_समूहः,वृद्धसमूहः,केशवृन्दम्,राजसमूहः,क्षत्रियसमूहः,हस्तिवृन्दम्,गजमुखादिस्थबिन्दुसमूहः,गजशृङ्खला,निर्बलहस्त्यश्वसमूहः,अश्वसमूहः,रथसमूहः,धृतकवचगणः,हस्तिसङ्घः,वृषभसङ्घः,गोसमूहः,वत्ससमूहः,धेनुसमूहः,उष्ट्रसमूहः,मेषसमूहः,अजसमूहः,सजातीयशिल्पिसङ्घः,औपगवानां_समूहः,अपूपानां_समूहः,शष्कुलीनां_समूहः,माणवानां_समूहः,सहायानां_समूहः,हलानां_समूहः,ब्राह्मणानां_समूहः,वाडवानां_समूहः,पर्शुकानां_समूहः,पृष्ठानां_समूहः,खलानां_समूहः,ग्रामाणां_समूहः,जनानां_समूहः,धूमानां_समूहः,पाशानां_
समूहः,गलानां_समूहः,सहस्राणां_समूहः,कारीषाणां_समूहः,चर्मणां_समूहः,अथर्वणां_समूहः,मेघपङ्क्तिः,सङ्घातः,समूहः"
समवाय,पुं।,समूहः,,समूहः,द्रव्यम्,पृथ्वी,चलसजीवः,मनुष्येतरः,जन्तुः,,"समूह,निवह,व्यूह,सन्दोह,विसर,व्रज,स्तोम,ओघ,निकर,व्रात,वार,सङ्घात,सञ्चय,समुदाय,समुदय,समवाय,चय,गण,संहति,वृन्द,निकुरम्ब,कदम्बक,पेटक,वार्धक,पूग,ग्राम,सन्नय,संस्त्याय,जाल,पटल,राशि",,"रात्रिसमूहः,पद्मसङ्घातः,अब्जादीनाम्_समूहः,क्रय्यवस्तुशालापङ्क्तिः,पङ्क्तिः,वनसमूहः,तृणसमूहः,नडसमूहः,सजातीयैः_प्राणिभिरप्राणिभिर्वा_समूहः,जन्तुसमूहः,सजातीयसमूहः,सजातीयतिरश्चां_समूहः,पशुसङ्घः,पशुभिन्नसङ्घः,एकधर्मवतां_समूहः,धान्यादिराशिः,कपोतगणः,शुकगणः,मयूरगणः,तित्तिरिगणः,गणिकासमूहः,गर्भिणीसमूहः,युवतीसमूहः,बन्धूनां_समूहः,वृद्धसमूहः,केशवृन्दम्,राजसमूहः,क्षत्रियसमूहः,हस्तिवृन्दम्,गजमुखादिस्थबिन्दुसमूहः,गजशृङ्खला,निर्बलहस्त्यश्वसमूहः,अश्वसमूहः,रथसमूहः,धृतकवचगणः,हस्तिसङ्घः,वृषभसङ्घः,गोसमूहः,वत्ससमूहः,धेनुसमूहः,उष्ट्रसमूहः,मेषसमूहः,अजसमूहः,सजातीयशिल्पिसङ्घः,औपगवानां_समूहः,अपूपानां_समूहः,शष्कुलीनां_समूहः,माणवानां_समूहः,सहायानां_समूहः,हलानां_समूहः,ब्राह्मणानां_समूहः,वाडवानां_समूहः,पर्शुकानां_समूहः,पृष्ठानां_समूहः,खलानां_समूहः,ग्रामाणां_समूहः,जनानां_समूहः,धूमानां_समूहः,पाशानां_
समूहः,गलानां_समूहः,सहस्राणां_समूहः,कारीषाणां_समूहः,चर्मणां_समूहः,अथर्वणां_समूहः,मेघपङ्क्तिः,सङ्घातः,समूहः"
चय,पुं।,समूहः,,समूहः,द्रव्यम्,पृथ्वी,चलसजीवः,मनुष्येतरः,जन्तुः,,"समूह,निवह,व्यूह,सन्दोह,विसर,व्रज,स्तोम,ओघ,निकर,व्रात,वार,सङ्घात,सञ्चय,समुदाय,समुदय,समवाय,चय,गण,संहति,वृन्द,निकुरम्ब,कदम्बक,पेटक,वार्धक,पूग,ग्राम,सन्नय,संस्त्याय,जाल,पटल,राशि",,"रात्रिसमूहः,पद्मसङ्घातः,अब्जादीनाम्_समूहः,क्रय्यवस्तुशालापङ्क्तिः,पङ्क्तिः,वनसमूहः,तृणसमूहः,नडसमूहः,सजातीयैः_प्राणिभिरप्राणिभिर्वा_समूहः,जन्तुसमूहः,सजातीयसमूहः,सजातीयतिरश्चां_समूहः,पशुसङ्घः,पशुभिन्नसङ्घः,एकधर्मवतां_समूहः,धान्यादिराशिः,कपोतगणः,शुकगणः,मयूरगणः,तित्तिरिगणः,गणिकासमूहः,गर्भिणीसमूहः,युवतीसमूहः,बन्धूनां_समूहः,वृद्धसमूहः,केशवृन्दम्,राजसमूहः,क्षत्रियसमूहः,हस्तिवृन्दम्,गजमुखादिस्थबिन्दुसमूहः,गजशृङ्खला,निर्बलहस्त्यश्वसमूहः,अश्वसमूहः,रथसमूहः,धृतकवचगणः,हस्तिसङ्घः,वृषभसङ्घः,गोसमूहः,वत्ससमूहः,धेनुसमूहः,उष्ट्रसमूहः,मेषसमूहः,अजसमूहः,सजातीयशिल्पिसङ्घः,औपगवानां_समूहः,अपूपानां_समूहः,शष्कुलीनां_समूहः,माणवानां_समूहः,सहायानां_समूहः,हलानां_समूहः,ब्राह्मणानां_समूहः,वाडवानां_समूहः,पर्शुकानां_समूहः,पृष्ठानां_समूहः,खलानां_समूहः,ग्रामाणां_समूहः,जनानां_समूहः,धूमानां_समूहः,पाशानां_
समूहः,गलानां_समूहः,सहस्राणां_समूहः,कारीषाणां_समूहः,चर्मणां_समूहः,अथर्वणां_समूहः,मेघपङ्क्तिः,सङ्घातः,समूहः"
गण,पुं।,समूहः,,समूहः,द्रव्यम्,पृथ्वी,चलसजीवः,मनुष्येतरः,जन्तुः,,"समूह,निवह,व्यूह,सन्दोह,विसर,व्रज,स्तोम,ओघ,निकर,व्रात,वार,सङ्घात,सञ्चय,समुदाय,समुदय,समवाय,चय,गण,संहति,वृन्द,निकुरम्ब,कदम्बक,पेटक,वार्धक,पूग,ग्राम,सन्नय,संस्त्याय,जाल,पटल,राशि",,"रात्रिसमूहः,पद्मसङ्घातः,अब्जादीनाम्_समूहः,क्रय्यवस्तुशालापङ्क्तिः,पङ्क्तिः,वनसमूहः,तृणसमूहः,नडसमूहः,सजातीयैः_प्राणिभिरप्राणिभिर्वा_समूहः,जन्तुसमूहः,सजातीयसमूहः,सजातीयतिरश्चां_समूहः,पशुसङ्घः,पशुभिन्नसङ्घः,एकधर्मवतां_समूहः,धान्यादिराशिः,कपोतगणः,शुकगणः,मयूरगणः,तित्तिरिगणः,गणिकासमूहः,गर्भिणीसमूहः,युवतीसमूहः,बन्धूनां_समूहः,वृद्धसमूहः,केशवृन्दम्,राजसमूहः,क्षत्रियसमूहः,हस्तिवृन्दम्,गजमुखादिस्थबिन्दुसमूहः,गजशृङ्खला,निर्बलहस्त्यश्वसमूहः,अश्वसमूहः,रथसमूहः,धृतकवचगणः,हस्तिसङ्घः,वृषभसङ्घः,गोसमूहः,वत्ससमूहः,धेनुसमूहः,उष्ट्रसमूहः,मेषसमूहः,अजसमूहः,सजातीयशिल्पिसङ्घः,औपगवानां_समूहः,अपूपानां_समूहः,शष्कुलीनां_समूहः,माणवानां_समूहः,सहायानां_समूहः,हलानां_समूहः,ब्राह्मणानां_समूहः,वाडवानां_समूहः,पर्शुकानां_समूहः,पृष्ठानां_समूहः,खलानां_समूहः,ग्रामाणां_समूहः,जनानां_समूहः,धूमानां_समूहः,पाशानां_
समूहः,गलानां_समूहः,सहस्राणां_समूहः,कारीषाणां_समूहः,चर्मणां_समूहः,अथर्वणां_समूहः,मेघपङ्क्तिः,सङ्घातः,समूहः"
संहति,स्त्री।,समूहः,,समूहः,द्रव्यम्,पृथ्वी,चलसजीवः,मनुष्येतरः,जन्तुः,,"समूह,निवह,व्यूह,सन्दोह,विसर,व्रज,स्तोम,ओघ,निकर,व्रात,वार,सङ्घात,सञ्चय,समुदाय,समुदय,समवाय,चय,गण,संहति,वृन्द,निकुरम्ब,कदम्बक,पेटक,वार्धक,पूग,ग्राम,सन्नय,संस्त्याय,जाल,पटल,राशि",,"रात्रिसमूहः,पद्मसङ्घातः,अब्जादीनाम्_समूहः,क्रय्यवस्तुशालापङ्क्तिः,पङ्क्तिः,वनसमूहः,तृणसमूहः,नडसमूहः,सजातीयैः_प्राणिभिरप्राणिभिर्वा_समूहः,जन्तुसमूहः,सजातीयसमूहः,सजातीयतिरश्चां_समूहः,पशुसङ्घः,पशुभिन्नसङ्घः,एकधर्मवतां_समूहः,धान्यादिराशिः,कपोतगणः,शुकगणः,मयूरगणः,तित्तिरिगणः,गणिकासमूहः,गर्भिणीसमूहः,युवतीसमूहः,बन्धूनां_समूहः,वृद्धसमूहः,केशवृन्दम्,राजसमूहः,क्षत्रियसमूहः,हस्तिवृन्दम्,गजमुखादिस्थबिन्दुसमूहः,गजशृङ्खला,निर्बलहस्त्यश्वसमूहः,अश्वसमूहः,रथसमूहः,धृतकवचगणः,हस्तिसङ्घः,वृषभसङ्घः,गोसमूहः,वत्ससमूहः,धेनुसमूहः,उष्ट्रसमूहः,मेषसमूहः,अजसमूहः,सजातीयशिल्पिसङ्घः,औपगवानां_समूहः,अपूपानां_समूहः,शष्कुलीनां_समूहः,माणवानां_समूहः,सहायानां_समूहः,हलानां_समूहः,ब्राह्मणानां_समूहः,वाडवानां_समूहः,पर्शुकानां_समूहः,पृष्ठानां_समूहः,खलानां_समूहः,ग्रामाणां_समूहः,जनानां_समूहः,धूमानां_समूहः,
पाशानां_समूहः,गलानां_समूहः,सहस्राणां_समूहः,कारीषाणां_समूहः,चर्मणां_समूहः,अथर्वणां_समूहः,मेघपङ्क्तिः,सङ्घातः,समूहः"
वृन्द,नपुं।,समूहः,,समूहः,द्रव्यम्,पृथ्वी,चलसजीवः,मनुष्येतरः,जन्तुः,,"समूह,निवह,व्यूह,सन्दोह,विसर,व्रज,स्तोम,ओघ,निकर,व्रात,वार,सङ्घात,सञ्चय,समुदाय,समुदय,समवाय,चय,गण,संहति,वृन्द,निकुरम्ब,कदम्बक,पेटक,वार्धक,पूग,ग्राम,सन्नय,संस्त्याय,जाल,पटल,राशि",,"रात्रिसमूहः,पद्मसङ्घातः,अब्जादीनाम्_समूहः,क्रय्यवस्तुशालापङ्क्तिः,पङ्क्तिः,वनसमूहः,तृणसमूहः,नडसमूहः,सजातीयैः_प्राणिभिरप्राणिभिर्वा_समूहः,जन्तुसमूहः,सजातीयसमूहः,सजातीयतिरश्चां_समूहः,पशुसङ्घः,पशुभिन्नसङ्घः,एकधर्मवतां_समूहः,धान्यादिराशिः,कपोतगणः,शुकगणः,मयूरगणः,तित्तिरिगणः,गणिकासमूहः,गर्भिणीसमूहः,युवतीसमूहः,बन्धूनां_समूहः,वृद्धसमूहः,केशवृन्दम्,राजसमूहः,क्षत्रियसमूहः,हस्तिवृन्दम्,गजमुखादिस्थबिन्दुसमूहः,गजशृङ्खला,निर्बलहस्त्यश्वसमूहः,अश्वसमूहः,रथसमूहः,धृतकवचगणः,हस्तिसङ्घः,वृषभसङ्घः,गोसमूहः,वत्ससमूहः,धेनुसमूहः,उष्ट्रसमूहः,मेषसमूहः,अजसमूहः,सजातीयशिल्पिसङ्घः,औपगवानां_समूहः,अपूपानां_समूहः,शष्कुलीनां_समूहः,माणवानां_समूहः,सहायानां_समूहः,हलानां_समूहः,ब्राह्मणानां_समूहः,वाडवानां_समूहः,पर्शुकानां_समूहः,पृष्ठानां_समूहः,खलानां_समूहः,ग्रामाणां_समूहः,जनानां_समूहः,धूमानां_समूहः,पाशानां_
समूहः,गलानां_समूहः,सहस्राणां_समूहः,कारीषाणां_समूहः,चर्मणां_समूहः,अथर्वणां_समूहः,मेघपङ्क्तिः,सङ्घातः,समूहः"
निकुरम्ब,नपुं।,समूहः,,समूहः,द्रव्यम्,पृथ्वी,चलसजीवः,मनुष्येतरः,जन्तुः,,"समूह,निवह,व्यूह,सन्दोह,विसर,व्रज,स्तोम,ओघ,निकर,व्रात,वार,सङ्घात,सञ्चय,समुदाय,समुदय,समवाय,चय,गण,संहति,वृन्द,निकुरम्ब,कदम्बक,पेटक,वार्धक,पूग,ग्राम,सन्नय,संस्त्याय,जाल,पटल,राशि",,"रात्रिसमूहः,पद्मसङ्घातः,अब्जादीनाम्_समूहः,क्रय्यवस्तुशालापङ्क्तिः,पङ्क्तिः,वनसमूहः,तृणसमूहः,नडसमूहः,सजातीयैः_प्राणिभिरप्राणिभिर्वा_समूहः,जन्तुसमूहः,सजातीयसमूहः,सजातीयतिरश्चां_समूहः,पशुसङ्घः,पशुभिन्नसङ्घः,एकधर्मवतां_समूहः,धान्यादिराशिः,कपोतगणः,शुकगणः,मयूरगणः,तित्तिरिगणः,गणिकासमूहः,गर्भिणीसमूहः,युवतीसमूहः,बन्धूनां_समूहः,वृद्धसमूहः,केशवृन्दम्,राजसमूहः,क्षत्रियसमूहः,हस्तिवृन्दम्,गजमुखादिस्थबिन्दुसमूहः,गजशृङ्खला,निर्बलहस्त्यश्वसमूहः,अश्वसमूहः,रथसमूहः,धृतकवचगणः,हस्तिसङ्घः,वृषभसङ्घः,गोसमूहः,वत्ससमूहः,धेनुसमूहः,उष्ट्रसमूहः,मेषसमूहः,अजसमूहः,सजातीयशिल्पिसङ्घः,औपगवानां_समूहः,अपूपानां_समूहः,शष्कुलीनां_समूहः,माणवानां_समूहः,सहायानां_समूहः,हलानां_समूहः,ब्राह्मणानां_समूहः,वाडवानां_समूहः,पर्शुकानां_समूहः,पृष्ठानां_समूहः,खलानां_समूहः,ग्रामाणां_समूहः,जनानां_समूहः,धूमानां_समूहः,
पाशानां_समूहः,गलानां_समूहः,सहस्राणां_समूहः,कारीषाणां_समूहः,चर्मणां_समूहः,अथर्वणां_समूहः,मेघपङ्क्तिः,सङ्घातः,समूहः"
कदम्बक,नपुं।,समूहः,,समूहः,द्रव्यम्,पृथ्वी,चलसजीवः,मनुष्येतरः,जन्तुः,,"समूह,निवह,व्यूह,सन्दोह,विसर,व्रज,स्तोम,ओघ,निकर,व्रात,वार,सङ्घात,सञ्चय,समुदाय,समुदय,समवाय,चय,गण,संहति,वृन्द,निकुरम्ब,कदम्बक,पेटक,वार्धक,पूग,ग्राम,सन्नय,संस्त्याय,जाल,पटल,राशि",,"रात्रिसमूहः,पद्मसङ्घातः,अब्जादीनाम्_समूहः,क्रय्यवस्तुशालापङ्क्तिः,पङ्क्तिः,वनसमूहः,तृणसमूहः,नडसमूहः,सजातीयैः_प्राणिभिरप्राणिभिर्वा_समूहः,जन्तुसमूहः,सजातीयसमूहः,सजातीयतिरश्चां_समूहः,पशुसङ्घः,पशुभिन्नसङ्घः,एकधर्मवतां_समूहः,धान्यादिराशिः,कपोतगणः,शुकगणः,मयूरगणः,तित्तिरिगणः,गणिकासमूहः,गर्भिणीसमूहः,युवतीसमूहः,बन्धूनां_समूहः,वृद्धसमूहः,केशवृन्दम्,राजसमूहः,क्षत्रियसमूहः,हस्तिवृन्दम्,गजमुखादिस्थबिन्दुसमूहः,गजशृङ्खला,निर्बलहस्त्यश्वसमूहः,अश्वसमूहः,रथसमूहः,धृतकवचगणः,हस्तिसङ्घः,वृषभसङ्घः,गोसमूहः,वत्ससमूहः,धेनुसमूहः,उष्ट्रसमूहः,मेषसमूहः,अजसमूहः,सजातीयशिल्पिसङ्घः,औपगवानां_समूहः,अपूपानां_समूहः,शष्कुलीनां_समूहः,माणवानां_समूहः,सहायानां_समूहः,हलानां_समूहः,ब्राह्मणानां_समूहः,वाडवानां_समूहः,पर्शुकानां_समूहः,पृष्ठानां_समूहः,खलानां_समूहः,ग्रामाणां_समूहः,जनानां_समूहः,धूमानां_समूहः,पाशानां_
समूहः,गलानां_समूहः,सहस्राणां_समूहः,कारीषाणां_समूहः,चर्मणां_समूहः,अथर्वणां_समूहः,मेघपङ्क्तिः,सङ्घातः,समूहः"
वर्ग,पुं।,सजातीयैः_प्राणिभिरप्राणिभिर्वा_समूहः,,समूहः,द्रव्यम्,पृथ्वी,चलसजीवः,मनुष्येतरः,जन्तुः,,वर्ग,,
सङ्घ,पुं।,जन्तुसमूहः,,समूहः,द्रव्यम्,पृथ्वी,चलसजीवः,मनुष्येतरः,जन्तुः,,"सङ्घ,सार्थ",जन्तुः,
सार्थ,पुं।,जन्तुसमूहः,,समूहः,द्रव्यम्,पृथ्वी,चलसजीवः,मनुष्येतरः,जन्तुः,,"सङ्घ,सार्थ",जन्तुः,
कुल,नपुं।,सजातीयसमूहः,,समूहः,द्रव्यम्,पृथ्वी,चलसजीवः,मनुष्येतरः,जन्तुः,,कुल,,
यूथ,पुं-नपुं।,सजातीयतिरश्चां_समूहः,,समूहः,द्रव्यम्,पृथ्वी,चलसजीवः,मनुष्येतरः,जन्तुः,,यूथ,,
समज,पुं।,पशुसङ्घः,,समूहः,द्रव्यम्,पृथ्वी,चलसजीवः,मनुष्येतरः,जन्तुः,,समज,पशुः,
समाज,पुं।,पशुभिन्नसङ्घः,,समूहः,द्रव्यम्,पृथ्वी,चलसजीवः,मनुष्यः,,,समाज,,
निकाय,पुं।,एकधर्मवतां_समूहः,,समूहः,द्रव्यम्,पृथ्वी,चलसजीवः,मनुष्येतरः,जन्तुः,,निकाय,,
पुञ्ज,पुं।,धान्यादिराशिः,,"खाद्यम्,प्राकृतिकखाद्यम्",,,,,,,"पुञ्ज,राशि,उत्कर,कूट",,
राशि,स्त्री-पुं।,धान्यादिराशिः,,"खाद्यम्,प्राकृतिकखाद्यम्",,,,,,,"पुञ्ज,राशि,उत्कर,कूट",,
उत्कर,पुं।,धान्यादिराशिः,,"खाद्यम्,प्राकृतिकखाद्यम्",,,,,,,"पुञ्ज,राशि,उत्कर,कूट",,
कूट,पुं-नपुं।,धान्यादिराशिः,,"खाद्यम्,प्राकृतिकखाद्यम्",,,,,,,"पुञ्ज,राशि,उत्कर,कूट",,
कापोत,नपुं।,कपोतगणः,,समूहः,द्रव्यम्,पृथ्वी,चलसजीवः,मनुष्येतरः,जन्तुः,पक्षी,कापोत,कपोतः,
शौक,नपुं।,शुकगणः,,समूहः,द्रव्यम्,पृथ्वी,चलसजीवः,मनुष्येतरः,जन्तुः,पक्षी,शौक,शुकः,
मायूर,नपुं।,मयूरगणः,,समूहः,द्रव्यम्,पृथ्वी,चलसजीवः,मनुष्येतरः,जन्तुः,पक्षी,मायूर,मयूरः,
तैत्तिर,नपुं।,तित्तिरिगणः,,समूहः,द्रव्यम्,पृथ्वी,चलसजीवः,मनुष्येतरः,जन्तुः,पक्षी,तैत्तिर,पक्षिजातिविशेषः,
छेक,पुं।,गृहासक्तपक्षिमृगाः,,,द्रव्यम्,पृथ्वी,चलसजीवः,मनुष्येतरः,जन्तुः,,"छेक,गृह्यक",,
गृह्यक,पुं।,गृहासक्तपक्षिमृगाः,,,द्रव्यम्,पृथ्वी,चलसजीवः,मनुष्येतरः,जन्तुः,,"छेक,गृह्यक",,
