ऊरव्य,पुं।,वैश्यः,,समूहः,द्रव्यम्,पृथ्वी,चलसजीवः,मनुष्यः,,,"ऊरव्य,ऊरुज,अर्य,वैश्य,भूमिस्पृश्,विश्",वैश्यपत्नी,
ऊरुज,पुं।,वैश्यः,,समूहः,द्रव्यम्,पृथ्वी,चलसजीवः,मनुष्यः,,,"ऊरव्य,ऊरुज,अर्य,वैश्य,भूमिस्पृश्,विश्",वैश्यपत्नी,
अर्य,पुं।,वैश्यः,,समूहः,द्रव्यम्,पृथ्वी,चलसजीवः,मनुष्यः,,,"ऊरव्य,ऊरुज,अर्य,वैश्य,भूमिस्पृश्,विश्",वैश्यपत्नी,
वैश्य,पुं।,वैश्यः,,समूहः,द्रव्यम्,पृथ्वी,चलसजीवः,मनुष्यः,,,"ऊरव्य,ऊरुज,अर्य,वैश्य,भूमिस्पृश्,विश्",वैश्यपत्नी,
भूमिस्पृश्,पुं।,वैश्यः,,समूहः,द्रव्यम्,पृथ्वी,चलसजीवः,मनुष्यः,,,"ऊरव्य,ऊरुज,अर्य,वैश्य,भूमिस्पृश्,विश्",वैश्यपत्नी,
विश्,पुं।,वैश्यः,,समूहः,द्रव्यम्,पृथ्वी,चलसजीवः,मनुष्यः,,,"ऊरव्य,ऊरुज,अर्य,वैश्य,भूमिस्पृश्,विश्",वैश्यपत्नी,
आजीव,पुं।,जीवनोपायः,,वृत्तिः,,,,,,,"आजीव,जीविका,वार्ता,वृत्ति,वर्तन,जीवन",,"परचित्तानुवर्त्तनम्,कर्षणम्,तण्डुलादियाचितः,वाणिज्यम्,ऋणसम्बन्धिकालान्तरद्रव्येण_लोकजीविका"
जीविका,स्त्री।,जीवनोपायः,,वृत्तिः,,,,,,,"आजीव,जीविका,वार्ता,वृत्ति,वर्तन,जीवन",,"परचित्तानुवर्त्तनम्,कर्षणम्,तण्डुलादियाचितः,वाणिज्यम्,ऋणसम्बन्धिकालान्तरद्रव्येण_लोकजीविका"
वार्ता,स्त्री।,जीवनोपायः,,वृत्तिः,,,,,,,"आजीव,जीविका,वार्ता,वृत्ति,वर्तन,जीवन",,"परचित्तानुवर्त्तनम्,कर्षणम्,तण्डुलादियाचितः,वाणिज्यम्,ऋणसम्बन्धिकालान्तरद्रव्येण_लोकजीविका"
वृत्ति,स्त्री।,जीवनोपायः,,वृत्तिः,,,,,,,"आजीव,जीविका,वार्ता,वृत्ति,वर्तन,जीवन",,"परचित्तानुवर्त्तनम्,कर्षणम्,तण्डुलादियाचितः,वाणिज्यम्,ऋणसम्बन्धिकालान्तरद्रव्येण_लोकजीविका"
वर्तन,नपुं।,जीवनोपायः,,वृत्तिः,,,,,,,"आजीव,जीविका,वार्ता,वृत्ति,वर्तन,जीवन",,"परचित्तानुवर्त्तनम्,कर्षणम्,तण्डुलादियाचितः,वाणिज्यम्,ऋणसम्बन्धिकालान्तरद्रव्येण_लोकजीविका"
जीवन,नपुं।,जीवनोपायः,,वृत्तिः,,,,,,,"आजीव,जीविका,वार्ता,वृत्ति,वर्तन,जीवन",,"परचित्तानुवर्त्तनम्,कर्षणम्,तण्डुलादियाचितः,वाणिज्यम्,ऋणसम्बन्धिकालान्तरद्रव्येण_लोकजीविका"
कृषि,स्त्री।,जीवनोपायमार्गः,,वृत्तिः,,,,,,,"कृषि,पाशुपाल्य,वाणिज्य",,
पाशुपाल्य,नपुं।,जीवनोपायमार्गः,,वृत्तिः,,,,,,,"कृषि,पाशुपाल्य,वाणिज्य",,
वाणिज्य,नपुं।,जीवनोपायमार्गः,,वृत्तिः,,,,,,,"कृषि,पाशुपाल्य,वाणिज्य",,
सेवा,स्त्री।,परचित्तानुवर्त्तनम्,,वृत्तिः,,,,,,,"सेवा,श्ववृत्ति",,
श्ववृत्ति,स्त्री।,परचित्तानुवर्त्तनम्,,वृत्तिः,,,,,,,"सेवा,श्ववृत्ति",,
अनृत,नपुं।,कर्षणम्,,वृत्तिः,,,,,,,"अनृत,कृषि","कृषीवलः,कृष्टक्षेत्रम्",
कृषि,स्त्री।,कर्षणम्,,वृत्तिः,,,,,,,"अनृत,कृषि","कृषीवलः,कृष्टक्षेत्रम्",
उञ्छशिल,नपुं।,खलादिपतितधान्यसङ्ग्रहः,,वृत्तिः,,,,,,,"उञ्छशिल,ऋत",,
ऋत,नपुं।,खलादिपतितधान्यसङ्ग्रहः,,वृत्तिः,,,,,,,"उञ्छशिल,ऋत",,
मृत,नपुं।,तण्डुलादियाचितः,,,द्रव्यम्,पृथ्वी,चलसजीवः,मनुष्यः,,,मृत,,
अमृत,नपुं।,अयाचितः,,,द्रव्यम्,पृथ्वी,चलसजीवः,मनुष्यः,,,अमृत,,
सत्यानृत,नपुं।,वाणिज्यम्,,वृत्तिः,,,,,,,"सत्यानृत,वणिग्भाव","नौकया_वाणिज्यकारी,वणिक्",
वणिग्भाव,पुं।,वाणिज्यम्,,वृत्तिः,,,,,,,"सत्यानृत,वणिग्भाव","नौकया_वाणिज्यकारी,वणिक्",
ऋण,नपुं।,ऋणम्,,,द्रव्यम्,,,,,,"ऋण,पर्युदञ्चन,उद्धार","ऋणसम्बन्धिकालान्तरद्रव्येण_लोकजीविका,ऋणं_दत्वा_तद्वृत्याजीविपुरुषः",
पर्युदञ्चन,नपुं।,ऋणम्,,,द्रव्यम्,,,,,,"ऋण,पर्युदञ्चन,उद्धार","ऋणसम्बन्धिकालान्तरद्रव्येण_लोकजीविका,ऋणं_दत्वा_तद्वृत्याजीविपुरुषः",
उद्धार,पुं।,ऋणम्,,,द्रव्यम्,,,,,,"ऋण,पर्युदञ्चन,उद्धार","ऋणसम्बन्धिकालान्तरद्रव्येण_लोकजीविका,ऋणं_दत्वा_तद्वृत्याजीविपुरुषः",
अर्थप्रयोग,पुं।,ऋणसम्बन्धिकालान्तरद्रव्येण_लोकजीविका,,वृत्तिः,,,,,,,"अर्थप्रयोग,कुसीद,वृद्धिजीविका",ऋणम्,
कुसीद,नपुं।,ऋणसम्बन्धिकालान्तरद्रव्येण_लोकजीविका,,वृत्तिः,,,,,,,"अर्थप्रयोग,कुसीद,वृद्धिजीविका",ऋणम्,
वृद्धिजीविका,स्त्री।,ऋणसम्बन्धिकालान्तरद्रव्येण_लोकजीविका,,वृत्तिः,,,,,,,"अर्थप्रयोग,कुसीद,वृद्धिजीविका",ऋणम्,
याचितक,नपुं।,याच्ञया_प्राप्तम्,,,द्रव्यम्,,,,,,याचितक,,
आपमित्यक,नपुं।,परिवर्तनेनाप्तम्,,,द्रव्यम्,,,,,,आपमित्यक,,
उत्तमर्ण,पुं।,ऋणव्यवहारे_धनस्वामिः,,,द्रव्यम्,पृथ्वी,चलसजीवः,मनुष्यः,,,उत्तमर्ण,ऋणव्यवहारे_धनग्राहकः,
अधमर्ण,पुं।,ऋणव्यवहारे_धनग्राहकः,,,द्रव्यम्,पृथ्वी,चलसजीवः,मनुष्यः,,,अधमर्ण,ऋणव्यवहारे_धनस्वामिः,
कुसीदिक,पुं।,ऋणं_दत्वा_तद्वृत्याजीविपुरुषः,,,द्रव्यम्,पृथ्वी,चलसजीवः,मनुष्यः,,,"कुसीदिक,वार्धूषिक,वृद्ध्याजीव,वार्धुषि",ऋणम्,
वार्धूषिक,पुं।,ऋणं_दत्वा_तद्वृत्याजीविपुरुषः,,,द्रव्यम्,पृथ्वी,चलसजीवः,मनुष्यः,,,"कुसीदिक,वार्धूषिक,वृद्ध्याजीव,वार्धुषि",ऋणम्,
वृद्ध्याजीव,पुं।,ऋणं_दत्वा_तद्वृत्याजीविपुरुषः,,,द्रव्यम्,पृथ्वी,चलसजीवः,मनुष्यः,,,"कुसीदिक,वार्धूषिक,वृद्ध्याजीव,वार्धुषि",ऋणम्,
वार्धुषि,पुं।,ऋणं_दत्वा_तद्वृत्याजीविपुरुषः,,,द्रव्यम्,पृथ्वी,चलसजीवः,मनुष्यः,,,"कुसीदिक,वार्धूषिक,वृद्ध्याजीव,वार्धुषि",ऋणम्,
क्षेत्राजीव,पुं।,कृषीवलः,,वृत्तिः,द्रव्यम्,पृथ्वी,चलसजीवः,मनुष्यः,,,"क्षेत्राजीव,कर्षक,कृषक,कृषीवल,कीनाश","क्षेत्रम्,कर्षणम्",शाकक्षेत्रादिकः
कर्षक,पुं।,कृषीवलः,,वृत्तिः,द्रव्यम्,पृथ्वी,चलसजीवः,मनुष्यः,,,"क्षेत्राजीव,कर्षक,कृषक,कृषीवल,कीनाश","क्षेत्रम्,कर्षणम्",शाकक्षेत्रादिकः
कृषक,पुं।,कृषीवलः,,वृत्तिः,द्रव्यम्,पृथ्वी,चलसजीवः,मनुष्यः,,,"क्षेत्राजीव,कर्षक,कृषक,कृषीवल,कीनाश","क्षेत्रम्,कर्षणम्",शाकक्षेत्रादिकः
कृषीवल,पुं।,कृषीवलः,,वृत्तिः,द्रव्यम्,पृथ्वी,चलसजीवः,मनुष्यः,,,"क्षेत्राजीव,कर्षक,कृषक,कृषीवल,कीनाश","क्षेत्रम्,कर्षणम्",शाकक्षेत्रादिकः
व्रैहेय,वि।,धान्यसामान्योत्पत्तियोग्यक्षेत्रम्,,,द्रव्यम्,पृथ्वी,,,,,व्रैहेय,,
शालेय,वि।,कलमाद्युत्पत्तियोग्यक्षेत्रम्,,,द्रव्यम्,पृथ्वी,,,,,शालेय,,
यव्य,वि।,यवक्षेत्रम्,,,द्रव्यम्,पृथ्वी,,,,,यव्य,,
यवक्य,वि।,यवकक्षेत्रम्,,,द्रव्यम्,पृथ्वी,,,,,यवक्य,,
षष्टिक्य,वि।,षष्टिकक्षेत्रम्,,,द्रव्यम्,पृथ्वी,,,,,षष्टिक्य,,
तिल्य,वि।,तिलक्षेत्रम्,,,द्रव्यम्,पृथ्वी,,,,,"तिल्य,तैलीन",,
तैलीन,वि।,तिलक्षेत्रम्,,,द्रव्यम्,पृथ्वी,,,,,"तिल्य,तैलीन",,
माष्य,नपुं।,माषक्षेत्रम्,,,द्रव्यम्,पृथ्वी,,,,,"माष्य,माषीण",,
माषीण,वि।,माषक्षेत्रम्,,,द्रव्यम्,पृथ्वी,,,,,"माष्य,माषीण",,
उम्य,नपुं।,उमाक्षेत्रम्,,,द्रव्यम्,पृथ्वी,,,,,"उम्य,औमीन",,
औमीन,नपुं।,उमाक्षेत्रम्,,,द्रव्यम्,पृथ्वी,,,,,"उम्य,औमीन",,
अणव्य,नपुं।,अणुधान्यक्षेत्रम्,,,द्रव्यम्,पृथ्वी,,,,,"अणव्य,अणवीन",,
अणवीन,वि।,अणुधान्यक्षेत्रम्,,,द्रव्यम्,पृथ्वी,,,,,"अणव्य,अणवीन",,
भङ्ग्य,नपुं।,भङ्गाधान्यक्षेत्रम्,,,द्रव्यम्,पृथ्वी,,,,,"भङ्ग्य,भाङ्गीन",,
भाङ्गीन,वि।,भङ्गाधान्यक्षेत्रम्,,,द्रव्यम्,पृथ्वी,,,,,"भङ्ग्य,भाङ्गीन",,
मौद्गीन,वि।,मुद्गाधान्योद्भवक्षेत्रम्,,,द्रव्यम्,पृथ्वी,,,,,मौद्गीन,,
कौद्रवीण,नपुं।,कुद्रवधान्योद्भवक्षेत्रम्,,,द्रव्यम्,पृथ्वी,,,,,कौद्रवीण,,
चाणकीण,वि।,चणकधान्योद्भवक्षेत्रम्,,,द्रव्यम्,पृथ्वी,,,,,चाणकीण,चणकः,
गौधुमीण,नपुं।,गोधुमधान्योद्भवक्षेत्रम्,,,द्रव्यम्,पृथ्वी,,,,,गौधुमीण,गोधुमः,
कालायीण,नपुं।,कालयधान्योद्भवक्षेत्रम्,,,द्रव्यम्,पृथ्वी,,,,,कालायीण,,
कौदुमीण,नपुं।,कोधुमधान्योद्भवक्षेत्रम्,,,द्रव्यम्,पृथ्वी,,,,,कौदुमीण,,
प्रैयङ्गवीण,नपुं।,प्रियङ्गधान्योद्भवक्षेत्रम्,,,द्रव्यम्,पृथ्वी,,,,,प्रैयङ्गवीण,,
शाकशाकट,वि।,शाकक्षेत्रादिकः,,,द्रव्यम्,पृथ्वी,,,,,"शाकशाकट,शाकशाकिन",,
शाकशाकिन,वि।,शाकक्षेत्रादिकः,,,द्रव्यम्,पृथ्वी,,,,,"शाकशाकट,शाकशाकिन",,
बीजाकृत,नपुं।,बीजवापोत्तरं_कृष्टक्षेत्रम्,,,द्रव्यम्,पृथ्वी,,,,,"बीजाकृत,उप्तकृष्ट",,
उप्तकृष्ट,वि।,बीजवापोत्तरं_कृष्टक्षेत्रम्,,,द्रव्यम्,पृथ्वी,,,,,"बीजाकृत,उप्तकृष्ट",,
सीत्य,वि।,कृष्टक्षेत्रम्,,,द्रव्यम्,पृथ्वी,,,,,"सीत्य,कृष्ट,हल्यवत्",कर्षणम्,
कृष्ट,वि।,कृष्टक्षेत्रम्,,,द्रव्यम्,पृथ्वी,,,,,"सीत्य,कृष्ट,हल्यवत्",कर्षणम्,
हल्यवत्,नपुं।,कृष्टक्षेत्रम्,,,द्रव्यम्,पृथ्वी,,,,,"सीत्य,कृष्ट,हल्यवत्",कर्षणम्,
त्रिगुणाकृत,वि।,वारत्रयकृष्टक्षेत्रम्,,,द्रव्यम्,पृथ्वी,,,,,"त्रिगुणाकृत,तृतीयाकृत,त्रिहल्य,त्रिसीत्य",,
तृतीयाकृत,वि।,वारत्रयकृष्टक्षेत्रम्,,,द्रव्यम्,पृथ्वी,,,,,"त्रिगुणाकृत,तृतीयाकृत,त्रिहल्य,त्रिसीत्य",,
त्रिहल्य,वि।,वारत्रयकृष्टक्षेत्रम्,,,द्रव्यम्,पृथ्वी,,,,,"त्रिगुणाकृत,तृतीयाकृत,त्रिहल्य,त्रिसीत्य",,
त्रिसीत्य,वि।,वारत्रयकृष्टक्षेत्रम्,,,द्रव्यम्,पृथ्वी,,,,,"त्रिगुणाकृत,तृतीयाकृत,त्रिहल्य,त्रिसीत्य",,
द्विगुणाकृत,वि।,द्विवारकृष्टक्षेत्रम्,,,द्रव्यम्,पृथ्वी,,,,,"द्विगुणाकृत,द्वितीयाकृत,द्विहल्य,द्विसीत्य,शम्बाकृत",,
द्वितीयाकृत,वि।,द्विवारकृष्टक्षेत्रम्,,,द्रव्यम्,पृथ्वी,,,,,"द्विगुणाकृत,द्वितीयाकृत,द्विहल्य,द्विसीत्य,शम्बाकृत",,
द्विहल्य,वि।,द्विवारकृष्टक्षेत्रम्,,,द्रव्यम्,पृथ्वी,,,,,"द्विगुणाकृत,द्वितीयाकृत,द्विहल्य,द्विसीत्य,शम्बाकृत",,
द्विसीत्य,वि।,द्विवारकृष्टक्षेत्रम्,,,द्रव्यम्,पृथ्वी,,,,,"द्विगुणाकृत,द्वितीयाकृत,द्विहल्य,द्विसीत्य,शम्बाकृत",,
शम्बाकृत,वि।,द्विवारकृष्टक्षेत्रम्,,,द्रव्यम्,पृथ्वी,,,,,"द्विगुणाकृत,द्वितीयाकृत,द्विहल्य,द्विसीत्य,शम्बाकृत",,
द्रौणिका,नपुं।,द्रोणपरिमितव्रीहिवापयोग्यक्षेत्रम्,,,द्रव्यम्,पृथ्वी,,,,,द्रौणिका,,
आढकिक,वि।,आढकपरिमितव्रीहिवापयोग्यक्षेत्रम्,,,द्रव्यम्,पृथ्वी,,,,,आढकिक,,
कौडविक,वि।,कुडवपरिमितव्रीहिवापयोग्यक्षेत्रम्,,,द्रव्यम्,पृथ्वी,,,,,कौडविक,,
प्रास्थिक,वि।,प्रस्थपरिमितव्रीहिवापयोग्यक्षेत्रम्,,,द्रव्यम्,पृथ्वी,,,,,प्रास्थिक,,
खारीक,पुं।,खारीपरिमितव्रीहिवापयोग्यक्षेत्रम्,,,द्रव्यम्,पृथ्वी,,,,,खारीक,,
वप्र,पुं-नपुं।,क्षेत्रम्,,,द्रव्यम्,पृथ्वी,,,,,"वप्र,केदार,क्षेत्र,वलज,करण","मृद्खण्डः,लाङ्गलकृतरेखा,कृषीवलः","धान्यसामान्योत्पत्तियोग्यक्षेत्रम्,कलमाद्युत्पत्तियोग्यक्षेत्रम्,यवक्षेत्रम्,यवकक्षेत्रम्,षष्टिकक्षेत्रम्,तिलक्षेत्रम्,माषक्षेत्रम्,उमाक्षेत्रम्,अणुधान्यक्षेत्रम्,भङ्गाधान्यक्षेत्रम्,मुद्गाधान्योद्भवक्षेत्रम्,कुद्रवधान्योद्भवक्षेत्रम्,चणकधान्योद्भवक्षेत्रम्,गोधुमधान्योद्भवक्षेत्रम्,कालयधान्योद्भवक्षेत्रम्,कोधुमधान्योद्भवक्षेत्रम्,प्रियङ्गधान्योद्भवक्षेत्रम्,बीजवापोत्तरं_कृष्टक्षेत्रम्,कृष्टक्षेत्रम्,वारत्रयकृष्टक्षेत्रम्,द्विवारकृष्टक्षेत्रम्,द्रोणपरिमितव्रीहिवापयोग्यक्षेत्रम्,आढकपरिमितव्रीहिवापयोग्यक्षेत्रम्,कुडवपरिमितव्रीहिवापयोग्यक्षेत्रम्,प्रस्थपरिमितव्रीहिवापयोग्यक्षेत्रम्,खारीपरिमितव्रीहिवापयोग्यक्षेत्रम्"
केदार,पुं।,क्षेत्रम्,,,द्रव्यम्,पृथ्वी,,,,,"वप्र,केदार,क्षेत्र,वलज,करण","मृद्खण्डः,लाङ्गलकृतरेखा,कृषीवलः","धान्यसामान्योत्पत्तियोग्यक्षेत्रम्,कलमाद्युत्पत्तियोग्यक्षेत्रम्,यवक्षेत्रम्,यवकक्षेत्रम्,षष्टिकक्षेत्रम्,तिलक्षेत्रम्,माषक्षेत्रम्,उमाक्षेत्रम्,अणुधान्यक्षेत्रम्,भङ्गाधान्यक्षेत्रम्,मुद्गाधान्योद्भवक्षेत्रम्,कुद्रवधान्योद्भवक्षेत्रम्,चणकधान्योद्भवक्षेत्रम्,गोधुमधान्योद्भवक्षेत्रम्,कालयधान्योद्भवक्षेत्रम्,कोधुमधान्योद्भवक्षेत्रम्,प्रियङ्गधान्योद्भवक्षेत्रम्,बीजवापोत्तरं_कृष्टक्षेत्रम्,कृष्टक्षेत्रम्,वारत्रयकृष्टक्षेत्रम्,द्विवारकृष्टक्षेत्रम्,द्रोणपरिमितव्रीहिवापयोग्यक्षेत्रम्,आढकपरिमितव्रीहिवापयोग्यक्षेत्रम्,कुडवपरिमितव्रीहिवापयोग्यक्षेत्रम्,प्रस्थपरिमितव्रीहिवापयोग्यक्षेत्रम्,खारीपरिमितव्रीहिवापयोग्यक्षेत्रम्"
क्षेत्र,नपुं।,क्षेत्रम्,,,द्रव्यम्,पृथ्वी,,,,,"वप्र,केदार,क्षेत्र,वलज,करण","मृद्खण्डः,लाङ्गलकृतरेखा,कृषीवलः","धान्यसामान्योत्पत्तियोग्यक्षेत्रम्,कलमाद्युत्पत्तियोग्यक्षेत्रम्,यवक्षेत्रम्,यवकक्षेत्रम्,षष्टिकक्षेत्रम्,तिलक्षेत्रम्,माषक्षेत्रम्,उमाक्षेत्रम्,अणुधान्यक्षेत्रम्,भङ्गाधान्यक्षेत्रम्,मुद्गाधान्योद्भवक्षेत्रम्,कुद्रवधान्योद्भवक्षेत्रम्,चणकधान्योद्भवक्षेत्रम्,गोधुमधान्योद्भवक्षेत्रम्,कालयधान्योद्भवक्षेत्रम्,कोधुमधान्योद्भवक्षेत्रम्,प्रियङ्गधान्योद्भवक्षेत्रम्,बीजवापोत्तरं_कृष्टक्षेत्रम्,कृष्टक्षेत्रम्,वारत्रयकृष्टक्षेत्रम्,द्विवारकृष्टक्षेत्रम्,द्रोणपरिमितव्रीहिवापयोग्यक्षेत्रम्,आढकपरिमितव्रीहिवापयोग्यक्षेत्रम्,कुडवपरिमितव्रीहिवापयोग्यक्षेत्रम्,प्रस्थपरिमितव्रीहिवापयोग्यक्षेत्रम्,खारीपरिमितव्रीहिवापयोग्यक्षेत्रम्"
कैदारक,नपुं।,क्षेत्रगणम्,,समूहः,द्रव्यम्,पृथ्वी,,,,,"कैदारक,कैदार्य,क्षैत्र,कैदारिक",क्षेत्रम्,
कैदार्य,नपुं।,क्षेत्रगणम्,,समूहः,द्रव्यम्,पृथ्वी,,,,,"कैदारक,कैदार्य,क्षैत्र,कैदारिक",क्षेत्रम्,
क्षैत्र,नपुं।,क्षेत्रगणम्,,समूहः,द्रव्यम्,पृथ्वी,,,,,"कैदारक,कैदार्य,क्षैत्र,कैदारिक",क्षेत्रम्,
कैदारिक,नपुं।,क्षेत्रगणम्,,समूहः,द्रव्यम्,पृथ्वी,,,,,"कैदारक,कैदार्य,क्षैत्र,कैदारिक",क्षेत्रम्,
लोष्ट,पुं-नपुं।,मृद्खण्डः,,,द्रव्यम्,पृथ्वी,,,,,"लोष्ट,लेष्टु",,
लेष्टु,पुं।,मृद्खण्डः,,,द्रव्यम्,पृथ्वी,,,,,"लोष्ट,लेष्टु",,
कोटिश,पुं।,लोष्टभेदनकाष्ठम्,,,द्रव्यम्,पृथ्वी,अचलनिर्जीवः,अचलनिर्जीववस्तु,,,"कोटिश,लोष्टभेदन",,
लोष्टभेदन,पुं।,लोष्टभेदनकाष्ठम्,,,द्रव्यम्,पृथ्वी,अचलनिर्जीवः,अचलनिर्जीववस्तु,,,"कोटिश,लोष्टभेदन",,
प्राजन,नपुं।,वृषभादिप्रेरणदण्डः,,"उपकरणम्,आयुधम्",,,,,,,"प्राजन,तोदन,तोत्र",,
तोदन,नपुं।,वृषभादिप्रेरणदण्डः,,"उपकरणम्,आयुधम्",,,,,,,"प्राजन,तोदन,तोत्र",,
तोत्र,नपुं।,वृषभादिप्रेरणदण्डः,,"उपकरणम्,आयुधम्",,,,,,,"प्राजन,तोदन,तोत्र",,
खनित्र,नपुं।,खननाद्यर्थायुधम्,,"उपकरणम्,आयुधम्",,,,,,,"खनित्र,अवदारण",,
अवदारण,नपुं।,खननाद्यर्थायुधम्,,"उपकरणम्,आयुधम्",,,,,,,"खनित्र,अवदारण",,
दात्र,नपुं।,तृणच्छेदनायुधम्,,"उपकरणम्,आयुधम्",,,,,,,"दात्र,लवित्र",,
लवित्र,नपुं।,तृणच्छेदनायुधम्,,"उपकरणम्,आयुधम्",,,,,,,"दात्र,लवित्र",,
आबन्ध,पुं।,वृषादेर्युगबन्धनरज्जुः,,,द्रव्यम्,पृथ्वी,अचलनिर्जीवः,अचलनिर्जीववस्तु,,,"आबन्ध,योत्र,योक्त्र",,
योत्र,नपुं।,वृषादेर्युगबन्धनरज्जुः,,,द्रव्यम्,पृथ्वी,अचलनिर्जीवः,अचलनिर्जीववस्तु,,,"आबन्ध,योत्र,योक्त्र",,
योक्त्र,नपुं।,वृषादेर्युगबन्धनरज्जुः,,,द्रव्यम्,पृथ्वी,अचलनिर्जीवः,अचलनिर्जीववस्तु,,,"आबन्ध,योत्र,योक्त्र",,
फल,नपुं।,लाङ्गलस्याधस्थलोहकाष्ठम्,,"उपकरणम्,आयुधम्",,,,,,,"फल,निरीश,कुटक,फाल,कृषिक",,
निरीश,नपुं।,लाङ्गलस्याधस्थलोहकाष्ठम्,,"उपकरणम्,आयुधम्",,,,,,,"फल,निरीश,कुटक,फाल,कृषिक",,
कुटक,नपुं।,लाङ्गलस्याधस्थलोहकाष्ठम्,,"उपकरणम्,आयुधम्",,,,,,,"फल,निरीश,कुटक,फाल,कृषिक",,
फाल,पुं।,लाङ्गलस्याधस्थलोहकाष्ठम्,,"उपकरणम्,आयुधम्",,,,,,,"फल,निरीश,कुटक,फाल,कृषिक",,
कृषिक,पुं।,लाङ्गलस्याधस्थलोहकाष्ठम्,,"उपकरणम्,आयुधम्",,,,,,,"फल,निरीश,कुटक,फाल,कृषिक",,
लाङ्गल,नपुं।,हलम्,,"उपकरणम्,आयुधम्",,,,,,,"लाङ्गल,हल,गोदारण,सीर,पोत्र","लाङ्गलस्याधस्थलोहकाष्ठम्,युगस्य_कीलकः,हलयुगयोर्मध्यकाष्ठम्",
हल,नपुं।,हलम्,,"उपकरणम्,आयुधम्",,,,,,,"लाङ्गल,हल,गोदारण,सीर,पोत्र","लाङ्गलस्याधस्थलोहकाष्ठम्,युगस्य_कीलकः,हलयुगयोर्मध्यकाष्ठम्",
गोदारण,नपुं।,हलम्,,"उपकरणम्,आयुधम्",,,,,,,"लाङ्गल,हल,गोदारण,सीर,पोत्र","लाङ्गलस्याधस्थलोहकाष्ठम्,युगस्य_कीलकः,हलयुगयोर्मध्यकाष्ठम्",
सीर,पुं।,हलम्,,"उपकरणम्,आयुधम्",,,,,,,"लाङ्गल,हल,गोदारण,सीर,पोत्र","लाङ्गलस्याधस्थलोहकाष्ठम्,युगस्य_कीलकः,हलयुगयोर्मध्यकाष्ठम्",
शम्या,स्त्री।,युगस्य_कीलकः,,,द्रव्यम्,पृथ्वी,अचलनिर्जीवः,अचलनिर्जीववस्तु,,,"शम्या,युगकीलक",,
युगकीलक,पुं।,युगस्य_कीलकः,,,द्रव्यम्,पृथ्वी,अचलनिर्जीवः,अचलनिर्जीववस्तु,,,"शम्या,युगकीलक",,
ईशा,स्त्री।,हलयुगयोर्मध्यकाष्ठम्,,,द्रव्यम्,पृथ्वी,अचलनिर्जीवः,अचलनिर्जीववस्तु,,,"ईशा,लाङ्गलदण्ड",,
लाङ्गलदण्ड,पुं।,हलयुगयोर्मध्यकाष्ठम्,,,द्रव्यम्,पृथ्वी,अचलनिर्जीवः,अचलनिर्जीववस्तु,,,"ईशा,लाङ्गलदण्ड",,
सीता,स्त्री।,लाङ्गलकृतरेखा,,चिह्नम्,,,,,,,"सीता,लाङ्गलपद्धति",,
लाङ्गलपद्धति,स्त्री।,लाङ्गलकृतरेखा,,चिह्नम्,,,,,,,"सीता,लाङ्गलपद्धति",,
मेधि,पुं।,पशुबन्धनस्तम्भः,,,द्रव्यम्,पृथ्वी,अचलनिर्जीवः,अचलनिर्जीववस्तु,,,"मेधि,खलेदारु",,
खलेदारु,नपुं।,पशुबन्धनस्तम्भः,,,द्रव्यम्,पृथ्वी,अचलनिर्जीवः,अचलनिर्जीववस्तु,,,"मेधि,खलेदारु",,
आशु,वि।,व्रीहिः,,"खाद्यम्,प्राकृतिकखाद्यम्",,,,,,,"आशु,व्रीहि,पाटल",,व्रीहिभेदः
व्रीहि,पुं।,व्रीहिः,,"खाद्यम्,प्राकृतिकखाद्यम्",,,,,,,"आशु,व्रीहि,पाटल",,व्रीहिभेदः
पाटल,पुं।,व्रीहिः,,"खाद्यम्,प्राकृतिकखाद्यम्",,,,,,,"आशु,व्रीहि,पाटल",,व्रीहिभेदः
शितशूक,पुं।,यवः,,"खाद्यम्,प्राकृतिकखाद्यम्",,,,,,,"शितशूक,यव,दीपक",,"अपक्वयवः,भर्जितयवः"
यव,पुं।,यवः,,"खाद्यम्,प्राकृतिकखाद्यम्",,,,,,,"शितशूक,यव,दीपक",,"अपक्वयवः,भर्जितयवः"
तोक्म,पुं।,अपक्वयवः,,"खाद्यम्,प्राकृतिकखाद्यम्",,,,,,,तोक्म,,
कलाय,पुं।,रेणुकः,,"खाद्यम्,प्राकृतिकखाद्यम्",,,,,,,"कलाय,सतीनक,हरेणु,खण्डिक",,
सतीनक,पुं।,रेणुकः,,"खाद्यम्,प्राकृतिकखाद्यम्",,,,,,,"कलाय,सतीनक,हरेणु,खण्डिक",,
हरेणु,पुं।,रेणुकः,,"खाद्यम्,प्राकृतिकखाद्यम्",,,,,,,"कलाय,सतीनक,हरेणु,खण्डिक",,
खण्डिक,पुं।,रेणुकः,,"खाद्यम्,प्राकृतिकखाद्यम्",,,,,,,"कलाय,सतीनक,हरेणु,खण्डिक",,
कोरदूष,पुं।,कोद्रवः,,"खाद्यम्,प्राकृतिकखाद्यम्",,,,,,,"कोरदूष,कोद्रव",,
कोद्रव,पुं।,कोद्रवः,,"खाद्यम्,प्राकृतिकखाद्यम्",,,,,,,"कोरदूष,कोद्रव",,
मङ्गल्यक,पुं।,मसूरः,,"खाद्यम्,प्राकृतिकखाद्यम्",,,,,,,"मङ्गल्यक,मसूर",,
मसूर,पुं।,मसूरः,,"खाद्यम्,प्राकृतिकखाद्यम्",,,,,,,"मङ्गल्यक,मसूर",,
मकुष्ठक,पुं।,वनमुद्गः,,"खाद्यम्,प्राकृतिकखाद्यम्",,,,,,,"मकुष्ठक,मयुष्ठक,वनमुद्ग",,
मयुष्ठक,पुं।,वनमुद्गः,,"खाद्यम्,प्राकृतिकखाद्यम्",,,,,,,"मकुष्ठक,मयुष्ठक,वनमुद्ग",,
वनमुद्ग,पुं।,वनमुद्गः,,"खाद्यम्,प्राकृतिकखाद्यम्",,,,,,,"मकुष्ठक,मयुष्ठक,वनमुद्ग",,
सर्षप,पुं।,सर्षपः,,"खाद्यम्,प्राकृतिकखाद्यम्",,,,,,,"सर्षप,तन्तुभ,कदम्बक",,"श्वेतसर्षपः,कृष्णसर्षपः"
तन्तुभ,पुं।,सर्षपः,,"खाद्यम्,प्राकृतिकखाद्यम्",,,,,,,"सर्षप,तन्तुभ,कदम्बक",,"श्वेतसर्षपः,कृष्णसर्षपः"
कदम्बक,पुं।,सर्षपः,,"खाद्यम्,प्राकृतिकखाद्यम्",,,,,,,"सर्षप,तन्तुभ,कदम्बक",,"श्वेतसर्षपः,कृष्णसर्षपः"
सिद्धार्थ,पुं।,श्वेतसर्षपः,,"खाद्यम्,प्राकृतिकखाद्यम्",,,,,,,सिद्धार्थ,,
गोधूम,पुं।,गोधुमः,,"खाद्यम्,प्राकृतिकखाद्यम्",,,,,,,"गोधूम,सुमन",गोधुमधान्योद्भवक्षेत्रम्,
सुमन,पुं।,गोधुमः,,"खाद्यम्,प्राकृतिकखाद्यम्",,,,,,,"गोधूम,सुमन",गोधुमधान्योद्भवक्षेत्रम्,
यावक,पुं।,अर्धस्विन्नयवादिः,,"खाद्यम्,प्राकृतिकखाद्यम्",,,,,,,"यावक,कुल्माष",,
कुल्माष,पुं।,अर्धस्विन्नयवादिः,,"खाद्यम्,प्राकृतिकखाद्यम्",,,,,,,"यावक,कुल्माष",,
चणक,पुं।,चणकः,,"खाद्यम्,प्राकृतिकखाद्यम्",,,,,,,"चणक,हरिमन्थक",चणकधान्योद्भवक्षेत्रम्,चणभेदः
हरिमन्थक,पुं।,चणकः,,"खाद्यम्,प्राकृतिकखाद्यम्",,,,,,,"चणक,हरिमन्थक",चणकधान्योद्भवक्षेत्रम्,चणभेदः
तिलपेज,पुं।,तैलहीनतिलः,,"खाद्यम्,प्राकृतिकखाद्यम्",,,,,,,"तिलपेज,तिलपिञ्ज",,
तिलपिञ्ज,पुं।,तैलहीनतिलः,,"खाद्यम्,प्राकृतिकखाद्यम्",,,,,,,"तिलपेज,तिलपिञ्ज",,
क्षव,पुं।,कृष्णसर्षपः,,"खाद्यम्,प्राकृतिकखाद्यम्",,,,,,,"क्षव,क्षुधाभिजनन,राजिका,कृष्णिका,आसुरी",,
क्षुधाभिजनन,पुं।,कृष्णसर्षपः,,"खाद्यम्,प्राकृतिकखाद्यम्",,,,,,,"क्षव,क्षुधाभिजनन,राजिका,कृष्णिका,आसुरी",,
राजिका,स्त्री।,कृष्णसर्षपः,,"खाद्यम्,प्राकृतिकखाद्यम्",,,,,,,"क्षव,क्षुधाभिजनन,राजिका,कृष्णिका,आसुरी",,
कृष्णिका,स्त्री।,कृष्णसर्षपः,,"खाद्यम्,प्राकृतिकखाद्यम्",,,,,,,"क्षव,क्षुधाभिजनन,राजिका,कृष्णिका,आसुरी",,
आसुरी,स्त्री।,कृष्णसर्षपः,,"खाद्यम्,प्राकृतिकखाद्यम्",,,,,,,"क्षव,क्षुधाभिजनन,राजिका,कृष्णिका,आसुरी",,
कङ्गु,स्त्री।,कङ्गुः,,"खाद्यम्,प्राकृतिकखाद्यम्",,,,,,,"कङ्गु,प्रियङ्गु",,
प्रियङ्गु,स्त्री।,कङ्गुः,,"खाद्यम्,प्राकृतिकखाद्यम्",,,,,,,"कङ्गु,प्रियङ्गु",,
अतसी,स्त्री।,अतसी,,"खाद्यम्,प्राकृतिकखाद्यम्",,,,,,,"अतसी,उमा,क्षुमा",,
उमा,स्त्री।,अतसी,,"खाद्यम्,प्राकृतिकखाद्यम्",,,,,,,"अतसी,उमा,क्षुमा",,
क्षुमा,स्त्री।,अतसी,,"खाद्यम्,प्राकृतिकखाद्यम्",,,,,,,"अतसी,उमा,क्षुमा",,
मातुलानी,स्त्री।,चणभेदः,,"खाद्यम्,प्राकृतिकखाद्यम्",,,,,,,"मातुलानी,भङ्गा",,
भङ्गा,स्त्री।,चणभेदः,,"खाद्यम्,प्राकृतिकखाद्यम्",,,,,,,"मातुलानी,भङ्गा",,
अणु,पुं।,व्रीहिभेदः,,"खाद्यम्,प्राकृतिकखाद्यम्",,,,,,,"अणु,हायन",,
किंशारु,पुं।,सस्यशूकम्,,अवयवः,,,,,,,"किंशारु,सस्यशूक",,
सस्यशूक,नपुं।,सस्यशूकम्,,अवयवः,,,,,,,"किंशारु,सस्यशूक",,
कणिश,नपुं।,धान्यमञ्जरी,,समूहः,,,,,,,"कणिश,सस्यमञ्जरी",सस्यशूकम्,
सस्यमञ्जरी,स्त्री।,धान्यमञ्जरी,,समूहः,,,,,,,"कणिश,सस्यमञ्जरी",सस्यशूकम्,
धान्य,नपुं।,धान्यम्,,"खाद्यम्,प्राकृतिकखाद्यम्",,,,,,,"धान्य,व्रीहि,स्तम्बकरि","यवादीनां_मूलम्,तुषः","व्रीहिः,यवः,रेणुकः,कोद्रवः,मसूरः,वनमुद्गः,सर्षपः,गोधुमः,अर्धस्विन्नयवादिः,चणकः,तैलहीनतिलः,कङ्गुः,अतसी,तीक्ष्णाग्रधान्यम्,अपनीततृणसशीकृत_धान्यम्,अपनीतबुसधान्यम्,शमीप्रभवमाषादिधान्यम्,यवादिशूकधान्यम्,कलमषष्टिकाद्याः,श्यामाकादितृणधान्यानि,अखण्डतण्डुलाः,तुच्छधान्यम्"
व्रीहि,पुं।,धान्यम्,,"खाद्यम्,प्राकृतिकखाद्यम्",,,,,,,"धान्य,व्रीहि,स्तम्बकरि","यवादीनां_मूलम्,तुषः","व्रीहिः,यवः,रेणुकः,कोद्रवः,मसूरः,वनमुद्गः,सर्षपः,गोधुमः,अर्धस्विन्नयवादिः,चणकः,तैलहीनतिलः,कङ्गुः,अतसी,तीक्ष्णाग्रधान्यम्,अपनीततृणसशीकृत_धान्यम्,अपनीतबुसधान्यम्,शमीप्रभवमाषादिधान्यम्,यवादिशूकधान्यम्,कलमषष्टिकाद्याः,श्यामाकादितृणधान्यानि,अखण्डतण्डुलाः,तुच्छधान्यम्"
स्तम्बकरि,पुं।,धान्यम्,,"खाद्यम्,प्राकृतिकखाद्यम्",,,,,,,"धान्य,व्रीहि,स्तम्बकरि","यवादीनां_मूलम्,तुषः","व्रीहिः,यवः,रेणुकः,कोद्रवः,मसूरः,वनमुद्गः,सर्षपः,गोधुमः,अर्धस्विन्नयवादिः,चणकः,तैलहीनतिलः,कङ्गुः,अतसी,तीक्ष्णाग्रधान्यम्,अपनीततृणसशीकृत_धान्यम्,अपनीतबुसधान्यम्,शमीप्रभवमाषादिधान्यम्,यवादिशूकधान्यम्,कलमषष्टिकाद्याः,श्यामाकादितृणधान्यानि,अखण्डतण्डुलाः,तुच्छधान्यम्"
स्तम्ब,पुं।,यवादीनां_मूलम्,,अवयवः,,,,,,,"स्तम्ब,गुच्छ",,
गुच्छ,पुं।,यवादीनां_मूलम्,,अवयवः,,,,,,,"स्तम्ब,गुच्छ",,
नाडी,स्त्री।,तृणादिकाण्डः,,,द्रव्यम्,पृथ्वी,अचलनिर्जीवः,अचलनिर्जीववस्तु,,,"नाडी,नाल",,धान्यरहितकाण्डः
नाल,नपुं।,तृणादिकाण्डः,,,द्रव्यम्,पृथ्वी,अचलनिर्जीवः,अचलनिर्जीववस्तु,,,"नाडी,नाल",,धान्यरहितकाण्डः
पलाल,पुं-नपुं।,धान्यरहितकाण्डः,,,द्रव्यम्,पृथ्वी,अचलनिर्जीवः,अचलनिर्जीववस्तु,,,पलाल,,
कडङ्गर,पुं।,पलालादिक्षोदः,,,द्रव्यम्,पृथ्वी,अचलनिर्जीवः,अचलनिर्जीववस्तु,,,"कडङ्गर,बुस",,
बुस,नपुं।,पलालादिक्षोदः,,,द्रव्यम्,पृथ्वी,अचलनिर्जीवः,अचलनिर्जीववस्तु,,,"कडङ्गर,बुस",,
धान्यत्वच्,स्त्री।,तुषः,,,द्रव्यम्,पृथ्वी,अचलनिर्जीवः,अचलनिर्जीववस्तु,,,"धान्यत्वच्,तुष",,
तुष,पुं।,तुषः,,,द्रव्यम्,पृथ्वी,अचलनिर्जीवः,अचलनिर्जीववस्तु,,,"धान्यत्वच्,तुष",,
शूक,पुं-नपुं।,तीक्ष्णाग्रधान्यम्,,"खाद्यम्,प्राकृतिकखाद्यम्",,,,,,,शूक,,
शमी,स्त्री।,शिम्बा,,,द्रव्यम्,पृथ्वी,अचलनिर्जीवः,अचलनिर्जीववस्तु,,,"शमी,शिम्बा",,
शिम्बा,स्त्री।,शिम्बा,,,द्रव्यम्,पृथ्वी,अचलनिर्जीवः,अचलनिर्जीववस्तु,,,"शमी,शिम्बा",,
ऋद्ध,वि।,अपनीततृणसशीकृत_धान्यम्,,"खाद्यम्,प्राकृतिकखाद्यम्",,,,,,,"ऋद्ध,आवसित",,
आवसित,वि।,अपनीततृणसशीकृत_धान्यम्,,"खाद्यम्,प्राकृतिकखाद्यम्",,,,,,,"ऋद्ध,आवसित",,
पूत,वि।,अपनीतबुसधान्यम्,,"खाद्यम्,प्राकृतिकखाद्यम्",,,,,,,"पूत,बहुलीकृत",,
बहुलीकृत,वि।,अपनीतबुसधान्यम्,,"खाद्यम्,प्राकृतिकखाद्यम्",,,,,,,"पूत,बहुलीकृत",,
शमीधान्य,नपुं।,शमीप्रभवमाषादिधान्यम्,,"खाद्यम्,प्राकृतिकखाद्यम्",,,,,,,शमीधान्य,,
शूकधान्य,नपुं।,यवादिशूकधान्यम्,,"खाद्यम्,प्राकृतिकखाद्यम्",,,,,,,शूकधान्य,,
शालि,पुं।,कलमषष्टिकाद्याः,,"खाद्यम्,प्राकृतिकखाद्यम्",,,,,,,शालि,,
तृणधान्य,नपुं।,श्यामाकादितृणधान्यानि,,"खाद्यम्,प्राकृतिकखाद्यम्",,,,,,,"तृणधान्य,नीवार",,
नीवार,पुं।,श्यामाकादितृणधान्यानि,,"खाद्यम्,प्राकृतिकखाद्यम्",,,,,,,"तृणधान्य,नीवार",,
गवेधु,स्त्री।,मुन्यन्नविशेषः,,पक्वम्,,,,,,,"गवेधु,गवेधुका",,
गवेधुका,स्त्री।,मुन्यन्नविशेषः,,पक्वम्,,,,,,,"गवेधु,गवेधुका",,
अयोग्र,पुं-नपुं।,मुसलः,,"उपकरणम्,गार्हिकोपकरणम्",,,,,,,"अयोग्र,मुसल",,
मुसल,पुं-नपुं।,मुसलः,,"उपकरणम्,गार्हिकोपकरणम्",,,,,,,"अयोग्र,मुसल",,
उदूखल,नपुं।,उलूखलम्,,"उपकरणम्,गार्हिकोपकरणम्",,,,,,,"उदूखल,उलूखल",मुसलः,
उलूखल,नपुं।,उलूखलम्,,"उपकरणम्,गार्हिकोपकरणम्",,,,,,,"उदूखल,उलूखल",मुसलः,
प्रस्फोटन,नपुं।,शूर्पम्,,"उपकरणम्,गार्हिकोपकरणम्",,,,,,,"प्रस्फोटन,शूर्प",,
शूर्प,पुं-नपुं।,शूर्पम्,,"उपकरणम्,गार्हिकोपकरणम्",,,,,,,"प्रस्फोटन,शूर्प",,
चालनी,स्त्री।,चालनी,,"उपकरणम्,गार्हिकोपकरणम्",,,,,,,"चालनी,तितउ",,
तितउ,पुं।,चालनी,,"उपकरणम्,गार्हिकोपकरणम्",,,,,,,"चालनी,तितउ",,
स्यूत,पुं।,धान्यादिभरणार्थं_वस्त्रादिनानिर्मितस्यूतः,,"उपकरणम्,गार्हिकोपकरणम्",,,,,,,"स्यूत,प्रसेव",,
प्रसेव,पुं।,धान्यादिभरणार्थं_वस्त्रादिनानिर्मितस्यूतः,,"उपकरणम्,गार्हिकोपकरणम्",,,,,,,"स्यूत,प्रसेव",,
कण्डोल,पुं।,वंशादिनिर्मितभाण्डः,,"उपकरणम्,गार्हिकोपकरणम्",,,,,,,"कण्डोल,पिट",,
पिट,पुं।,वंशादिनिर्मितभाण्डः,,"उपकरणम्,गार्हिकोपकरणम्",,,,,,,"कण्डोल,पिट",,
कट,पुं।,वंशादिविकारः,,"उपकरणम्,गार्हिकोपकरणम्",,,,,,,"कट,किलिञ्जक",,वंशादिनिर्मितभाण्डः
किलिञ्जक,पुं।,वंशादिविकारः,,"उपकरणम्,गार्हिकोपकरणम्",,,,,,,"कट,किलिञ्जक",,वंशादिनिर्मितभाण्डः
रसवती,स्त्री।,पाकस्थानम्,,,द्रव्यम्,पृथ्वी,अचलनिर्जीवः,स्थानम्,मानवनिर्मितिः,,"रसवती,पाकस्थान,महानस","उलूखलम्,शूर्पम्,चालनी,धान्यादिभरणार्थं_वस्त्रादिनानिर्मितस्यूतः,वंशादिनिर्मितभाण्डः,चुल्लिः,भर्जनपात्रम्,मद्यनिर्माणोपयोगिपात्रम्,महाकुम्भः,स्थाली,घटः,पात्रभेदः,पिष्टपाकोपयोगी_पात्रम्,पानपात्रम्,चर्मनिर्मिततैलघृतादिपात्रम्,अल्पतैलघृतादिपात्रम्,पात्रम्,दर्विः,दर्विभेदः,मन्थनपात्रम्,चषकः",
पाकस्थान,नपुं।,पाकस्थानम्,,,द्रव्यम्,पृथ्वी,अचलनिर्जीवः,स्थानम्,मानवनिर्मितिः,,"रसवती,पाकस्थान,महानस","उलूखलम्,शूर्पम्,चालनी,धान्यादिभरणार्थं_वस्त्रादिनानिर्मितस्यूतः,वंशादिनिर्मितभाण्डः,चुल्लिः,भर्जनपात्रम्,मद्यनिर्माणोपयोगिपात्रम्,महाकुम्भः,स्थाली,घटः,पात्रभेदः,पिष्टपाकोपयोगी_पात्रम्,पानपात्रम्,चर्मनिर्मिततैलघृतादिपात्रम्,अल्पतैलघृतादिपात्रम्,पात्रम्,दर्विः,दर्विभेदः,मन्थनपात्रम्,चषकः",
महानस,नपुं।,पाकस्थानम्,,,द्रव्यम्,पृथ्वी,अचलनिर्जीवः,स्थानम्,मानवनिर्मितिः,,"रसवती,पाकस्थान,महानस","उलूखलम्,शूर्पम्,चालनी,धान्यादिभरणार्थं_वस्त्रादिनानिर्मितस्यूतः,वंशादिनिर्मितभाण्डः,चुल्लिः,भर्जनपात्रम्,मद्यनिर्माणोपयोगिपात्रम्,महाकुम्भः,स्थाली,घटः,पात्रभेदः,पिष्टपाकोपयोगी_पात्रम्,पानपात्रम्,चर्मनिर्मिततैलघृतादिपात्रम्,अल्पतैलघृतादिपात्रम्,पात्रम्,दर्विः,दर्विभेदः,मन्थनपात्रम्,चषकः",
पौरोगव,पुं।,महानसाधिकारी,,,द्रव्यम्,पृथ्वी,चलसजीवः,मनुष्यः,,,पौरोगव,पाककर्ता,
सूपकार,पुं।,पाककर्ता,,वृत्तिः,द्रव्यम्,पृथ्वी,चलसजीवः,मनुष्यः,,,"सूपकार,बल्लव,आरालिक,आन्धसिक,सूदा,औदनिक,गुण","महानसाधिकारी,पचनम्",महानसाधिकारी
बल्लव,पुं।,पाककर्ता,,वृत्तिः,द्रव्यम्,पृथ्वी,चलसजीवः,मनुष्यः,,,"सूपकार,बल्लव,आरालिक,आन्धसिक,सूदा,औदनिक,गुण","महानसाधिकारी,पचनम्",महानसाधिकारी
आरालिक,वि।,पाककर्ता,,वृत्तिः,द्रव्यम्,पृथ्वी,चलसजीवः,मनुष्यः,,,"सूपकार,बल्लव,आरालिक,आन्धसिक,सूदा,औदनिक,गुण","महानसाधिकारी,पचनम्",महानसाधिकारी
आन्धसिक,वि।,पाककर्ता,,वृत्तिः,द्रव्यम्,पृथ्वी,चलसजीवः,मनुष्यः,,,"सूपकार,बल्लव,आरालिक,आन्धसिक,सूदा,औदनिक,गुण","महानसाधिकारी,पचनम्",महानसाधिकारी
सूदा,वि।,पाककर्ता,,वृत्तिः,द्रव्यम्,पृथ्वी,चलसजीवः,मनुष्यः,,,"सूपकार,बल्लव,आरालिक,आन्धसिक,सूदा,औदनिक,गुण","महानसाधिकारी,पचनम्",महानसाधिकारी
औदनिक,वि।,पाककर्ता,,वृत्तिः,द्रव्यम्,पृथ्वी,चलसजीवः,मनुष्यः,,,"सूपकार,बल्लव,आरालिक,आन्धसिक,सूदा,औदनिक,गुण","महानसाधिकारी,पचनम्",महानसाधिकारी
गुण,वि।,पाककर्ता,,वृत्तिः,द्रव्यम्,पृथ्वी,चलसजीवः,मनुष्यः,,,"सूपकार,बल्लव,आरालिक,आन्धसिक,सूदा,औदनिक,गुण","महानसाधिकारी,पचनम्",महानसाधिकारी
आपूपिक,वि।,भक्ष्यकारः,,वृत्तिः,द्रव्यम्,पृथ्वी,चलसजीवः,मनुष्यः,,,"आपूपिक,कान्दविक,भक्ष्यकार",पचनम्,
कान्दविक,वि।,भक्ष्यकारः,,वृत्तिः,द्रव्यम्,पृथ्वी,चलसजीवः,मनुष्यः,,,"आपूपिक,कान्दविक,भक्ष्यकार",पचनम्,
भक्ष्यकार,वि।,भक्ष्यकारः,,वृत्तिः,द्रव्यम्,पृथ्वी,चलसजीवः,मनुष्यः,,,"आपूपिक,कान्दविक,भक्ष्यकार",पचनम्,
अश्मन्त,नपुं।,चुल्लिः,,"उपकरणम्,गार्हिकोपकरणम्",,,,,,,"अश्मन्त,उद्धान,अधिश्रयणी,चुल्ली,अन्तिका","अङ्गारशकटी,प्रज्वलकाष्ठम्,अर्धदग्धकाष्ठम्",अङ्गारशकटी
उद्धान,नपुं।,चुल्लिः,,"उपकरणम्,गार्हिकोपकरणम्",,,,,,,"अश्मन्त,उद्धान,अधिश्रयणी,चुल्ली,अन्तिका","अङ्गारशकटी,प्रज्वलकाष्ठम्,अर्धदग्धकाष्ठम्",अङ्गारशकटी
अधिश्रयणी,स्त्री।,चुल्लिः,,"उपकरणम्,गार्हिकोपकरणम्",,,,,,,"अश्मन्त,उद्धान,अधिश्रयणी,चुल्ली,अन्तिका","अङ्गारशकटी,प्रज्वलकाष्ठम्,अर्धदग्धकाष्ठम्",अङ्गारशकटी
चुल्ली,स्त्री।,चुल्लिः,,"उपकरणम्,गार्हिकोपकरणम्",,,,,,,"अश्मन्त,उद्धान,अधिश्रयणी,चुल्ली,अन्तिका","अङ्गारशकटी,प्रज्वलकाष्ठम्,अर्धदग्धकाष्ठम्",अङ्गारशकटी
अन्तिका,स्त्री।,चुल्लिः,,"उपकरणम्,गार्हिकोपकरणम्",,,,,,,"अश्मन्त,उद्धान,अधिश्रयणी,चुल्ली,अन्तिका","अङ्गारशकटी,प्रज्वलकाष्ठम्,अर्धदग्धकाष्ठम्",अङ्गारशकटी
अङ्गारधानिका,स्त्री।,अङ्गारशकटी,,"उपकरणम्,गार्हिकोपकरणम्",,,,,,,"अङ्गारधानिका,अङ्गारशकटी,हसन्ती,हसनी",,
अङ्गारशकटी,स्त्री।,अङ्गारशकटी,,"उपकरणम्,गार्हिकोपकरणम्",,,,,,,"अङ्गारधानिका,अङ्गारशकटी,हसन्ती,हसनी",,
हसन्ती,स्त्री।,अङ्गारशकटी,,"उपकरणम्,गार्हिकोपकरणम्",,,,,,,"अङ्गारधानिका,अङ्गारशकटी,हसन्ती,हसनी",,
हसनी,स्त्री।,अङ्गारशकटी,,"उपकरणम्,गार्हिकोपकरणम्",,,,,,,"अङ्गारधानिका,अङ्गारशकटी,हसन्ती,हसनी",,
अङ्गार,पुं-नपुं।,प्रज्वलकाष्ठम्,,,द्रव्यम्,पृथ्वी,अचलनिर्जीवः,अचलनिर्जीववस्तु,,,अङ्गार,,
अलात,नपुं।,अर्धदग्धकाष्ठम्,,,द्रव्यम्,पृथ्वी,अचलनिर्जीवः,अचलनिर्जीववस्तु,,,"अलात,उल्मुक",,
उल्मुक,नपुं।,अर्धदग्धकाष्ठम्,,,द्रव्यम्,पृथ्वी,अचलनिर्जीवः,अचलनिर्जीववस्तु,,,"अलात,उल्मुक",,
अम्बरीष,नपुं।,भर्जनपात्रम्,,"उपकरणम्,गार्हिकोपकरणम्",,,,,,,"अम्बरीष,भ्राष्ट्र",,
भ्राष्ट्र,पुं।,भर्जनपात्रम्,,"उपकरणम्,गार्हिकोपकरणम्",,,,,,,"अम्बरीष,भ्राष्ट्र",,
कन्दु,स्त्री-पुं।,मद्यनिर्माणोपयोगिपात्रम्,,"उपकरणम्,गार्हिकोपकरणम्",,,,,,,"कन्दु,स्वेदनी",,
स्वेदनी,स्त्री।,मद्यनिर्माणोपयोगिपात्रम्,,"उपकरणम्,गार्हिकोपकरणम्",,,,,,,"कन्दु,स्वेदनी",,
अलिञ्जर,पुं।,महाकुम्भः,,"उपकरणम्,गार्हिकोपकरणम्",,,,,,,"अलिञ्जर,मणिक",,
मणिक,पुं।,महाकुम्भः,,"उपकरणम्,गार्हिकोपकरणम्",,,,,,,"अलिञ्जर,मणिक",,
कर्करी,स्त्री।,गलन्तिका,,"उपकरणम्,गार्हिकोपकरणम्",,,,,,,"कर्करी,आलु,गलन्तिका",,
आलु,स्त्री।,गलन्तिका,,"उपकरणम्,गार्हिकोपकरणम्",,,,,,,"कर्करी,आलु,गलन्तिका",,
गलन्तिका,स्त्री।,गलन्तिका,,"उपकरणम्,गार्हिकोपकरणम्",,,,,,,"कर्करी,आलु,गलन्तिका",,
पिठर,पुं।,स्थाली,,"उपकरणम्,गार्हिकोपकरणम्",,,,,,,"पिठर,स्थाली,उखा,कुण्ड",,
स्थाली,स्त्री।,स्थाली,,"उपकरणम्,गार्हिकोपकरणम्",,,,,,,"पिठर,स्थाली,उखा,कुण्ड",,
उखा,स्त्री।,स्थाली,,"उपकरणम्,गार्हिकोपकरणम्",,,,,,,"पिठर,स्थाली,उखा,कुण्ड",,
कुण्ड,नपुं।,स्थाली,,"उपकरणम्,गार्हिकोपकरणम्",,,,,,,"पिठर,स्थाली,उखा,कुण्ड",,
कलश,वि।,घटः,,"उपकरणम्,गार्हिकोपकरणम्",,,,,,,"कलश,घट,कुट,निप,कुम्भ,करीर",कुम्भकारः,महाकुम्भः
घट,पुं।,घटः,,"उपकरणम्,गार्हिकोपकरणम्",,,,,,,"कलश,घट,कुट,निप,कुम्भ,करीर",कुम्भकारः,महाकुम्भः
कुट,पुं।,घटः,,"उपकरणम्,गार्हिकोपकरणम्",,,,,,,"कलश,घट,कुट,निप,कुम्भ,करीर",कुम्भकारः,महाकुम्भः
निप,पुं-नपुं।,घटः,,"उपकरणम्,गार्हिकोपकरणम्",,,,,,,"कलश,घट,कुट,निप,कुम्भ,करीर",कुम्भकारः,महाकुम्भः
शराव,पुं-नपुं।,पात्रभेदः,,"उपकरणम्,गार्हिकोपकरणम्",,,,,,,"शराव,वर्धमानक",,
वर्धमानक,पुं।,पात्रभेदः,,"उपकरणम्,गार्हिकोपकरणम्",,,,,,,"शराव,वर्धमानक",,
ऋजीष,नपुं।,पिष्टपाकोपयोगी_पात्रम्,,"उपकरणम्,गार्हिकोपकरणम्",,,,,,,"ऋजीष,पिष्टपचन",,
पिष्टपचन,नपुं।,पिष्टपाकोपयोगी_पात्रम्,,"उपकरणम्,गार्हिकोपकरणम्",,,,,,,"ऋजीष,पिष्टपचन",,
कंस,पुं-नपुं।,पानपात्रम्,,"उपकरणम्,गार्हिकोपकरणम्",,,,,,,"कंस,पानभाजन",,
पानभाजन,नपुं।,पानपात्रम्,,"उपकरणम्,गार्हिकोपकरणम्",,,,,,,"कंस,पानभाजन",,
कुतू,स्त्री।,चर्मनिर्मिततैलघृतादिपात्रम्,,"उपकरणम्,गार्हिकोपकरणम्",,,,,,,"कुतू,कृत्ति",,
कृत्ति,स्त्री।,चर्मनिर्मिततैलघृतादिपात्रम्,,"उपकरणम्,गार्हिकोपकरणम्",,,,,,,"कुतू,कृत्ति",,
कुतुप,पुं।,अल्पतैलघृतादिपात्रम्,,"उपकरणम्,गार्हिकोपकरणम्",,,,,,,कुतुप,,
आवपन,नपुं।,पात्रम्,,"उपकरणम्,गार्हिकोपकरणम्",,,,,,,"आवपन,भाण्ड,पात्र,अमत्र,भाजन",,"नौस्थजलनिःसारणपात्रम्,मत्स्यस्थापनपात्रम्,यज्ञपात्रम्,कमण्डलुः,सुवर्णजलपात्रम्,भर्जनपात्रम्,मद्यनिर्माणोपयोगिपात्रम्,गलन्तिका,स्थाली,घटः,पात्रभेदः,पिष्टपाकोपयोगी_पात्रम्,पानपात्रम्,चर्मनिर्मिततैलघृतादिपात्रम्,अल्पतैलघृतादिपात्रम्,मन्थनपात्रम्,मद्यपात्रम्"
भाण्ड,नपुं।,पात्रम्,,"उपकरणम्,गार्हिकोपकरणम्",,,,,,,"आवपन,भाण्ड,पात्र,अमत्र,भाजन",,"नौस्थजलनिःसारणपात्रम्,मत्स्यस्थापनपात्रम्,यज्ञपात्रम्,कमण्डलुः,सुवर्णजलपात्रम्,भर्जनपात्रम्,मद्यनिर्माणोपयोगिपात्रम्,गलन्तिका,स्थाली,घटः,पात्रभेदः,पिष्टपाकोपयोगी_पात्रम्,पानपात्रम्,चर्मनिर्मिततैलघृतादिपात्रम्,अल्पतैलघृतादिपात्रम्,मन्थनपात्रम्,मद्यपात्रम्"
पात्र,नपुं।,पात्रम्,,"उपकरणम्,गार्हिकोपकरणम्",,,,,,,"आवपन,भाण्ड,पात्र,अमत्र,भाजन",,"नौस्थजलनिःसारणपात्रम्,मत्स्यस्थापनपात्रम्,यज्ञपात्रम्,कमण्डलुः,सुवर्णजलपात्रम्,भर्जनपात्रम्,मद्यनिर्माणोपयोगिपात्रम्,गलन्तिका,स्थाली,घटः,पात्रभेदः,पिष्टपाकोपयोगी_पात्रम्,पानपात्रम्,चर्मनिर्मिततैलघृतादिपात्रम्,अल्पतैलघृतादिपात्रम्,मन्थनपात्रम्,मद्यपात्रम्"
अमत्र,नपुं।,पात्रम्,,"उपकरणम्,गार्हिकोपकरणम्",,,,,,,"आवपन,भाण्ड,पात्र,अमत्र,भाजन",,"नौस्थजलनिःसारणपात्रम्,मत्स्यस्थापनपात्रम्,यज्ञपात्रम्,कमण्डलुः,सुवर्णजलपात्रम्,भर्जनपात्रम्,मद्यनिर्माणोपयोगिपात्रम्,गलन्तिका,स्थाली,घटः,पात्रभेदः,पिष्टपाकोपयोगी_पात्रम्,पानपात्रम्,चर्मनिर्मिततैलघृतादिपात्रम्,अल्पतैलघृतादिपात्रम्,मन्थनपात्रम्,मद्यपात्रम्"
भाजन,नपुं।,पात्रम्,,"उपकरणम्,गार्हिकोपकरणम्",,,,,,,"आवपन,भाण्ड,पात्र,अमत्र,भाजन",,"नौस्थजलनिःसारणपात्रम्,मत्स्यस्थापनपात्रम्,यज्ञपात्रम्,कमण्डलुः,सुवर्णजलपात्रम्,भर्जनपात्रम्,मद्यनिर्माणोपयोगिपात्रम्,गलन्तिका,स्थाली,घटः,पात्रभेदः,पिष्टपाकोपयोगी_पात्रम्,पानपात्रम्,चर्मनिर्मिततैलघृतादिपात्रम्,अल्पतैलघृतादिपात्रम्,मन्थनपात्रम्,मद्यपात्रम्"
दर्वि,स्त्री।,दर्विः,,"उपकरणम्,गार्हिकोपकरणम्",,,,,,,"दर्वि,कम्बि,खजाका",,दर्विभेदः
कम्बि,स्त्री।,दर्विः,,"उपकरणम्,गार्हिकोपकरणम्",,,,,,,"दर्वि,कम्बि,खजाका",,दर्विभेदः
खजाका,स्त्री।,दर्विः,,"उपकरणम्,गार्हिकोपकरणम्",,,,,,,"दर्वि,कम्बि,खजाका",,दर्विभेदः
तर्दू,पुं।,दर्विभेदः,,"उपकरणम्,गार्हिकोपकरणम्",,,,,,,"तर्दू,दारुहस्तक",,
दारुहस्तक,पुं।,दर्विभेदः,,"उपकरणम्,गार्हिकोपकरणम्",,,,,,,"तर्दू,दारुहस्तक",,
शाक,पुं-नपुं।,वास्तुकादिशाकः,,"खाद्यम्,प्राकृतिकखाद्यम्",,,,,,,"शाक,हरितक,शिग्रु",शाकनालः,
हरितक,नपुं।,वास्तुकादिशाकः,,"खाद्यम्,प्राकृतिकखाद्यम्",,,,,,,"शाक,हरितक,शिग्रु",शाकनालः,
शिग्रु,पुं।,वास्तुकादिशाकः,,"खाद्यम्,प्राकृतिकखाद्यम्",,,,,,,"शाक,हरितक,शिग्रु",शाकनालः,
कलम्ब,पुं।,शाकनालः,,"खाद्यम्,प्राकृतिकखाद्यम्",,,,,,,"कलम्ब,कडम्ब",,
कडम्ब,पुं।,शाकनालः,,"खाद्यम्,प्राकृतिकखाद्यम्",,,,,,,"कलम्ब,कडम्ब",,
वेषवार,पुं।,हरिद्रासर्षपमरीचादिचूर्णम्,,पक्वम्,,,,,,,"वेषवार,उपस्कर","तिन्तिडीकस्याम्लभेदः,मरीचम्,जीरकः,कृष्णवर्णजीरकः,आर्द्रकम्,धान्यकम्,शुण्ठी,काञ्जिकम्,हिङ्गुपत्रम्,हरिद्रा,लवणम्",
उपस्कर,पुं।,हरिद्रासर्षपमरीचादिचूर्णम्,,पक्वम्,,,,,,,"वेषवार,उपस्कर","तिन्तिडीकस्याम्लभेदः,मरीचम्,जीरकः,कृष्णवर्णजीरकः,आर्द्रकम्,धान्यकम्,शुण्ठी,काञ्जिकम्,हिङ्गुपत्रम्,हरिद्रा,लवणम्",
तिन्तिडीक,नपुं।,तिन्तिडीकस्याम्लभेदः,,"खाद्यम्,प्राकृतिकखाद्यम्",,,,,,,"तिन्तिडीक,चुक्र,वृक्षाम्ल",,
चुक्र,नपुं।,तिन्तिडीकस्याम्लभेदः,,"खाद्यम्,प्राकृतिकखाद्यम्",,,,,,,"तिन्तिडीक,चुक्र,वृक्षाम्ल",,
वृक्षाम्ल,नपुं।,तिन्तिडीकस्याम्लभेदः,,"खाद्यम्,प्राकृतिकखाद्यम्",,,,,,,"तिन्तिडीक,चुक्र,वृक्षाम्ल",,
वेल्लज,नपुं।,मरीचम्,,"खाद्यम्,प्राकृतिकखाद्यम्",,,,,,,"वेल्लज,मरीच,कोलक,कृष्ण,औषण,धर्मपत्तन",,
मरीच,नपुं।,मरीचम्,,"खाद्यम्,प्राकृतिकखाद्यम्",,,,,,,"वेल्लज,मरीच,कोलक,कृष्ण,औषण,धर्मपत्तन",,
कोलक,नपुं।,मरीचम्,,"खाद्यम्,प्राकृतिकखाद्यम्",,,,,,,"वेल्लज,मरीच,कोलक,कृष्ण,औषण,धर्मपत्तन",,
कृष्ण,नपुं।,मरीचम्,,"खाद्यम्,प्राकृतिकखाद्यम्",,,,,,,"वेल्लज,मरीच,कोलक,कृष्ण,औषण,धर्मपत्तन",,
औषण,नपुं।,मरीचम्,,"खाद्यम्,प्राकृतिकखाद्यम्",,,,,,,"वेल्लज,मरीच,कोलक,कृष्ण,औषण,धर्मपत्तन",,
धर्मपत्तन,नपुं।,मरीचम्,,"खाद्यम्,प्राकृतिकखाद्यम्",,,,,,,"वेल्लज,मरीच,कोलक,कृष्ण,औषण,धर्मपत्तन",,
जीरक,पुं।,जीरकः,,"खाद्यम्,प्राकृतिकखाद्यम्",,,,,,,"जीरक,जरण,अजाजी,कणा",,कृष्णवर्णजीरकः
जरण,पुं।,जीरकः,,"खाद्यम्,प्राकृतिकखाद्यम्",,,,,,,"जीरक,जरण,अजाजी,कणा",,कृष्णवर्णजीरकः
अजाजी,स्त्री।,जीरकः,,"खाद्यम्,प्राकृतिकखाद्यम्",,,,,,,"जीरक,जरण,अजाजी,कणा",,कृष्णवर्णजीरकः
कणा,स्त्री।,जीरकः,,"खाद्यम्,प्राकृतिकखाद्यम्",,,,,,,"जीरक,जरण,अजाजी,कणा",,कृष्णवर्णजीरकः
सुषवी,स्त्री।,कृष्णवर्णजीरकः,,"खाद्यम्,प्राकृतिकखाद्यम्",,,,,,,"सुषवी,कारवी,पृथ्वी,पृथु,काला,उपकुंञ्चिका",,
कारवी,स्त्री।,कृष्णवर्णजीरकः,,"खाद्यम्,प्राकृतिकखाद्यम्",,,,,,,"सुषवी,कारवी,पृथ्वी,पृथु,काला,उपकुंञ्चिका",,
पृथ्वी,स्त्री।,कृष्णवर्णजीरकः,,"खाद्यम्,प्राकृतिकखाद्यम्",,,,,,,"सुषवी,कारवी,पृथ्वी,पृथु,काला,उपकुंञ्चिका",,
पृथु,पुं।,कृष्णवर्णजीरकः,,"खाद्यम्,प्राकृतिकखाद्यम्",,,,,,,"सुषवी,कारवी,पृथ्वी,पृथु,काला,उपकुंञ्चिका",,
काला,स्त्री।,कृष्णवर्णजीरकः,,"खाद्यम्,प्राकृतिकखाद्यम्",,,,,,,"सुषवी,कारवी,पृथ्वी,पृथु,काला,उपकुंञ्चिका",,
उपकुंञ्चिका,स्त्री।,कृष्णवर्णजीरकः,,"खाद्यम्,प्राकृतिकखाद्यम्",,,,,,,"सुषवी,कारवी,पृथ्वी,पृथु,काला,उपकुंञ्चिका",,
आर्द्रक,नपुं।,आर्द्रकम्,,"खाद्यम्,प्राकृतिकखाद्यम्",,,,,,,"आर्द्रक,शृङ्गबेर",,शुण्ठी
शृङ्गबेर,नपुं।,आर्द्रकम्,,"खाद्यम्,प्राकृतिकखाद्यम्",,,,,,,"आर्द्रक,शृङ्गबेर",,शुण्ठी
छत्रा,स्त्री।,धान्यकम्,,"खाद्यम्,प्राकृतिकखाद्यम्",,,,,,,"छत्रा,वितुन्नक,कुस्तुम्बरु,धान्याक",,
वितुन्नक,नपुं।,धान्यकम्,,"खाद्यम्,प्राकृतिकखाद्यम्",,,,,,,"छत्रा,वितुन्नक,कुस्तुम्बरु,धान्याक",,
कुस्तुम्बरु,नपुं।,धान्यकम्,,"खाद्यम्,प्राकृतिकखाद्यम्",,,,,,,"छत्रा,वितुन्नक,कुस्तुम्बरु,धान्याक",,
धान्याक,नपुं।,धान्यकम्,,"खाद्यम्,प्राकृतिकखाद्यम्",,,,,,,"छत्रा,वितुन्नक,कुस्तुम्बरु,धान्याक",,
शुण्ठी,स्त्री।,शुण्ठी,,पक्वम्,,,,,,,"शुण्ठी,महौषध,विश्व,नागर,विश्वभेषज",,
महौषध,नपुं।,शुण्ठी,,पक्वम्,,,,,,,"शुण्ठी,महौषध,विश्व,नागर,विश्वभेषज",,
विश्व,स्त्री-नपुं।,शुण्ठी,,पक्वम्,,,,,,,"शुण्ठी,महौषध,विश्व,नागर,विश्वभेषज",,
नागर,नपुं।,शुण्ठी,,पक्वम्,,,,,,,"शुण्ठी,महौषध,विश्व,नागर,विश्वभेषज",,
विश्वभेषज,नपुं।,शुण्ठी,,पक्वम्,,,,,,,"शुण्ठी,महौषध,विश्व,नागर,विश्वभेषज",,
आरनालक,नपुं।,काञ्जिकम्,,"खाद्यम्,प्राकृतिकखाद्यम्",,,,,,,"आरनालक,सौवीर,कुल्माष,अभिषुत,अवन्तिसोम,धान्याम्ल,कुञ्जल,काञ्जिक",,
सौवीर,नपुं।,काञ्जिकम्,,"खाद्यम्,प्राकृतिकखाद्यम्",,,,,,,"आरनालक,सौवीर,कुल्माष,अभिषुत,अवन्तिसोम,धान्याम्ल,कुञ्जल,काञ्जिक",,
कुल्माष,नपुं।,काञ्जिकम्,,"खाद्यम्,प्राकृतिकखाद्यम्",,,,,,,"आरनालक,सौवीर,कुल्माष,अभिषुत,अवन्तिसोम,धान्याम्ल,कुञ्जल,काञ्जिक",,
अभिषुत,नपुं।,काञ्जिकम्,,"खाद्यम्,प्राकृतिकखाद्यम्",,,,,,,"आरनालक,सौवीर,कुल्माष,अभिषुत,अवन्तिसोम,धान्याम्ल,कुञ्जल,काञ्जिक",,
अवन्तिसोम,नपुं।,काञ्जिकम्,,"खाद्यम्,प्राकृतिकखाद्यम्",,,,,,,"आरनालक,सौवीर,कुल्माष,अभिषुत,अवन्तिसोम,धान्याम्ल,कुञ्जल,काञ्जिक",,
धान्याम्ल,नपुं।,काञ्जिकम्,,"खाद्यम्,प्राकृतिकखाद्यम्",,,,,,,"आरनालक,सौवीर,कुल्माष,अभिषुत,अवन्तिसोम,धान्याम्ल,कुञ्जल,काञ्जिक",,
कुञ्जल,नपुं।,काञ्जिकम्,,"खाद्यम्,प्राकृतिकखाद्यम्",,,,,,,"आरनालक,सौवीर,कुल्माष,अभिषुत,अवन्तिसोम,धान्याम्ल,कुञ्जल,काञ्जिक",,
काञ्जिक,नपुं।,काञ्जिकम्,,"खाद्यम्,प्राकृतिकखाद्यम्",,,,,,,"आरनालक,सौवीर,कुल्माष,अभिषुत,अवन्तिसोम,धान्याम्ल,कुञ्जल,काञ्जिक",,
सहस्रवेधि,नपुं।,हिङ्गुवृक्षनिर्यासः,,"खाद्यम्,प्राकृतिकखाद्यम्",,,,,,,"सहस्रवेधि,जतुक,बल्हीक,हिङ्गु,रामठ,बाह्लीक",,
जतुक,नपुं।,हिङ्गुवृक्षनिर्यासः,,"खाद्यम्,प्राकृतिकखाद्यम्",,,,,,,"सहस्रवेधि,जतुक,बल्हीक,हिङ्गु,रामठ,बाह्लीक",,
बल्हीक,नपुं।,हिङ्गुवृक्षनिर्यासः,,"खाद्यम्,प्राकृतिकखाद्यम्",,,,,,,"सहस्रवेधि,जतुक,बल्हीक,हिङ्गु,रामठ,बाह्लीक",,
हिङ्गु,नपुं।,हिङ्गुवृक्षनिर्यासः,,"खाद्यम्,प्राकृतिकखाद्यम्",,,,,,,"सहस्रवेधि,जतुक,बल्हीक,हिङ्गु,रामठ,बाह्लीक",,
रामठ,नपुं।,हिङ्गुवृक्षनिर्यासः,,"खाद्यम्,प्राकृतिकखाद्यम्",,,,,,,"सहस्रवेधि,जतुक,बल्हीक,हिङ्गु,रामठ,बाह्लीक",,
कारवी,स्त्री।,हिङ्गुपत्रम्,,अवयवः,,,,,,,"कारवी,पृथ्वी,बाष्पिका,कबरी,पृथु",हिङ्गुवृक्षनिर्यासः,
पृथ्वी,स्त्री।,हिङ्गुपत्रम्,,अवयवः,,,,,,,"कारवी,पृथ्वी,बाष्पिका,कबरी,पृथु",हिङ्गुवृक्षनिर्यासः,
बाष्पिका,स्त्री।,हिङ्गुपत्रम्,,अवयवः,,,,,,,"कारवी,पृथ्वी,बाष्पिका,कबरी,पृथु",हिङ्गुवृक्षनिर्यासः,
कबरी,स्त्री।,हिङ्गुपत्रम्,,अवयवः,,,,,,,"कारवी,पृथ्वी,बाष्पिका,कबरी,पृथु",हिङ्गुवृक्षनिर्यासः,
पृथु,पुं।,हिङ्गुपत्रम्,,अवयवः,,,,,,,"कारवी,पृथ्वी,बाष्पिका,कबरी,पृथु",हिङ्गुवृक्षनिर्यासः,
निशाह्वा,स्त्री।,हरिद्रा,,"खाद्यम्,प्राकृतिकखाद्यम्",,,,,,,"निशाह्वा,काञ्चनी,पीता,हरिद्रा,वरवर्णिनी",,
काञ्चनी,स्त्री।,हरिद्रा,,"खाद्यम्,प्राकृतिकखाद्यम्",,,,,,,"निशाह्वा,काञ्चनी,पीता,हरिद्रा,वरवर्णिनी",,
पीता,स्त्री।,हरिद्रा,,"खाद्यम्,प्राकृतिकखाद्यम्",,,,,,,"निशाह्वा,काञ्चनी,पीता,हरिद्रा,वरवर्णिनी",,
हरिद्रा,स्त्री।,हरिद्रा,,"खाद्यम्,प्राकृतिकखाद्यम्",,,,,,,"निशाह्वा,काञ्चनी,पीता,हरिद्रा,वरवर्णिनी",,
वरवर्णिनी,स्त्री।,हरिद्रा,,"खाद्यम्,प्राकृतिकखाद्यम्",,,,,,,"निशाह्वा,काञ्चनी,पीता,हरिद्रा,वरवर्णिनी",,
सामुद्र,नपुं।,लवणम्,,पक्वम्,,,,,,,"सामुद्र,लवण,अक्षीव,वशिर",,"सिन्धुजलवणम्,शाम्भरलवणम्,कृतकलवणम्,मधुरलवणम्,कृष्णवर्णलवणम्"
लवण,पुं।,लवणम्,,पक्वम्,,,,,,,"सामुद्र,लवण,अक्षीव,वशिर",,"सिन्धुजलवणम्,शाम्भरलवणम्,कृतकलवणम्,मधुरलवणम्,कृष्णवर्णलवणम्"
अक्षीव,नपुं।,लवणम्,,पक्वम्,,,,,,,"सामुद्र,लवण,अक्षीव,वशिर",,"सिन्धुजलवणम्,शाम्भरलवणम्,कृतकलवणम्,मधुरलवणम्,कृष्णवर्णलवणम्"
वशिर,नपुं।,लवणम्,,पक्वम्,,,,,,,"सामुद्र,लवण,अक्षीव,वशिर",,"सिन्धुजलवणम्,शाम्भरलवणम्,कृतकलवणम्,मधुरलवणम्,कृष्णवर्णलवणम्"
सैन्धव,पुं-नपुं।,सिन्धुजलवणम्,,पक्वम्,,,,,,,"सैन्धव,शीतशिव,माणिमन्थ,सिन्धुज",,
शीतशिव,नपुं।,सिन्धुजलवणम्,,पक्वम्,,,,,,,"सैन्धव,शीतशिव,माणिमन्थ,सिन्धुज",,
माणिमन्थ,नपुं।,सिन्धुजलवणम्,,पक्वम्,,,,,,,"सैन्धव,शीतशिव,माणिमन्थ,सिन्धुज",,
सिन्धुज,नपुं।,सिन्धुजलवणम्,,पक्वम्,,,,,,,"सैन्धव,शीतशिव,माणिमन्थ,सिन्धुज",,
रौमक,नपुं।,शाम्भरलवणम्,,पक्वम्,,,,,,,"रौमक,वसुक",,
वसुक,नपुं।,शाम्भरलवणम्,,पक्वम्,,,,,,,"रौमक,वसुक",,
पाक्य,नपुं।,कृतकलवणम्,,पक्वम्,,,,,,,"पाक्य,बिड",,
बिड,नपुं।,कृतकलवणम्,,पक्वम्,,,,,,,"पाक्य,बिड",,
सौवर्चल,नपुं।,मधुरलवणम्,,पक्वम्,,,,,,,"सौवर्चल,अक्ष,रुचक",,
अक्ष,पुं-नपुं।,मधुरलवणम्,,पक्वम्,,,,,,,"सौवर्चल,अक्ष,रुचक",,
रुचक,पुं।,मधुरलवणम्,,पक्वम्,,,,,,,"सौवर्चल,अक्ष,रुचक",,
तिलक,नपुं।,कृष्णवर्णलवणम्,,पक्वम्,,,,,,,तिलक,,
मत्स्यन्डी,स्त्री।,फाणितम्,,पक्वम्,,,,,,,"मत्स्यन्डी,फाणित,खण्डविकार",,
फाणित,नपुं।,फाणितम्,,पक्वम्,,,,,,,"मत्स्यन्डी,फाणित,खण्डविकार",,
खण्डविकार,पुं।,फाणितम्,,पक्वम्,,,,,,,"मत्स्यन्डी,फाणित,खण्डविकार",,
शर्करा,स्त्री।,शर्करा,,पक्वम्,,,,,,,"शर्करा,सिता,उपला",,फाणितम्
सिता,स्त्री।,शर्करा,,पक्वम्,,,,,,,"शर्करा,सिता,उपला",,फाणितम्
कूर्चिका,स्त्री।,क्षीरविकृतिः,,पक्वम्,,,,,,,कूर्चिका,,
रसाला,स्त्री।,दधिमधुशर्करामरिचार्द्रादिभिः_कृतलेह्यः,,"खाद्यम्,पानीयम्",,,,,,,"रसाला,मार्जिता",,
मार्जिता,स्त्री।,दधिमधुशर्करामरिचार्द्रादिभिः_कृतलेह्यः,,"खाद्यम्,पानीयम्",,,,,,,"रसाला,मार्जिता",,
तेमन,नपुं।,दध्यादिव्यञ्जनम्,,पक्वम्,,,,,,,"तेमन,निष्ठान,व्यञ्जन",,मण्डयुक्तदध्यादिः
निष्ठान,नपुं।,दध्यादिव्यञ्जनम्,,पक्वम्,,,,,,,"तेमन,निष्ठान,व्यञ्जन",,मण्डयुक्तदध्यादिः
शूलाकृत,वि।,लोहशलाकया_पक्वमांसः,,पक्वम्,,,,,,,"शूलाकृत,भटित्र,शूल्य",,
भटित्र,वि।,लोहशलाकया_पक्वमांसः,,पक्वम्,,,,,,,"शूलाकृत,भटित्र,शूल्य",,
शूल्य,वि।,लोहशलाकया_पक्वमांसः,,पक्वम्,,,,,,,"शूलाकृत,भटित्र,शूल्य",,
उख्य,वि।,स्थालीसंस्कृतान्नादिः,,पक्वम्,,,,,,,"उख्य,पैठर",,
पैठर,वि।,स्थालीसंस्कृतान्नादिः,,पक्वम्,,,,,,,"उख्य,पैठर",,
प्रणीत,वि।,पाकेन_संस्कृतव्यञ्जनादिः,,पक्वम्,,,,,,,"प्रणीत,उपसम्पन्न",,"लोहशलाकया_पक्वमांसः,द्रव्यान्तरसंस्कृतपक्वम्,ग्राहितहिङ्ग्वादिगन्धव्यञ्जनादिः"
उपसम्पन्न,वि।,पाकेन_संस्कृतव्यञ्जनादिः,,पक्वम्,,,,,,,"प्रणीत,उपसम्पन्न",,"लोहशलाकया_पक्वमांसः,द्रव्यान्तरसंस्कृतपक्वम्,ग्राहितहिङ्ग्वादिगन्धव्यञ्जनादिः"
प्रयस्त,वि।,द्रव्यान्तरसंस्कृतपक्वम्,,पक्वम्,,,,,,,"प्रयस्त,सुसंस्कृत",,
सुसंस्कृत,वि।,द्रव्यान्तरसंस्कृतपक्वम्,,पक्वम्,,,,,,,"प्रयस्त,सुसंस्कृत",,
पिच्छिल,वि।,मण्डयुक्तदध्यादिः,,पक्वम्,,,,,,,"पिच्छिल,विजिल",,
विजिल,वि।,मण्डयुक्तदध्यादिः,,पक्वम्,,,,,,,"पिच्छिल,विजिल",,
सम्मृष्ट,वि।,केशकीटाद्यपनीयशोधितोन्नः,,पक्वम्,,,,,,,"सम्मृष्ट,शोधित",,
शोधित,वि।,केशकीटाद्यपनीयशोधितोन्नः,,पक्वम्,,,,,,,"सम्मृष्ट,शोधित",,
चिक्कण,वि।,स्निग्धम्,,पक्वम्,,,,,,,"चिक्कण,मसृण,स्निग्ध",व्यञ्जनम्,
मसृण,वि।,स्निग्धम्,,पक्वम्,,,,,,,"चिक्कण,मसृण,स्निग्ध",व्यञ्जनम्,
स्निग्ध,वि।,स्निग्धम्,,पक्वम्,,,,,,,"चिक्कण,मसृण,स्निग्ध",व्यञ्जनम्,
भावित,वि।,ग्राहितहिङ्ग्वादिगन्धव्यञ्जनादिः,,पक्वम्,,,,,,,"भावित,वासित",,
वासित,वि।,ग्राहितहिङ्ग्वादिगन्धव्यञ्जनादिः,,पक्वम्,,,,,,,"भावित,वासित",,
आपक्व,नपुं।,पौलिः,,पक्वम्,,,,,,,"आपक्व,पौलि,अभ्यूष",,
पौलि,पुं।,पौलिः,,पक्वम्,,,,,,,"आपक्व,पौलि,अभ्यूष",,
अभ्यूष,पुं।,पौलिः,,पक्वम्,,,,,,,"आपक्व,पौलि,अभ्यूष",,
लाज,पुं-बहु।,भृष्टव्रीह्यादिः,,पक्वम्,,,,,,,लाज,,"पृथुकः,चिपिटः"
अक्षत,पुं-बहु।,अखण्डतण्डुलाः,,पक्वम्,,,,,,,अक्षत,,
पृथुक,पुं।,पृथुकः,,पक्वम्,,,,,,,"पृथुक,चिपिटक",,
चिपिटक,पुं।,पृथुकः,,पक्वम्,,,,,,,"पृथुक,चिपिटक",,
धाना,स्त्री।,भर्जितयवः,,पक्वम्,,,,,,,"धाना,भृष्टयव",,
भृष्टयव,पुं।,भर्जितयवः,,पक्वम्,,,,,,,"धाना,भृष्टयव",,
पूप,पुं।,अपूपः,,पक्वम्,,,,,,,"पूप,अपूप,पिष्टक",,
अपूप,पुं।,अपूपः,,पक्वम्,,,,,,,"पूप,अपूप,पिष्टक",,
पिष्टक,पुं।,अपूपः,,पक्वम्,,,,,,,"पूप,अपूप,पिष्टक",,
करम्भ,पुं।,दधिमिश्रसक्तुः,,पक्वम्,,,,,,,"करम्भ,दधिसक्तु",,
दधिसक्तु,पुं।,दधिमिश्रसक्तुः,,पक्वम्,,,,,,,"करम्भ,दधिसक्तु",,
भिस्सा,स्त्री।,सिद्धान्नम्,,पक्वम्,,,,,,,"भिस्सा,भक्त,अन्ध,अन्न,ओदन,दीदिवि,कशिपु","भक्तोद्भवमण्डः,भक्तसिक्तकान्नावयवः","मुन्यन्नविशेषः,स्थालीसंस्कृतान्नादिः,केशकीटाद्यपनीयशोधितोन्नः,दग्धोदनः"
भक्त,नपुं।,सिद्धान्नम्,,पक्वम्,,,,,,,"भिस्सा,भक्त,अन्ध,अन्न,ओदन,दीदिवि,कशिपु","भक्तोद्भवमण्डः,भक्तसिक्तकान्नावयवः","मुन्यन्नविशेषः,स्थालीसंस्कृतान्नादिः,केशकीटाद्यपनीयशोधितोन्नः,दग्धोदनः"
अन्ध,पुं।,सिद्धान्नम्,,पक्वम्,,,,,,,"भिस्सा,भक्त,अन्ध,अन्न,ओदन,दीदिवि,कशिपु","भक्तोद्भवमण्डः,भक्तसिक्तकान्नावयवः","मुन्यन्नविशेषः,स्थालीसंस्कृतान्नादिः,केशकीटाद्यपनीयशोधितोन्नः,दग्धोदनः"
अन्न,नपुं।,सिद्धान्नम्,,पक्वम्,,,,,,,"भिस्सा,भक्त,अन्ध,अन्न,ओदन,दीदिवि,कशिपु","भक्तोद्भवमण्डः,भक्तसिक्तकान्नावयवः","मुन्यन्नविशेषः,स्थालीसंस्कृतान्नादिः,केशकीटाद्यपनीयशोधितोन्नः,दग्धोदनः"
ओदन,पुं-नपुं।,सिद्धान्नम्,,पक्वम्,,,,,,,"भिस्सा,भक्त,अन्ध,अन्न,ओदन,दीदिवि,कशिपु","भक्तोद्भवमण्डः,भक्तसिक्तकान्नावयवः","मुन्यन्नविशेषः,स्थालीसंस्कृतान्नादिः,केशकीटाद्यपनीयशोधितोन्नः,दग्धोदनः"
दीदिवि,पुं।,सिद्धान्नम्,,पक्वम्,,,,,,,"भिस्सा,भक्त,अन्ध,अन्न,ओदन,दीदिवि,कशिपु","भक्तोद्भवमण्डः,भक्तसिक्तकान्नावयवः","मुन्यन्नविशेषः,स्थालीसंस्कृतान्नादिः,केशकीटाद्यपनीयशोधितोन्नः,दग्धोदनः"
भिस्सटा,स्त्री।,दग्धोदनः,,पक्वम्,,,,,,,"भिस्सटा,दग्धिका",,
दग्धिका,स्त्री।,दग्धोदनः,,पक्वम्,,,,,,,"भिस्सटा,दग्धिका",,
मण्ड,पुं-नपुं।,सर्वेषाम्_रसानामग्रम्,,पक्वम्,,,,,,,मण्ड,,
मासर,पुं।,भक्तोद्भवमण्डः,,पक्वम्,,,,,,,"मासर,आचाम,निस्राव",,
आचाम,पुं।,भक्तोद्भवमण्डः,,पक्वम्,,,,,,,"मासर,आचाम,निस्राव",,
निस्राव,पुं।,भक्तोद्भवमण्डः,,पक्वम्,,,,,,,"मासर,आचाम,निस्राव",,
यवागू,स्त्री।,यवागू,,पक्वम्,,,,,,,"यवागू,उष्णिका,श्राणा,विलेपी,तरला",,
उष्णिका,स्त्री।,यवागू,,पक्वम्,,,,,,,"यवागू,उष्णिका,श्राणा,विलेपी,तरला",,
श्राणा,स्त्री।,यवागू,,पक्वम्,,,,,,,"यवागू,उष्णिका,श्राणा,विलेपी,तरला",,
विलेपी,स्त्री।,यवागू,,पक्वम्,,,,,,,"यवागू,उष्णिका,श्राणा,विलेपी,तरला",,
तरला,स्त्री।,यवागू,,पक्वम्,,,,,,,"यवागू,उष्णिका,श्राणा,विलेपी,तरला",,
म्रक्षण,नपुं।,तैलम्,,पक्वम्,,,,,,,"म्रक्षण,अभ्यञ्जन,तैल",,
अभ्यञ्जन,नपुं।,तैलम्,,पक्वम्,,,,,,,"म्रक्षण,अभ्यञ्जन,तैल",,
तैल,नपुं।,तैलम्,,पक्वम्,,,,,,,"म्रक्षण,अभ्यञ्जन,तैल",,
कृसर,नपुं।,तिलौदनः,,पक्वम्,,,,,,,"कृसर,तिलौदन",,
तिलौदन,पुं।,तिलौदनः,,पक्वम्,,,,,,,"कृसर,तिलौदन",,
गव्य,वि।,गोरसम्,,"खाद्यम्,पानीयम्",,,,,,,गव्य,,
गोविष्,पुं-नपुं।,गोमयम्,,,द्रव्यम्,पृथ्वी,अचलनिर्जीवः,अचलनिर्जीववस्तु,,,"गोविष्,गोमय",,शुष्कगोमयम्
गोमय,पुं-नपुं।,गोमयम्,,,द्रव्यम्,पृथ्वी,अचलनिर्जीवः,अचलनिर्जीववस्तु,,,"गोविष्,गोमय",,शुष्कगोमयम्
करीष,पुं-नपुं।,शुष्कगोमयम्,,,द्रव्यम्,पृथ्वी,अचलनिर्जीवः,अचलनिर्जीववस्तु,,,करीष,,
दुग्ध,नपुं।,दुग्धम्,,"खाद्यम्,पानीयम्",,,,,,,"दुग्ध,क्षीर,पयस्",,नवप्रसूतगोः_क्षीरम्
क्षीर,नपुं।,दुग्धम्,,"खाद्यम्,पानीयम्",,,,,,,"दुग्ध,क्षीर,पयस्",,नवप्रसूतगोः_क्षीरम्
पयस्,नपुं।,दुग्धम्,,"खाद्यम्,पानीयम्",,,,,,,"दुग्ध,क्षीर,पयस्",,नवप्रसूतगोः_क्षीरम्
पयस्य,नपुं।,घृतदध्यादिः,,पक्वम्,,,,,,,पयस्य,,"घृतम्,अकृताग्निसंयोगनवोद्धृतम्,दण्डमथितगोरसमात्रम्"
द्रप्स,नपुं।,शिथिलदधिः,,पक्वम्,,,,,,,द्रप्स,,
घृत,नपुं।,घृतम्,,पक्वम्,,,,,,,"घृत,आज्य,हविस्,सर्पिस्",,
आज्य,नपुं।,घृतम्,,पक्वम्,,,,,,,"घृत,आज्य,हविस्,सर्पिस्",,
हविस्,नपुं।,घृतम्,,पक्वम्,,,,,,,"घृत,आज्य,हविस्,सर्पिस्",,
सर्पिस्,नपुं।,घृतम्,,पक्वम्,,,,,,,"घृत,आज्य,हविस्,सर्पिस्",,
नवनीत,नपुं।,अकृताग्निसंयोगनवोद्धृतम्,,पक्वम्,,,,,,,नवनीत,,
हैयङ्गवीन,नपुं।,एकरात्रपर्युषिताद्दध्नोत्पन्नघृतम्,,पक्वम्,,,,,,,हैयङ्गवीन,,
दण्डाहत,नपुं।,दण्डमथितगोरसमात्रम्,,पक्वम्,,,,,,,"दण्डाहत,कालशेय,अरिष्ट,गोरस",,"पादांशजलघोलः,अर्धांशजलघोलः,वस्त्रनिःसृतदधिजलम्"
कालशेय,नपुं।,दण्डमथितगोरसमात्रम्,,पक्वम्,,,,,,,"दण्डाहत,कालशेय,अरिष्ट,गोरस",,"पादांशजलघोलः,अर्धांशजलघोलः,वस्त्रनिःसृतदधिजलम्"
अरिष्ट,नपुं।,दण्डमथितगोरसमात्रम्,,पक्वम्,,,,,,,"दण्डाहत,कालशेय,अरिष्ट,गोरस",,"पादांशजलघोलः,अर्धांशजलघोलः,वस्त्रनिःसृतदधिजलम्"
गोरस,पुं।,दण्डमथितगोरसमात्रम्,,पक्वम्,,,,,,,"दण्डाहत,कालशेय,अरिष्ट,गोरस",,"पादांशजलघोलः,अर्धांशजलघोलः,वस्त्रनिःसृतदधिजलम्"
तक्र,नपुं।,पादांशजलघोलः,,पक्वम्,,,,,,,तक्र,,
उदश्वित्,नपुं।,अर्धांशजलघोलः,,पक्वम्,,,,,,,उदश्वित्,,
मस्तु,नपुं।,वस्त्रनिःसृतदधिजलम्,,,द्रव्यम्,जलम्,,,,,मस्तु,,
पीयूष,नपुं।,नवप्रसूतगोः_क्षीरम्,,"खाद्यम्,पानीयम्",,,,,,,पीयूष,,
अशनाया,स्त्री।,बुभुक्षा,,,गुणः,मानसिकभावः,,,,,"अशनाया,बुभुक्षा,क्षुत्",बुभुक्षितः,
बुभुक्षा,स्त्री।,बुभुक्षा,,,गुणः,मानसिकभावः,,,,,"अशनाया,बुभुक्षा,क्षुत्",बुभुक्षितः,
क्षुत्,स्त्री।,बुभुक्षा,,,गुणः,मानसिकभावः,,,,,"अशनाया,बुभुक्षा,क्षुत्",बुभुक्षितः,
ग्रास,पुं।,ग्रासः,,खाद्यम्,,,,,,,"ग्रास,कवल",,
कवल,पुं।,ग्रासः,,खाद्यम्,,,,,,,"ग्रास,कवल",,
सपीति,स्त्री।,सहपानम्,,,क्रिया,,,,,,"सपीति,तुल्यपान",,
तुल्यपान,नपुं।,सहपानम्,,,क्रिया,,,,,,"सपीति,तुल्यपान",,
सग्धि,स्त्री।,सहभोजनम्,,,क्रिया,,,,,,"सग्धि,सहभोजन",,
सहभोजन,नपुं।,सहभोजनम्,,,क्रिया,,,,,,"सग्धि,सहभोजन",,
उदन्या,स्त्री।,पिपासा,,,गुणः,मानसिकभावः,,,,,"उदन्या,पिपासा,तृष्,तर्ष,तृष्णा",,
पिपासा,स्त्री।,पिपासा,,,गुणः,मानसिकभावः,,,,,"उदन्या,पिपासा,तृष्,तर्ष,तृष्णा",,
तृष्,स्त्री।,पिपासा,,,गुणः,मानसिकभावः,,,,,"उदन्या,पिपासा,तृष्,तर्ष,तृष्णा",,
तर्ष,पुं।,पिपासा,,,गुणः,मानसिकभावः,,,,,"उदन्या,पिपासा,तृष्,तर्ष,तृष्णा",,
जग्धि,स्त्री।,भोजनम्,,,क्रिया,,,,,,"जग्धि,भोजन,जेमन,लेह,आहार,निघस,न्याद","तैलम्,भुक्तोच्चिष्टम्","पौलिः,भृष्टव्रीह्यादिः,अपूपः,दधिमिश्रसक्तुः,सिद्धान्नम्,भक्तोद्भवमण्डः,यवागू,तिलौदनः,गोरसम्,दुग्धम्,सहभोजनम्,पानरुचिजनकभक्षणम्"
भोजन,नपुं।,भोजनम्,,,क्रिया,,,,,,"जग्धि,भोजन,जेमन,लेह,आहार,निघस,न्याद","तैलम्,भुक्तोच्चिष्टम्","पौलिः,भृष्टव्रीह्यादिः,अपूपः,दधिमिश्रसक्तुः,सिद्धान्नम्,भक्तोद्भवमण्डः,यवागू,तिलौदनः,गोरसम्,दुग्धम्,सहभोजनम्,पानरुचिजनकभक्षणम्"
जेमन,नपुं।,भोजनम्,,,क्रिया,,,,,,"जग्धि,भोजन,जेमन,लेह,आहार,निघस,न्याद","तैलम्,भुक्तोच्चिष्टम्","पौलिः,भृष्टव्रीह्यादिः,अपूपः,दधिमिश्रसक्तुः,सिद्धान्नम्,भक्तोद्भवमण्डः,यवागू,तिलौदनः,गोरसम्,दुग्धम्,सहभोजनम्,पानरुचिजनकभक्षणम्"
लेह,पुं।,भोजनम्,,,क्रिया,,,,,,"जग्धि,भोजन,जेमन,लेह,आहार,निघस,न्याद","तैलम्,भुक्तोच्चिष्टम्","पौलिः,भृष्टव्रीह्यादिः,अपूपः,दधिमिश्रसक्तुः,सिद्धान्नम्,भक्तोद्भवमण्डः,यवागू,तिलौदनः,गोरसम्,दुग्धम्,सहभोजनम्,पानरुचिजनकभक्षणम्"
आहार,पुं।,भोजनम्,,,क्रिया,,,,,,"जग्धि,भोजन,जेमन,लेह,आहार,निघस,न्याद","तैलम्,भुक्तोच्चिष्टम्","पौलिः,भृष्टव्रीह्यादिः,अपूपः,दधिमिश्रसक्तुः,सिद्धान्नम्,भक्तोद्भवमण्डः,यवागू,तिलौदनः,गोरसम्,दुग्धम्,सहभोजनम्,पानरुचिजनकभक्षणम्"
निघस,पुं।,भोजनम्,,,क्रिया,,,,,,"जग्धि,भोजन,जेमन,लेह,आहार,निघस,न्याद","तैलम्,भुक्तोच्चिष्टम्","पौलिः,भृष्टव्रीह्यादिः,अपूपः,दधिमिश्रसक्तुः,सिद्धान्नम्,भक्तोद्भवमण्डः,यवागू,तिलौदनः,गोरसम्,दुग्धम्,सहभोजनम्,पानरुचिजनकभक्षणम्"
न्याद,पुं।,भोजनम्,,,क्रिया,,,,,,"जग्धि,भोजन,जेमन,लेह,आहार,निघस,न्याद","तैलम्,भुक्तोच्चिष्टम्","पौलिः,भृष्टव्रीह्यादिः,अपूपः,दधिमिश्रसक्तुः,सिद्धान्नम्,भक्तोद्भवमण्डः,यवागू,तिलौदनः,गोरसम्,दुग्धम्,सहभोजनम्,पानरुचिजनकभक्षणम्"
सौहित्य,नपुं।,तृप्तिः,,,गुणः,मानसिकभावः,,,,,"सौहित्य,तर्पण,तृप्ति",,
तर्पण,नपुं।,तृप्तिः,,,गुणः,मानसिकभावः,,,,,"सौहित्य,तर्पण,तृप्ति",,
तृप्ति,स्त्री।,तृप्तिः,,,गुणः,मानसिकभावः,,,,,"सौहित्य,तर्पण,तृप्ति",,
फेला,स्त्री।,भुक्तोच्चिष्टम्,,खाद्यम्,,,,,,,"फेला,भुक्तसमुज्झित",,
भुक्तसमुज्झित,नपुं।,भुक्तोच्चिष्टम्,,खाद्यम्,,,,,,,"फेला,भुक्तसमुज्झित",,
काम,नपुं।,यथेप्सितम्,,,गुणः,मानसिकभावः,,,,,"काम,प्रकामम्,पर्याप्त,निकामम्,इष्ट,यथेप्सितम्,लघु,स्वादु",,
प्रकामम्,अव्य।,यथेप्सितम्,,,गुणः,मानसिकभावः,,,,,"काम,प्रकामम्,पर्याप्त,निकामम्,इष्ट,यथेप्सितम्,लघु,स्वादु",,
पर्याप्त,नपुं।,यथेप्सितम्,,,गुणः,मानसिकभावः,,,,,"काम,प्रकामम्,पर्याप्त,निकामम्,इष्ट,यथेप्सितम्,लघु,स्वादु",,
निकामम्,अव्य।,यथेप्सितम्,,,गुणः,मानसिकभावः,,,,,"काम,प्रकामम्,पर्याप्त,निकामम्,इष्ट,यथेप्सितम्,लघु,स्वादु",,
इष्ट,नपुं।,यथेप्सितम्,,,गुणः,मानसिकभावः,,,,,"काम,प्रकामम्,पर्याप्त,निकामम्,इष्ट,यथेप्सितम्,लघु,स्वादु",,
यथेप्सितम्,अव्य।,यथेप्सितम्,,,गुणः,मानसिकभावः,,,,,"काम,प्रकामम्,पर्याप्त,निकामम्,इष्ट,यथेप्सितम्,लघु,स्वादु",,
गोप,पुं।,गोपालः,,वृत्तिः,द्रव्यम्,पृथ्वी,चलसजीवः,मनुष्यः,,,"गोप,गोपाल,गोसङ्ख्य,गोधुक्,आभीर,वल्लव,गोविन्द,गोप","आभीरी,गोपग्रामः,गौः",गवां_स्वामिः
गोपाल,पुं।,गोपालः,,वृत्तिः,द्रव्यम्,पृथ्वी,चलसजीवः,मनुष्यः,,,"गोप,गोपाल,गोसङ्ख्य,गोधुक्,आभीर,वल्लव,गोविन्द,गोप","आभीरी,गोपग्रामः,गौः",गवां_स्वामिः
गोसङ्ख्य,पुं।,गोपालः,,वृत्तिः,द्रव्यम्,पृथ्वी,चलसजीवः,मनुष्यः,,,"गोप,गोपाल,गोसङ्ख्य,गोधुक्,आभीर,वल्लव,गोविन्द,गोप","आभीरी,गोपग्रामः,गौः",गवां_स्वामिः
गोधुक्,पुं।,गोपालः,,वृत्तिः,द्रव्यम्,पृथ्वी,चलसजीवः,मनुष्यः,,,"गोप,गोपाल,गोसङ्ख्य,गोधुक्,आभीर,वल्लव,गोविन्द,गोप","आभीरी,गोपग्रामः,गौः",गवां_स्वामिः
आभीर,पुं।,गोपालः,,वृत्तिः,द्रव्यम्,पृथ्वी,चलसजीवः,मनुष्यः,,,"गोप,गोपाल,गोसङ्ख्य,गोधुक्,आभीर,वल्लव,गोविन्द,गोप","आभीरी,गोपग्रामः,गौः",गवां_स्वामिः
वल्लव,पुं।,गोपालः,,वृत्तिः,द्रव्यम्,पृथ्वी,चलसजीवः,मनुष्यः,,,"गोप,गोपाल,गोसङ्ख्य,गोधुक्,आभीर,वल्लव,गोविन्द,गोप","आभीरी,गोपग्रामः,गौः",गवां_स्वामिः
पादबन्धन,नपुं।,गोमहिष्यादिः,,,द्रव्यम्,पृथ्वी,चलसजीवः,मनुष्येतरः,जन्तुः,स्तनपायी,पादबन्धन,,गौः
गवीश्वर,पुं।,गवां_स्वामिः,,वृत्तिः,द्रव्यम्,पृथ्वी,चलसजीवः,मनुष्यः,,,"गवीश्वर,गोमत्,गोमिन्",गौः,
गोमत्,पुं।,गवां_स्वामिः,,वृत्तिः,द्रव्यम्,पृथ्वी,चलसजीवः,मनुष्यः,,,"गवीश्वर,गोमत्,गोमिन्",गौः,
गोमिन्,पुं।,गवां_स्वामिः,,वृत्तिः,द्रव्यम्,पृथ्वी,चलसजीवः,मनुष्यः,,,"गवीश्वर,गोमत्,गोमिन्",गौः,
गोकुल,नपुं।,गोसङ्घातः,,समूहः,द्रव्यम्,पृथ्वी,चलसजीवः,मनुष्येतरः,जन्तुः,स्तनपायी,"गोकुल,गोधन",,
गोधन,नपुं।,गोसङ्घातः,,समूहः,द्रव्यम्,पृथ्वी,चलसजीवः,मनुष्येतरः,जन्तुः,स्तनपायी,"गोकुल,गोधन",,
आशितङ्गवीन,वि।,पूर्वं_गवां_चरणस्थानम्,,,द्रव्यम्,पृथ्वी,अचलनिर्जीवः,स्थानम्,मानवनिर्मितिः,,आशितङ्गवीन,,
उक्षन्,पुं।,वृषभः,,,द्रव्यम्,पृथ्वी,चलसजीवः,मनुष्येतरः,जन्तुः,स्तनपायी,"उक्षन्,भद्र,बलीवर्द,ऋषभ,वृषभ,वृष,अनडुह्,सौरभेय,गो","वृषभस्कन्धदेशः,गौः,सद्योजातवृषभवत्सः,वृषभवत्सः","महावृषभः,वृद्धवृषभः,आरब्धयौवनवृषभः,वृषभवत्सः,तारुण्यप्राप्तवृषभः,साण्डवृषभः,नासारज्जुयुक्तवृषभः,दमनार्थं_कण्ठारोपितकाष्ठवाहः,युगवाह्यवृषभः,युगेयुगवाह्यवृषभः,शकटवाह्यवृषभः,धुरन्धरवृषभः,एकामेव_धुरन्धरः,धुरीणश्रेष्ठः"
भद्र,पुं।,वृषभः,,,द्रव्यम्,पृथ्वी,चलसजीवः,मनुष्येतरः,जन्तुः,स्तनपायी,"उक्षन्,भद्र,बलीवर्द,ऋषभ,वृषभ,वृष,अनडुह्,सौरभेय,गो","वृषभस्कन्धदेशः,गौः,सद्योजातवृषभवत्सः,वृषभवत्सः","महावृषभः,वृद्धवृषभः,आरब्धयौवनवृषभः,वृषभवत्सः,तारुण्यप्राप्तवृषभः,साण्डवृषभः,नासारज्जुयुक्तवृषभः,दमनार्थं_कण्ठारोपितकाष्ठवाहः,युगवाह्यवृषभः,युगेयुगवाह्यवृषभः,शकटवाह्यवृषभः,धुरन्धरवृषभः,एकामेव_धुरन्धरः,धुरीणश्रेष्ठः"
बलीवर्द,पुं।,वृषभः,,,द्रव्यम्,पृथ्वी,चलसजीवः,मनुष्येतरः,जन्तुः,स्तनपायी,"उक्षन्,भद्र,बलीवर्द,ऋषभ,वृषभ,वृष,अनडुह्,सौरभेय,गो","वृषभस्कन्धदेशः,गौः,सद्योजातवृषभवत्सः,वृषभवत्सः","महावृषभः,वृद्धवृषभः,आरब्धयौवनवृषभः,वृषभवत्सः,तारुण्यप्राप्तवृषभः,साण्डवृषभः,नासारज्जुयुक्तवृषभः,दमनार्थं_कण्ठारोपितकाष्ठवाहः,युगवाह्यवृषभः,युगेयुगवाह्यवृषभः,शकटवाह्यवृषभः,धुरन्धरवृषभः,एकामेव_धुरन्धरः,धुरीणश्रेष्ठः"
ऋषभ,पुं।,वृषभः,,,द्रव्यम्,पृथ्वी,चलसजीवः,मनुष्येतरः,जन्तुः,स्तनपायी,"उक्षन्,भद्र,बलीवर्द,ऋषभ,वृषभ,वृष,अनडुह्,सौरभेय,गो","वृषभस्कन्धदेशः,गौः,सद्योजातवृषभवत्सः,वृषभवत्सः","महावृषभः,वृद्धवृषभः,आरब्धयौवनवृषभः,वृषभवत्सः,तारुण्यप्राप्तवृषभः,साण्डवृषभः,नासारज्जुयुक्तवृषभः,दमनार्थं_कण्ठारोपितकाष्ठवाहः,युगवाह्यवृषभः,युगेयुगवाह्यवृषभः,शकटवाह्यवृषभः,धुरन्धरवृषभः,एकामेव_धुरन्धरः,धुरीणश्रेष्ठः"
वृषभ,पुं।,वृषभः,,,द्रव्यम्,पृथ्वी,चलसजीवः,मनुष्येतरः,जन्तुः,स्तनपायी,"उक्षन्,भद्र,बलीवर्द,ऋषभ,वृषभ,वृष,अनडुह्,सौरभेय,गो","वृषभस्कन्धदेशः,गौः,सद्योजातवृषभवत्सः,वृषभवत्सः","महावृषभः,वृद्धवृषभः,आरब्धयौवनवृषभः,वृषभवत्सः,तारुण्यप्राप्तवृषभः,साण्डवृषभः,नासारज्जुयुक्तवृषभः,दमनार्थं_कण्ठारोपितकाष्ठवाहः,युगवाह्यवृषभः,युगेयुगवाह्यवृषभः,शकटवाह्यवृषभः,धुरन्धरवृषभः,एकामेव_धुरन्धरः,धुरीणश्रेष्ठः"
वृष,पुं।,वृषभः,,,द्रव्यम्,पृथ्वी,चलसजीवः,मनुष्येतरः,जन्तुः,स्तनपायी,"उक्षन्,भद्र,बलीवर्द,ऋषभ,वृषभ,वृष,अनडुह्,सौरभेय,गो","वृषभस्कन्धदेशः,गौः,सद्योजातवृषभवत्सः,वृषभवत्सः","महावृषभः,वृद्धवृषभः,आरब्धयौवनवृषभः,वृषभवत्सः,तारुण्यप्राप्तवृषभः,साण्डवृषभः,नासारज्जुयुक्तवृषभः,दमनार्थं_कण्ठारोपितकाष्ठवाहः,युगवाह्यवृषभः,युगेयुगवाह्यवृषभः,शकटवाह्यवृषभः,धुरन्धरवृषभः,एकामेव_धुरन्धरः,धुरीणश्रेष्ठः"
अनडुह्,पुं।,वृषभः,,,द्रव्यम्,पृथ्वी,चलसजीवः,मनुष्येतरः,जन्तुः,स्तनपायी,"उक्षन्,भद्र,बलीवर्द,ऋषभ,वृषभ,वृष,अनडुह्,सौरभेय,गो","वृषभस्कन्धदेशः,गौः,सद्योजातवृषभवत्सः,वृषभवत्सः","महावृषभः,वृद्धवृषभः,आरब्धयौवनवृषभः,वृषभवत्सः,तारुण्यप्राप्तवृषभः,साण्डवृषभः,नासारज्जुयुक्तवृषभः,दमनार्थं_कण्ठारोपितकाष्ठवाहः,युगवाह्यवृषभः,युगेयुगवाह्यवृषभः,शकटवाह्यवृषभः,धुरन्धरवृषभः,एकामेव_धुरन्धरः,धुरीणश्रेष्ठः"
सौरभेय,पुं।,वृषभः,,,द्रव्यम्,पृथ्वी,चलसजीवः,मनुष्येतरः,जन्तुः,स्तनपायी,"उक्षन्,भद्र,बलीवर्द,ऋषभ,वृषभ,वृष,अनडुह्,सौरभेय,गो","वृषभस्कन्धदेशः,गौः,सद्योजातवृषभवत्सः,वृषभवत्सः","महावृषभः,वृद्धवृषभः,आरब्धयौवनवृषभः,वृषभवत्सः,तारुण्यप्राप्तवृषभः,साण्डवृषभः,नासारज्जुयुक्तवृषभः,दमनार्थं_कण्ठारोपितकाष्ठवाहः,युगवाह्यवृषभः,युगेयुगवाह्यवृषभः,शकटवाह्यवृषभः,धुरन्धरवृषभः,एकामेव_धुरन्धरः,धुरीणश्रेष्ठः"
गो,पुं।,वृषभः,,,द्रव्यम्,पृथ्वी,चलसजीवः,मनुष्येतरः,जन्तुः,स्तनपायी,"उक्षन्,भद्र,बलीवर्द,ऋषभ,वृषभ,वृष,अनडुह्,सौरभेय,गो","वृषभस्कन्धदेशः,गौः,सद्योजातवृषभवत्सः,वृषभवत्सः","महावृषभः,वृद्धवृषभः,आरब्धयौवनवृषभः,वृषभवत्सः,तारुण्यप्राप्तवृषभः,साण्डवृषभः,नासारज्जुयुक्तवृषभः,दमनार्थं_कण्ठारोपितकाष्ठवाहः,युगवाह्यवृषभः,युगेयुगवाह्यवृषभः,शकटवाह्यवृषभः,धुरन्धरवृषभः,एकामेव_धुरन्धरः,धुरीणश्रेष्ठः"
औक्षक,नपुं।,वृषभसङ्घः,,समूहः,द्रव्यम्,पृथ्वी,चलसजीवः,मनुष्येतरः,जन्तुः,स्तनपायी,औक्षक,वृषभः,
गव्या,स्त्री।,गोसमूहः,,समूहः,द्रव्यम्,पृथ्वी,चलसजीवः,मनुष्येतरः,जन्तुः,स्तनपायी,"गव्या,गोत्रा",गौः,गोसङ्घातः
गोत्रा,स्त्री।,गोसमूहः,,समूहः,द्रव्यम्,पृथ्वी,चलसजीवः,मनुष्येतरः,जन्तुः,स्तनपायी,"गव्या,गोत्रा",गौः,गोसङ्घातः
वात्सक,नपुं।,वत्ससमूहः,,समूहः,द्रव्यम्,पृथ्वी,चलसजीवः,मनुष्येतरः,जन्तुः,स्तनपायी,वात्सक,,
धैनुक,नपुं।,धेनुसमूहः,,समूहः,द्रव्यम्,पृथ्वी,चलसजीवः,मनुष्येतरः,जन्तुः,स्तनपायी,धैनुक,,
महोक्ष,पुं।,महावृषभः,,,द्रव्यम्,पृथ्वी,चलसजीवः,मनुष्येतरः,जन्तुः,स्तनपायी,महोक्ष,,
वृद्धोक्ष,पुं।,वृद्धवृषभः,,,द्रव्यम्,पृथ्वी,चलसजीवः,मनुष्येतरः,जन्तुः,स्तनपायी,"वृद्धोक्ष,जरद्गव",,
जरद्गव,पुं।,वृद्धवृषभः,,,द्रव्यम्,पृथ्वी,चलसजीवः,मनुष्येतरः,जन्तुः,स्तनपायी,"वृद्धोक्ष,जरद्गव",,
जातोक्ष,पुं।,आरब्धयौवनवृषभः,,,द्रव्यम्,पृथ्वी,चलसजीवः,मनुष्येतरः,जन्तुः,स्तनपायी,जातोक्ष,,
तर्णक,पुं।,सद्योजातवृषभवत्सः,,,द्रव्यम्,पृथ्वी,चलसजीवः,मनुष्येतरः,जन्तुः,स्तनपायी,"तर्णक,वत्स",वृषभः,
शकृत्करि,पुं।,वृषभवत्सः,,,द्रव्यम्,पृथ्वी,चलसजीवः,मनुष्येतरः,जन्तुः,स्तनपायी,"शकृत्करि,वत्स",वृषभः,सद्योजातवृषभवत्सः
वत्स,पुं।,वृषभवत्सः,,,द्रव्यम्,पृथ्वी,चलसजीवः,मनुष्येतरः,जन्तुः,स्तनपायी,"शकृत्करि,वत्स",वृषभः,सद्योजातवृषभवत्सः
दम्य,पुं।,स्पष्टतारुण्यवृषभः,,,द्रव्यम्,पृथ्वी,चलसजीवः,मनुष्येतरः,जन्तुः,स्तनपायी,"दम्य,वत्सतर",,
वत्सतर,पुं।,स्पष्टतारुण्यवृषभः,,,द्रव्यम्,पृथ्वी,चलसजीवः,मनुष्येतरः,जन्तुः,स्तनपायी,"दम्य,वत्सतर",,
आर्षभ्य,पुं।,तारुण्यप्राप्तवृषभः,,,द्रव्यम्,पृथ्वी,चलसजीवः,मनुष्येतरः,जन्तुः,स्तनपायी,"आर्षभ्य,षण्डतायोग्य",,स्पष्टतारुण्यवृषभः
षण्डतायोग्य,पुं।,तारुण्यप्राप्तवृषभः,,,द्रव्यम्,पृथ्वी,चलसजीवः,मनुष्येतरः,जन्तुः,स्तनपायी,"आर्षभ्य,षण्डतायोग्य",,स्पष्टतारुण्यवृषभः
षण्ड,पुं।,साण्डवृषभः,,,द्रव्यम्,पृथ्वी,चलसजीवः,मनुष्येतरः,जन्तुः,स्तनपायी,"षण्ड,गोपति,इट्चर",,
गोपति,पुं।,साण्डवृषभः,,,द्रव्यम्,पृथ्वी,चलसजीवः,मनुष्येतरः,जन्तुः,स्तनपायी,"षण्ड,गोपति,इट्चर",,
इट्चर,पुं।,साण्डवृषभः,,,द्रव्यम्,पृथ्वी,चलसजीवः,मनुष्येतरः,जन्तुः,स्तनपायी,"षण्ड,गोपति,इट्चर",,
वह,पुं।,वृषभस्कन्धदेशः,,अवयवः,,,,,,,वह,,
सास्ना,स्त्री।,गलकम्बलः,,,द्रव्यम्,पृथ्वी,अचलनिर्जीवः,अचलनिर्जीववस्तु,,,"सास्ना,गलकम्बल",,
गलकम्बल,पुं।,गलकम्बलः,,,द्रव्यम्,पृथ्वी,अचलनिर्जीवः,अचलनिर्जीववस्तु,,,"सास्ना,गलकम्बल",,
नस्तित,पुं।,नासारज्जुयुक्तवृषभः,,,द्रव्यम्,पृथ्वी,चलसजीवः,मनुष्येतरः,जन्तुः,स्तनपायी,"नस्तित,नस्योत",,
नस्योत,पुं।,नासारज्जुयुक्तवृषभः,,,द्रव्यम्,पृथ्वी,चलसजीवः,मनुष्येतरः,जन्तुः,स्तनपायी,"नस्तित,नस्योत",,
प्रष्ठवाह्,पुं।,दमनार्थं_कण्ठारोपितकाष्ठवाहः,,,द्रव्यम्,पृथ्वी,चलसजीवः,मनुष्येतरः,जन्तुः,स्तनपायी,"प्रष्ठवाह्,युगपार्श्वग",,
युगपार्श्वग,पुं।,दमनार्थं_कण्ठारोपितकाष्ठवाहः,,,द्रव्यम्,पृथ्वी,चलसजीवः,मनुष्येतरः,जन्तुः,स्तनपायी,"प्रष्ठवाह्,युगपार्श्वग",,
युग्य,नपुं।,युगवाह्यवृषभः,,,द्रव्यम्,पृथ्वी,चलसजीवः,मनुष्येतरः,जन्तुः,स्तनपायी,युग्य,,
प्रासङ्ग्य,पुं।,युगेयुगवाह्यवृषभः,,,द्रव्यम्,पृथ्वी,चलसजीवः,मनुष्येतरः,जन्तुः,स्तनपायी,प्रासङ्ग्य,,
शाकट,पुं।,शकटवाह्यवृषभः,,,द्रव्यम्,पृथ्वी,चलसजीवः,मनुष्येतरः,जन्तुः,स्तनपायी,शाकट,,
हालिक,पुं।,हलेन_खनतीत्यादयः,,,द्रव्यम्,पृथ्वी,चलसजीवः,मनुष्यः,,,"हालिक,सैरिक",,
सैरिक,पुं।,हलेन_खनतीत्यादयः,,,द्रव्यम्,पृथ्वी,चलसजीवः,मनुष्यः,,,"हालिक,सैरिक",,
धुर्वह,पुं।,धुरन्धरवृषभः,,,द्रव्यम्,पृथ्वी,चलसजीवः,मनुष्येतरः,जन्तुः,स्तनपायी,"धुर्वह,धुर्य,धौरेय,धुरीण,सधुरन्धर",,
धुर्य,पुं।,धुरन्धरवृषभः,,,द्रव्यम्,पृथ्वी,चलसजीवः,मनुष्येतरः,जन्तुः,स्तनपायी,"धुर्वह,धुर्य,धौरेय,धुरीण,सधुरन्धर",,
धौरेय,पुं।,धुरन्धरवृषभः,,,द्रव्यम्,पृथ्वी,चलसजीवः,मनुष्येतरः,जन्तुः,स्तनपायी,"धुर्वह,धुर्य,धौरेय,धुरीण,सधुरन्धर",,
धुरीण,पुं।,धुरन्धरवृषभः,,,द्रव्यम्,पृथ्वी,चलसजीवः,मनुष्येतरः,जन्तुः,स्तनपायी,"धुर्वह,धुर्य,धौरेय,धुरीण,सधुरन्धर",,
सधुरन्धर,पुं।,धुरन्धरवृषभः,,,द्रव्यम्,पृथ्वी,चलसजीवः,मनुष्येतरः,जन्तुः,स्तनपायी,"धुर्वह,धुर्य,धौरेय,धुरीण,सधुरन्धर",,
एकधुरीण,पुं।,एकामेव_धुरन्धरः,,,द्रव्यम्,पृथ्वी,चलसजीवः,मनुष्यः,,,"एकधुरीण,एकधुर,एकधुरावह",,
एकधुर,पुं।,एकामेव_धुरन्धरः,,,द्रव्यम्,पृथ्वी,चलसजीवः,मनुष्यः,,,"एकधुरीण,एकधुर,एकधुरावह",,
एकधुरावह,पुं।,एकामेव_धुरन्धरः,,,द्रव्यम्,पृथ्वी,चलसजीवः,मनुष्यः,,,"एकधुरीण,एकधुर,एकधुरावह",,
सर्वधुरीण,पुं।,धुरीणश्रेष्ठः,,,द्रव्यम्,पृथ्वी,चलसजीवः,मनुष्यः,,,"सर्वधुरीण,सर्वधुरावह",,
सर्वधुरावह,पुं।,धुरीणश्रेष्ठः,,,द्रव्यम्,पृथ्वी,चलसजीवः,मनुष्यः,,,"सर्वधुरीण,सर्वधुरावह",,
माहेयी,स्त्री।,गौः,,,द्रव्यम्,पृथ्वी,चलसजीवः,मनुष्येतरः,जन्तुः,स्तनपायी,"माहेयी,सौरभेयी,गो,उस्रा,मातृ,शृङ्गिणी,अर्जुनी,अघ्न्या,रोहिणी,इडा,इला,सुरभि,बहुला","क्षीरशयः,वृषभः,गवां_स्वामिः,गोपालः","श्रेष्ठा_गौः,गोभेदः,द्विवर्षा_गौः,एकवर्षा_गौः,चतुर्वर्षा_गौः,त्रिवर्षा_गौः,वन्ध्या_गौः,अकस्मात्_पतितगर्भा_गौः,कृतमैथुना_गौः,वृषयोगेन_गर्भपातिनी,गर्भग्रहणयोग्या_गौः,प्रथमं_गर्भं_धृतवती_गौः,अकोपजा_गौः,बहुप्रसूता_गौः,दीर्घकालेन_प्रसूता_गौः,नूतनप्रसूता_गौः,सुशीला_गौः,स्थूलस्तनी_गौः,द्रोणप्रिमितदुग्धमात्रा_गौः,बन्धनस्थिता_गौः,प्रतिवर्षं_प्रसवित्री_गौः,अजातशृङ्गगौः"
सौरभेयी,स्त्री।,गौः,,,द्रव्यम्,पृथ्वी,चलसजीवः,मनुष्येतरः,जन्तुः,स्तनपायी,"माहेयी,सौरभेयी,गो,उस्रा,मातृ,शृङ्गिणी,अर्जुनी,अघ्न्या,रोहिणी,इडा,इला,सुरभि,बहुला","क्षीरशयः,वृषभः,गवां_स्वामिः,गोपालः","श्रेष्ठा_गौः,गोभेदः,द्विवर्षा_गौः,एकवर्षा_गौः,चतुर्वर्षा_गौः,त्रिवर्षा_गौः,वन्ध्या_गौः,अकस्मात्_पतितगर्भा_गौः,कृतमैथुना_गौः,वृषयोगेन_गर्भपातिनी,गर्भग्रहणयोग्या_गौः,प्रथमं_गर्भं_धृतवती_गौः,अकोपजा_गौः,बहुप्रसूता_गौः,दीर्घकालेन_प्रसूता_गौः,नूतनप्रसूता_गौः,सुशीला_गौः,स्थूलस्तनी_गौः,द्रोणप्रिमितदुग्धमात्रा_गौः,बन्धनस्थिता_गौः,प्रतिवर्षं_प्रसवित्री_गौः,अजातशृङ्गगौः"
गो,पुं।,गौः,,,द्रव्यम्,पृथ्वी,चलसजीवः,मनुष्येतरः,जन्तुः,स्तनपायी,"माहेयी,सौरभेयी,गो,उस्रा,मातृ,शृङ्गिणी,अर्जुनी,अघ्न्या,रोहिणी,इडा,इला,सुरभि,बहुला","क्षीरशयः,वृषभः,गवां_स्वामिः,गोपालः","श्रेष्ठा_गौः,गोभेदः,द्विवर्षा_गौः,एकवर्षा_गौः,चतुर्वर्षा_गौः,त्रिवर्षा_गौः,वन्ध्या_गौः,अकस्मात्_पतितगर्भा_गौः,कृतमैथुना_गौः,वृषयोगेन_गर्भपातिनी,गर्भग्रहणयोग्या_गौः,प्रथमं_गर्भं_धृतवती_गौः,अकोपजा_गौः,बहुप्रसूता_गौः,दीर्घकालेन_प्रसूता_गौः,नूतनप्रसूता_गौः,सुशीला_गौः,स्थूलस्तनी_गौः,द्रोणप्रिमितदुग्धमात्रा_गौः,बन्धनस्थिता_गौः,प्रतिवर्षं_प्रसवित्री_गौः,अजातशृङ्गगौः"
उस्रा,स्त्री।,गौः,,,द्रव्यम्,पृथ्वी,चलसजीवः,मनुष्येतरः,जन्तुः,स्तनपायी,"माहेयी,सौरभेयी,गो,उस्रा,मातृ,शृङ्गिणी,अर्जुनी,अघ्न्या,रोहिणी,इडा,इला,सुरभि,बहुला","क्षीरशयः,वृषभः,गवां_स्वामिः,गोपालः","श्रेष्ठा_गौः,गोभेदः,द्विवर्षा_गौः,एकवर्षा_गौः,चतुर्वर्षा_गौः,त्रिवर्षा_गौः,वन्ध्या_गौः,अकस्मात्_पतितगर्भा_गौः,कृतमैथुना_गौः,वृषयोगेन_गर्भपातिनी,गर्भग्रहणयोग्या_गौः,प्रथमं_गर्भं_धृतवती_गौः,अकोपजा_गौः,बहुप्रसूता_गौः,दीर्घकालेन_प्रसूता_गौः,नूतनप्रसूता_गौः,सुशीला_गौः,स्थूलस्तनी_गौः,द्रोणप्रिमितदुग्धमात्रा_गौः,बन्धनस्थिता_गौः,प्रतिवर्षं_प्रसवित्री_गौः,अजातशृङ्गगौः"
मातृ,स्त्री।,गौः,,,द्रव्यम्,पृथ्वी,चलसजीवः,मनुष्येतरः,जन्तुः,स्तनपायी,"माहेयी,सौरभेयी,गो,उस्रा,मातृ,शृङ्गिणी,अर्जुनी,अघ्न्या,रोहिणी,इडा,इला,सुरभि,बहुला","क्षीरशयः,वृषभः,गवां_स्वामिः,गोपालः","श्रेष्ठा_गौः,गोभेदः,द्विवर्षा_गौः,एकवर्षा_गौः,चतुर्वर्षा_गौः,त्रिवर्षा_गौः,वन्ध्या_गौः,अकस्मात्_पतितगर्भा_गौः,कृतमैथुना_गौः,वृषयोगेन_गर्भपातिनी,गर्भग्रहणयोग्या_गौः,प्रथमं_गर्भं_धृतवती_गौः,अकोपजा_गौः,बहुप्रसूता_गौः,दीर्घकालेन_प्रसूता_गौः,नूतनप्रसूता_गौः,सुशीला_गौः,स्थूलस्तनी_गौः,द्रोणप्रिमितदुग्धमात्रा_गौः,बन्धनस्थिता_गौः,प्रतिवर्षं_प्रसवित्री_गौः,अजातशृङ्गगौः"
शृङ्गिणी,स्त्री।,गौः,,,द्रव्यम्,पृथ्वी,चलसजीवः,मनुष्येतरः,जन्तुः,स्तनपायी,"माहेयी,सौरभेयी,गो,उस्रा,मातृ,शृङ्गिणी,अर्जुनी,अघ्न्या,रोहिणी,इडा,इला,सुरभि,बहुला","क्षीरशयः,वृषभः,गवां_स्वामिः,गोपालः","श्रेष्ठा_गौः,गोभेदः,द्विवर्षा_गौः,एकवर्षा_गौः,चतुर्वर्षा_गौः,त्रिवर्षा_गौः,वन्ध्या_गौः,अकस्मात्_पतितगर्भा_गौः,कृतमैथुना_गौः,वृषयोगेन_गर्भपातिनी,गर्भग्रहणयोग्या_गौः,प्रथमं_गर्भं_धृतवती_गौः,अकोपजा_गौः,बहुप्रसूता_गौः,दीर्घकालेन_प्रसूता_गौः,नूतनप्रसूता_गौः,सुशीला_गौः,स्थूलस्तनी_गौः,द्रोणप्रिमितदुग्धमात्रा_गौः,बन्धनस्थिता_गौः,प्रतिवर्षं_प्रसवित्री_गौः,अजातशृङ्गगौः"
अर्जुनी,स्त्री।,गौः,,,द्रव्यम्,पृथ्वी,चलसजीवः,मनुष्येतरः,जन्तुः,स्तनपायी,"माहेयी,सौरभेयी,गो,उस्रा,मातृ,शृङ्गिणी,अर्जुनी,अघ्न्या,रोहिणी,इडा,इला,सुरभि,बहुला","क्षीरशयः,वृषभः,गवां_स्वामिः,गोपालः","श्रेष्ठा_गौः,गोभेदः,द्विवर्षा_गौः,एकवर्षा_गौः,चतुर्वर्षा_गौः,त्रिवर्षा_गौः,वन्ध्या_गौः,अकस्मात्_पतितगर्भा_गौः,कृतमैथुना_गौः,वृषयोगेन_गर्भपातिनी,गर्भग्रहणयोग्या_गौः,प्रथमं_गर्भं_धृतवती_गौः,अकोपजा_गौः,बहुप्रसूता_गौः,दीर्घकालेन_प्रसूता_गौः,नूतनप्रसूता_गौः,सुशीला_गौः,स्थूलस्तनी_गौः,द्रोणप्रिमितदुग्धमात्रा_गौः,बन्धनस्थिता_गौः,प्रतिवर्षं_प्रसवित्री_गौः,अजातशृङ्गगौः"
अघ्न्या,स्त्री।,गौः,,,द्रव्यम्,पृथ्वी,चलसजीवः,मनुष्येतरः,जन्तुः,स्तनपायी,"माहेयी,सौरभेयी,गो,उस्रा,मातृ,शृङ्गिणी,अर्जुनी,अघ्न्या,रोहिणी,इडा,इला,सुरभि,बहुला","क्षीरशयः,वृषभः,गवां_स्वामिः,गोपालः","श्रेष्ठा_गौः,गोभेदः,द्विवर्षा_गौः,एकवर्षा_गौः,चतुर्वर्षा_गौः,त्रिवर्षा_गौः,वन्ध्या_गौः,अकस्मात्_पतितगर्भा_गौः,कृतमैथुना_गौः,वृषयोगेन_गर्भपातिनी,गर्भग्रहणयोग्या_गौः,प्रथमं_गर्भं_धृतवती_गौः,अकोपजा_गौः,बहुप्रसूता_गौः,दीर्घकालेन_प्रसूता_गौः,नूतनप्रसूता_गौः,सुशीला_गौः,स्थूलस्तनी_गौः,द्रोणप्रिमितदुग्धमात्रा_गौः,बन्धनस्थिता_गौः,प्रतिवर्षं_प्रसवित्री_गौः,अजातशृङ्गगौः"
रोहिणी,स्त्री।,गौः,,,द्रव्यम्,पृथ्वी,चलसजीवः,मनुष्येतरः,जन्तुः,स्तनपायी,"माहेयी,सौरभेयी,गो,उस्रा,मातृ,शृङ्गिणी,अर्जुनी,अघ्न्या,रोहिणी,इडा,इला,सुरभि,बहुला","क्षीरशयः,वृषभः,गवां_स्वामिः,गोपालः","श्रेष्ठा_गौः,गोभेदः,द्विवर्षा_गौः,एकवर्षा_गौः,चतुर्वर्षा_गौः,त्रिवर्षा_गौः,वन्ध्या_गौः,अकस्मात्_पतितगर्भा_गौः,कृतमैथुना_गौः,वृषयोगेन_गर्भपातिनी,गर्भग्रहणयोग्या_गौः,प्रथमं_गर्भं_धृतवती_गौः,अकोपजा_गौः,बहुप्रसूता_गौः,दीर्घकालेन_प्रसूता_गौः,नूतनप्रसूता_गौः,सुशीला_गौः,स्थूलस्तनी_गौः,द्रोणप्रिमितदुग्धमात्रा_गौः,बन्धनस्थिता_गौः,प्रतिवर्षं_प्रसवित्री_गौः,अजातशृङ्गगौः"
नैचिकी,स्त्री।,श्रेष्ठा_गौः,,,द्रव्यम्,पृथ्वी,चलसजीवः,मनुष्येतरः,जन्तुः,स्तनपायी,नैचिकी,,
शबली,स्त्री।,गोभेदः,,,द्रव्यम्,पृथ्वी,चलसजीवः,मनुष्येतरः,जन्तुः,स्तनपायी,"शबली,धवला",,
धवला,स्त्री।,गोभेदः,,,द्रव्यम्,पृथ्वी,चलसजीवः,मनुष्येतरः,जन्तुः,स्तनपायी,"शबली,धवला",,
द्विहायनी,स्त्री।,द्विवर्षा_गौः,,,द्रव्यम्,पृथ्वी,चलसजीवः,मनुष्येतरः,जन्तुः,स्तनपायी,द्विहायनी,,
एकहायनी,स्त्री।,एकवर्षा_गौः,,,द्रव्यम्,पृथ्वी,चलसजीवः,मनुष्येतरः,जन्तुः,स्तनपायी,एकहायनी,,
चतुर्हायणी,स्त्री।,चतुर्वर्षा_गौः,,,द्रव्यम्,पृथ्वी,चलसजीवः,मनुष्येतरः,जन्तुः,स्तनपायी,चतुर्हायणी,,
त्रिहायणी,स्त्री।,त्रिवर्षा_गौः,,,द्रव्यम्,पृथ्वी,चलसजीवः,मनुष्येतरः,जन्तुः,स्तनपायी,त्रिहायणी,,
वशा,स्त्री।,वन्ध्या_गौः,,,द्रव्यम्,पृथ्वी,चलसजीवः,मनुष्येतरः,जन्तुः,स्तनपायी,"वशा,वन्ध्या",,
वन्ध्या,स्त्री।,वन्ध्या_गौः,,,द्रव्यम्,पृथ्वी,चलसजीवः,मनुष्येतरः,जन्तुः,स्तनपायी,"वशा,वन्ध्या",,
अवतोका,स्त्री।,अकस्मात्_पतितगर्भा_गौः,,,द्रव्यम्,पृथ्वी,चलसजीवः,मनुष्येतरः,जन्तुः,स्तनपायी,"अवतोका,स्रवद्गर्भा",,
स्रवद्गर्भा,स्त्री।,अकस्मात्_पतितगर्भा_गौः,,,द्रव्यम्,पृथ्वी,चलसजीवः,मनुष्येतरः,जन्तुः,स्तनपायी,"अवतोका,स्रवद्गर्भा",,
सन्धिनी,स्त्री।,कृतमैथुना_गौः,,,द्रव्यम्,पृथ्वी,चलसजीवः,मनुष्येतरः,जन्तुः,स्तनपायी,सन्धिनी,,
वेहत्,स्त्री।,वृषयोगेन_गर्भपातिनी,,,द्रव्यम्,पृथ्वी,चलसजीवः,मनुष्येतरः,जन्तुः,स्तनपायी,"वेहत्,गर्भोपघातिनी",,
गर्भोपघातिनी,स्त्री।,वृषयोगेन_गर्भपातिनी,,,द्रव्यम्,पृथ्वी,चलसजीवः,मनुष्येतरः,जन्तुः,स्तनपायी,"वेहत्,गर्भोपघातिनी",,
उपसर्या,स्त्री।,गर्भग्रहणयोग्या_गौः,,,द्रव्यम्,पृथ्वी,चलसजीवः,मनुष्येतरः,जन्तुः,स्तनपायी,उपसर्या,,
प्रष्ठौही,स्त्री।,प्रथमं_गर्भं_धृतवती_गौः,,,द्रव्यम्,पृथ्वी,चलसजीवः,मनुष्येतरः,जन्तुः,स्तनपायी,"प्रष्ठौही,बालगर्भिणी",,
बालगर्भिणी,स्त्री।,प्रथमं_गर्भं_धृतवती_गौः,,,द्रव्यम्,पृथ्वी,चलसजीवः,मनुष्येतरः,जन्तुः,स्तनपायी,"प्रष्ठौही,बालगर्भिणी",,
अचण्डी,स्त्री।,अकोपजा_गौः,,,द्रव्यम्,पृथ्वी,चलसजीवः,मनुष्येतरः,जन्तुः,स्तनपायी,"अचण्डी,सुकरा",,
सुकरा,स्त्री।,अकोपजा_गौः,,,द्रव्यम्,पृथ्वी,चलसजीवः,मनुष्येतरः,जन्तुः,स्तनपायी,"अचण्डी,सुकरा",,
बहुसूति,स्त्री।,बहुप्रसूता_गौः,,,द्रव्यम्,पृथ्वी,चलसजीवः,मनुष्येतरः,जन्तुः,स्तनपायी,"बहुसूति,परेष्टुका",,
परेष्टुका,स्त्री।,बहुप्रसूता_गौः,,,द्रव्यम्,पृथ्वी,चलसजीवः,मनुष्येतरः,जन्तुः,स्तनपायी,"बहुसूति,परेष्टुका",,
चिरप्रसूता,स्त्री।,दीर्घकालेन_प्रसूता_गौः,,,द्रव्यम्,पृथ्वी,चलसजीवः,मनुष्येतरः,जन्तुः,स्तनपायी,"चिरप्रसूता,बष्कयणी",,
बष्कयणी,स्त्री।,दीर्घकालेन_प्रसूता_गौः,,,द्रव्यम्,पृथ्वी,चलसजीवः,मनुष्येतरः,जन्तुः,स्तनपायी,"चिरप्रसूता,बष्कयणी",,
धेनु,स्त्री।,नूतनप्रसूता_गौः,,,द्रव्यम्,पृथ्वी,चलसजीवः,मनुष्येतरः,जन्तुः,स्तनपायी,"धेनु,नवसूतिका",,
नवसूतिका,स्त्री।,नूतनप्रसूता_गौः,,,द्रव्यम्,पृथ्वी,चलसजीवः,मनुष्येतरः,जन्तुः,स्तनपायी,"धेनु,नवसूतिका",,
सुव्रता,स्त्री।,सुशीला_गौः,,,द्रव्यम्,पृथ्वी,चलसजीवः,मनुष्येतरः,जन्तुः,स्तनपायी,"सुव्रता,सुखसन्दोह्या",,
सुखसन्दोह्या,स्त्री।,सुशीला_गौः,,,द्रव्यम्,पृथ्वी,चलसजीवः,मनुष्येतरः,जन्तुः,स्तनपायी,"सुव्रता,सुखसन्दोह्या",,
पीनोध्नी,स्त्री।,स्थूलस्तनी_गौः,,,द्रव्यम्,पृथ्वी,चलसजीवः,मनुष्येतरः,जन्तुः,स्तनपायी,"पीनोध्नी,पीवरस्तनी",,
पीवरस्तनी,स्त्री।,स्थूलस्तनी_गौः,,,द्रव्यम्,पृथ्वी,चलसजीवः,मनुष्येतरः,जन्तुः,स्तनपायी,"पीनोध्नी,पीवरस्तनी",,
द्रोणक्षीरा,स्त्री।,द्रोणप्रिमितदुग्धमात्रा_गौः,,,द्रव्यम्,पृथ्वी,चलसजीवः,मनुष्येतरः,जन्तुः,स्तनपायी,"द्रोणक्षीरा,द्रोणदुग्धा",,
द्रोणदुग्धा,स्त्री।,द्रोणप्रिमितदुग्धमात्रा_गौः,,,द्रव्यम्,पृथ्वी,चलसजीवः,मनुष्येतरः,जन्तुः,स्तनपायी,"द्रोणक्षीरा,द्रोणदुग्धा",,
धेनुष्या,स्त्री।,बन्धनस्थिता_गौः,,,द्रव्यम्,पृथ्वी,चलसजीवः,मनुष्येतरः,जन्तुः,स्तनपायी,धेनुष्या,,
समांसमीना,स्त्री।,प्रतिवर्षं_प्रसवित्री_गौः,,,द्रव्यम्,पृथ्वी,चलसजीवः,मनुष्येतरः,जन्तुः,स्तनपायी,समांसमीना,,
ऊधस्,नपुं।,क्षीरशयः,,,द्रव्यम्,पृथ्वी,अचलनिर्जीवः,अचलनिर्जीववस्तु,,,"ऊधस्,आपीन",,
आपीन,नपुं।,क्षीरशयः,,,द्रव्यम्,पृथ्वी,अचलनिर्जीवः,अचलनिर्जीववस्तु,,,"ऊधस्,आपीन",,
शिवक,पुं।,पशुबन्धनकाष्ठम्,,,द्रव्यम्,पृथ्वी,अचलनिर्जीवः,अचलनिर्जीववस्तु,,,"शिवक,कीलक",,
कीलक,पुं।,पशुबन्धनकाष्ठम्,,,द्रव्यम्,पृथ्वी,अचलनिर्जीवः,अचलनिर्जीववस्तु,,,"शिवक,कीलक",,
दामन्,स्त्री-नपुं।,दोहनकाले_पादबन्धनरज्जुः,,,द्रव्यम्,पृथ्वी,अचलनिर्जीवः,अचलनिर्जीववस्तु,,,"दामन्,सन्दान",,
सन्दान,नपुं।,दोहनकाले_पादबन्धनरज्जुः,,,द्रव्यम्,पृथ्वी,अचलनिर्जीवः,अचलनिर्जीववस्तु,,,"दामन्,सन्दान",,
पशुरज्जु,स्त्री।,पशुबन्धनरज्जुः,,,द्रव्यम्,पृथ्वी,अचलनिर्जीवः,अचलनिर्जीववस्तु,,,"पशुरज्जु,दामनी",,
दामनी,स्त्री।,पशुबन्धनरज्जुः,,,द्रव्यम्,पृथ्वी,अचलनिर्जीवः,अचलनिर्जीववस्तु,,,"पशुरज्जु,दामनी",,
वैशाख,पुं।,मन्थनदण्डः,,"उपकरणम्,गार्हिकोपकरणम्",,,,,,,"वैशाख,मन्थ,मन्थान,मन्था,मन्थदण्डक",मन्थदण्डदारककाष्ठम्,
मन्थ,पुं।,मन्थनदण्डः,,"उपकरणम्,गार्हिकोपकरणम्",,,,,,,"वैशाख,मन्थ,मन्थान,मन्था,मन्थदण्डक",मन्थदण्डदारककाष्ठम्,
मन्थान,पुं।,मन्थनदण्डः,,"उपकरणम्,गार्हिकोपकरणम्",,,,,,,"वैशाख,मन्थ,मन्थान,मन्था,मन्थदण्डक",मन्थदण्डदारककाष्ठम्,
मन्था,पुं।,मन्थनदण्डः,,"उपकरणम्,गार्हिकोपकरणम्",,,,,,,"वैशाख,मन्थ,मन्थान,मन्था,मन्थदण्डक",मन्थदण्डदारककाष्ठम्,
मन्थदण्डक,पुं।,मन्थनदण्डः,,"उपकरणम्,गार्हिकोपकरणम्",,,,,,,"वैशाख,मन्थ,मन्थान,मन्था,मन्थदण्डक",मन्थदण्डदारककाष्ठम्,
कुठर,पुं।,मन्थदण्डदारककाष्ठम्,,,द्रव्यम्,पृथ्वी,अचलनिर्जीवः,अचलनिर्जीववस्तु,,,"कुठर,दण्डविष्कम्भ",,
दण्डविष्कम्भ,पुं।,मन्थदण्डदारककाष्ठम्,,,द्रव्यम्,पृथ्वी,अचलनिर्जीवः,अचलनिर्जीववस्तु,,,"कुठर,दण्डविष्कम्भ",,
मन्थनी,स्त्री।,मन्थनपात्रम्,,"उपकरणम्,गार्हिकोपकरणम्",,,,,,,"मन्थनी,गर्गरी",मन्थनदण्डः,
गर्गरी,स्त्री।,मन्थनपात्रम्,,"उपकरणम्,गार्हिकोपकरणम्",,,,,,,"मन्थनी,गर्गरी",मन्थनदण्डः,
उष्ट्र,पुं।,उष्ट्रः,,,द्रव्यम्,पृथ्वी,चलसजीवः,मनुष्येतरः,जन्तुः,स्तनपायी,"उष्ट्र,क्रमेलक,मय,महाङ्ग","उष्ट्रिका,उष्ट्रशिशुः",उष्ट्रशिशुः
क्रमेलक,पुं।,उष्ट्रः,,,द्रव्यम्,पृथ्वी,चलसजीवः,मनुष्येतरः,जन्तुः,स्तनपायी,"उष्ट्र,क्रमेलक,मय,महाङ्ग","उष्ट्रिका,उष्ट्रशिशुः",उष्ट्रशिशुः
मय,पुं।,उष्ट्रः,,,द्रव्यम्,पृथ्वी,चलसजीवः,मनुष्येतरः,जन्तुः,स्तनपायी,"उष्ट्र,क्रमेलक,मय,महाङ्ग","उष्ट्रिका,उष्ट्रशिशुः",उष्ट्रशिशुः
महाङ्ग,पुं।,उष्ट्रः,,,द्रव्यम्,पृथ्वी,चलसजीवः,मनुष्येतरः,जन्तुः,स्तनपायी,"उष्ट्र,क्रमेलक,मय,महाङ्ग","उष्ट्रिका,उष्ट्रशिशुः",उष्ट्रशिशुः
करभ,पुं।,उष्ट्रशिशुः,,,द्रव्यम्,पृथ्वी,चलसजीवः,मनुष्येतरः,जन्तुः,स्तनपायी,करभ,उष्ट्रः,दारुविकारशृङ्खलाबद्धोष्ट्रशिशुः
शृङ्खलक,पुं।,दारुविकारशृङ्खलाबद्धोष्ट्रशिशुः,,,द्रव्यम्,पृथ्वी,चलसजीवः,मनुष्येतरः,जन्तुः,स्तनपायी,शृङ्खलक,,
अजा,स्त्री।,अजा,,,द्रव्यम्,पृथ्वी,चलसजीवः,मनुष्येतरः,जन्तुः,स्तनपायी,"अजा,छागी",अजः,
छागी,स्त्री।,अजा,,,द्रव्यम्,पृथ्वी,चलसजीवः,मनुष्येतरः,जन्तुः,स्तनपायी,"अजा,छागी",अजः,
स्तभ,पुं।,अजः,,,द्रव्यम्,पृथ्वी,चलसजीवः,मनुष्येतरः,जन्तुः,स्तनपायी,"स्तभ,छाग,वस्त,छगलक,अज","अजा,अजाजीवनः",
छाग,पुं।,अजः,,,द्रव्यम्,पृथ्वी,चलसजीवः,मनुष्येतरः,जन्तुः,स्तनपायी,"स्तभ,छाग,वस्त,छगलक,अज","अजा,अजाजीवनः",
वस्त,पुं।,अजः,,,द्रव्यम्,पृथ्वी,चलसजीवः,मनुष्येतरः,जन्तुः,स्तनपायी,"स्तभ,छाग,वस्त,छगलक,अज","अजा,अजाजीवनः",
छगलक,पुं।,अजः,,,द्रव्यम्,पृथ्वी,चलसजीवः,मनुष्येतरः,जन्तुः,स्तनपायी,"स्तभ,छाग,वस्त,छगलक,अज","अजा,अजाजीवनः",
अज,पुं।,अजः,,,द्रव्यम्,पृथ्वी,चलसजीवः,मनुष्येतरः,जन्तुः,स्तनपायी,"स्तभ,छाग,वस्त,छगलक,अज","अजा,अजाजीवनः",
मेढ्र,पुं।,मेषः,,,द्रव्यम्,पृथ्वी,चलसजीवः,मनुष्येतरः,जन्तुः,स्तनपायी,"मेढ्र,उरभ्र,उरण,ऊर्णायु,मेष,वृष्णि,एडक,अवि",,
उरभ्र,पुं।,मेषः,,,द्रव्यम्,पृथ्वी,चलसजीवः,मनुष्येतरः,जन्तुः,स्तनपायी,"मेढ्र,उरभ्र,उरण,ऊर्णायु,मेष,वृष्णि,एडक,अवि",,
उरण,पुं।,मेषः,,,द्रव्यम्,पृथ्वी,चलसजीवः,मनुष्येतरः,जन्तुः,स्तनपायी,"मेढ्र,उरभ्र,उरण,ऊर्णायु,मेष,वृष्णि,एडक,अवि",,
ऊर्णायु,पुं।,मेषः,,,द्रव्यम्,पृथ्वी,चलसजीवः,मनुष्येतरः,जन्तुः,स्तनपायी,"मेढ्र,उरभ्र,उरण,ऊर्णायु,मेष,वृष्णि,एडक,अवि",,
मेष,पुं।,मेषः,,,द्रव्यम्,पृथ्वी,चलसजीवः,मनुष्येतरः,जन्तुः,स्तनपायी,"मेढ्र,उरभ्र,उरण,ऊर्णायु,मेष,वृष्णि,एडक,अवि",,
वृष्णि,पुं।,मेषः,,,द्रव्यम्,पृथ्वी,चलसजीवः,मनुष्येतरः,जन्तुः,स्तनपायी,"मेढ्र,उरभ्र,उरण,ऊर्णायु,मेष,वृष्णि,एडक,अवि",,
एडक,पुं।,मेषः,,,द्रव्यम्,पृथ्वी,चलसजीवः,मनुष्येतरः,जन्तुः,स्तनपायी,"मेढ्र,उरभ्र,उरण,ऊर्णायु,मेष,वृष्णि,एडक,अवि",,
औष्ट्रक,नपुं।,उष्ट्रसमूहः,,समूहः,द्रव्यम्,पृथ्वी,चलसजीवः,मनुष्येतरः,जन्तुः,स्तनपायी,औष्ट्रक,उष्ट्रः,
औरभ्रक,नपुं।,मेषसमूहः,,समूहः,द्रव्यम्,पृथ्वी,चलसजीवः,मनुष्येतरः,जन्तुः,स्तनपायी,औरभ्रक,मेषः,
आजक,नपुं।,अजसमूहः,,समूहः,द्रव्यम्,पृथ्वी,चलसजीवः,मनुष्येतरः,जन्तुः,स्तनपायी,आजक,"अजा,अजः",
चक्रीवत्,पुं।,गर्दभः,,,द्रव्यम्,पृथ्वी,चलसजीवः,मनुष्येतरः,जन्तुः,स्तनपायी,"चक्रीवत्,वालेय,रासभ,गर्दभ,खर",,
वालेय,पुं।,गर्दभः,,,द्रव्यम्,पृथ्वी,चलसजीवः,मनुष्येतरः,जन्तुः,स्तनपायी,"चक्रीवत्,वालेय,रासभ,गर्दभ,खर",,
रासभ,पुं।,गर्दभः,,,द्रव्यम्,पृथ्वी,चलसजीवः,मनुष्येतरः,जन्तुः,स्तनपायी,"चक्रीवत्,वालेय,रासभ,गर्दभ,खर",,
गर्दभ,पुं।,गर्दभः,,,द्रव्यम्,पृथ्वी,चलसजीवः,मनुष्येतरः,जन्तुः,स्तनपायी,"चक्रीवत्,वालेय,रासभ,गर्दभ,खर",,
खर,पुं।,गर्दभः,,,द्रव्यम्,पृथ्वी,चलसजीवः,मनुष्येतरः,जन्तुः,स्तनपायी,"चक्रीवत्,वालेय,रासभ,गर्दभ,खर",,
वैदेहक,पुं।,वणिक्,,वृत्तिः,द्रव्यम्,पृथ्वी,चलसजीवः,मनुष्यः,,,"वैदेहक,सार्थवाह,नैगम,वाणिज,वणिज्,पण्याजीव,आपणिक,क्रयविक्रयक",वाणिज्यम्,नौकया_वाणिज्यकारी
सार्थवाह,पुं।,वणिक्,,वृत्तिः,द्रव्यम्,पृथ्वी,चलसजीवः,मनुष्यः,,,"वैदेहक,सार्थवाह,नैगम,वाणिज,वणिज्,पण्याजीव,आपणिक,क्रयविक्रयक",वाणिज्यम्,नौकया_वाणिज्यकारी
नैगम,पुं।,वणिक्,,वृत्तिः,द्रव्यम्,पृथ्वी,चलसजीवः,मनुष्यः,,,"वैदेहक,सार्थवाह,नैगम,वाणिज,वणिज्,पण्याजीव,आपणिक,क्रयविक्रयक",वाणिज्यम्,नौकया_वाणिज्यकारी
वाणिज,पुं।,वणिक्,,वृत्तिः,द्रव्यम्,पृथ्वी,चलसजीवः,मनुष्यः,,,"वैदेहक,सार्थवाह,नैगम,वाणिज,वणिज्,पण्याजीव,आपणिक,क्रयविक्रयक",वाणिज्यम्,नौकया_वाणिज्यकारी
वणिज्,पुं।,वणिक्,,वृत्तिः,द्रव्यम्,पृथ्वी,चलसजीवः,मनुष्यः,,,"वैदेहक,सार्थवाह,नैगम,वाणिज,वणिज्,पण्याजीव,आपणिक,क्रयविक्रयक",वाणिज्यम्,नौकया_वाणिज्यकारी
पण्याजीव,पुं।,वणिक्,,वृत्तिः,द्रव्यम्,पृथ्वी,चलसजीवः,मनुष्यः,,,"वैदेहक,सार्थवाह,नैगम,वाणिज,वणिज्,पण्याजीव,आपणिक,क्रयविक्रयक",वाणिज्यम्,नौकया_वाणिज्यकारी
आपणिक,पुं।,वणिक्,,वृत्तिः,द्रव्यम्,पृथ्वी,चलसजीवः,मनुष्यः,,,"वैदेहक,सार्थवाह,नैगम,वाणिज,वणिज्,पण्याजीव,आपणिक,क्रयविक्रयक",वाणिज्यम्,नौकया_वाणिज्यकारी
क्रयविक्रयक,पुं।,वणिक्,,वृत्तिः,द्रव्यम्,पृथ्वी,चलसजीवः,मनुष्यः,,,"वैदेहक,सार्थवाह,नैगम,वाणिज,वणिज्,पण्याजीव,आपणिक,क्रयविक्रयक",वाणिज्यम्,नौकया_वाणिज्यकारी
विक्रेतृ,पुं।,वस्त्रपात्रादिदत्वा_तन्मूल्यं_गृहीतः,,,द्रव्यम्,पृथ्वी,चलसजीवः,मनुष्यः,,,"विक्रेतृ,विक्रयिक",,
विक्रयिक,पुं।,वस्त्रपात्रादिदत्वा_तन्मूल्यं_गृहीतः,,,द्रव्यम्,पृथ्वी,चलसजीवः,मनुष्यः,,,"विक्रेतृ,विक्रयिक",,
क्रायक,पुं।,मूल्येन_वस्त्रादि_गृहीतः,,,द्रव्यम्,पृथ्वी,चलसजीवः,मनुष्यः,,,"क्रायक,क्रयिक",,
क्रयिक,पुं।,मूल्येन_वस्त्रादि_गृहीतः,,,द्रव्यम्,पृथ्वी,चलसजीवः,मनुष्यः,,,"क्रायक,क्रयिक",,
वाणिज्य,नपुं।,वणिक्कर्मः,,,क्रिया,,,,,,"वाणिज्य,वणिज्या",,"विक्रयक्रियाकर्मः,विक्रयः"
वणिज्या,स्त्री।,वणिक्कर्मः,,,क्रिया,,,,,,"वाणिज्य,वणिज्या",,"विक्रयक्रियाकर्मः,विक्रयः"
मूल्य,नपुं।,विक्रेयवस्तूनां_मूल्यम्,,धनम्,,,,,,,"मूल्य,वस्न,अवक्रय",,
वस्न,पुं।,विक्रेयवस्तूनां_मूल्यम्,,धनम्,,,,,,,"मूल्य,वस्न,अवक्रय",,
अवक्रय,पुं।,विक्रेयवस्तूनां_मूल्यम्,,धनम्,,,,,,,"मूल्य,वस्न,अवक्रय",,
नीवी,स्त्री।,मूलधनम्,,धनम्,,,,,,,"नीवी,परिपण,मूलधन,परिग्रह",,
परिपण,पुं।,मूलधनम्,,धनम्,,,,,,,"नीवी,परिपण,मूलधन,परिग्रह",,
मूलधन,नपुं।,मूलधनम्,,धनम्,,,,,,,"नीवी,परिपण,मूलधन,परिग्रह",,
लाभ,पुं।,अधिकफलम्,,धनम्,,,,,,,"लाभ,अधिक,फल,प्राप्ति",,
अधिक,वि।,अधिकफलम्,,धनम्,,,,,,,"लाभ,अधिक,फल,प्राप्ति",,
फल,नपुं।,अधिकफलम्,,धनम्,,,,,,,"लाभ,अधिक,फल,प्राप्ति",,
परिदान,नपुं।,परिवर्तनम्,,धनम्,,,,,,,"परिदान,परीवर्त,नैमेय,नियम",,
परीवर्त,पुं।,परिवर्तनम्,,धनम्,,,,,,,"परिदान,परीवर्त,नैमेय,नियम",,
नैमेय,पुं।,परिवर्तनम्,,धनम्,,,,,,,"परिदान,परीवर्त,नैमेय,नियम",,
नियम,पुं।,परिवर्तनम्,,धनम्,,,,,,,"परिदान,परीवर्त,नैमेय,नियम",,
उपनिधि,पुं।,निक्षेपः,,,क्रिया,,,,,,"उपनिधि,न्यास",,
न्यास,पुं।,निक्षेपः,,,क्रिया,,,,,,"उपनिधि,न्यास",,
प्रतिदान,नपुं।,स्वामिने_निक्षेपार्पणम्,,,क्रिया,,,,,,प्रतिदान,,
क्रय्य,वि।,क्रये_प्रसारितं_द्रव्यम्,,,द्रव्यम्,,,,,,क्रय्य,,
क्रेय,वि।,क्रेतव्यमात्रके_द्रव्यम्,,,द्रव्यम्,,,,,,क्रेय,,
विक्रेय,वि।,विक्रयक्रियाकर्मः,,,क्रिया,,,,,,"विक्रेय,पणितव्य,पण्य",,
पणितव्य,वि।,विक्रयक्रियाकर्मः,,,क्रिया,,,,,,"विक्रेय,पणितव्य,पण्य",,
पण्य,वि।,विक्रयक्रियाकर्मः,,,क्रिया,,,,,,"विक्रेय,पणितव्य,पण्य",,
सत्यापन,नपुं।,सत्यङ्कारः,,,गुणः,शब्दः,,,,,"सत्यापन,सत्यङ्कार,सत्याकृति",,
सत्यङ्कार,पुं।,सत्यङ्कारः,,,गुणः,शब्दः,,,,,"सत्यापन,सत्यङ्कार,सत्याकृति",,
सत्याकृति,स्त्री।,सत्यङ्कारः,,,गुणः,शब्दः,,,,,"सत्यापन,सत्यङ्कार,सत्याकृति",,
विपण,पुं।,विक्रयः,,,क्रिया,,,,,,"विपण,विक्रय",,
विक्रय,पुं।,विक्रयः,,,क्रिया,,,,,,"विपण,विक्रय",,
यौतव,नपुं।,मानार्थः,,,गुणः,परिमाणः,,,,,"यौतव,द्रुवय,पाय्य",,"षोडशमाषः,कर्षचतुष्टयम्,हेम्नोऽक्षमानः,सुवर्णस्याक्षपलः,पलशतम्,विंशतितुला,आचितभारः,दशभाराः"
द्रुवय,नपुं।,मानार्थः,,,गुणः,परिमाणः,,,,,"यौतव,द्रुवय,पाय्य",,"षोडशमाषः,कर्षचतुष्टयम्,हेम्नोऽक्षमानः,सुवर्णस्याक्षपलः,पलशतम्,विंशतितुला,आचितभारः,दशभाराः"
पाय्य,नपुं।,मानार्थः,,,गुणः,परिमाणः,,,,,"यौतव,द्रुवय,पाय्य",,"षोडशमाषः,कर्षचतुष्टयम्,हेम्नोऽक्षमानः,सुवर्णस्याक्षपलः,पलशतम्,विंशतितुला,आचितभारः,दशभाराः"
आद्यमाषक,पुं।,माननाम,,,गुणः,परिमाणः,,,,,आद्यमाषक,,
अक्ष,पुं।,षोडशमाषः,,,गुणः,परिमाणः,,,,,"अक्ष,कर्ष",कर्षचतुष्टयम्,
कर्ष,पुं-नपुं।,षोडशमाषः,,,गुणः,परिमाणः,,,,,"अक्ष,कर्ष",कर्षचतुष्टयम्,
पल,नपुं।,कर्षचतुष्टयम्,,,गुणः,परिमाणः,,,,,"पल,निष्क",,
सुवर्ण,पुं-नपुं।,हेम्नोऽक्षमानः,,,गुणः,परिमाणः,,,,,"सुवर्ण,विस्त",,
विस्त,पुं-नपुं।,हेम्नोऽक्षमानः,,,गुणः,परिमाणः,,,,,"सुवर्ण,विस्त",,
कुरुविस्त,पुं।,सुवर्णस्याक्षपलः,,,गुणः,परिमाणः,,,,,कुरुविस्त,,
तुला,स्त्री।,पलशतम्,,,गुणः,परिमाणः,,,,,तुला,,
भार,पुं।,विंशतितुला,,,गुणः,परिमाणः,,,,,भार,,
शाकटभार,वि।,आचितभारः,,,गुणः,परिमाणः,,,,,शाकटभार,,
आचित,पुं-नपुं।,दशभाराः,,,गुणः,परिमाणः,,,,,आचित,,
कार्षापण,पुं।,रजतरूप्यकम्,,धनम्,,,,,,,"कार्षापण,कार्षिक",,
कार्षिक,पुं।,रजतरूप्यकम्,,धनम्,,,,,,,"कार्षापण,कार्षिक",,
पण,पुं।,ताम्रकृतकार्षापणः,,धनम्,,,,,,,पण,,
आढक,पुं-नपुं।,परिमाणः,,,गुणः,परिमाणः,,,,,"आढक,द्रोण,खारी,वाह,निकुञ्चक,कुडव,प्रस्थ,मात्रा",,"मानार्थः,माननाम,रजतरूप्यकम्,ताम्रकृतकार्षापणः,घटिताघटितहेमरूप्यकम्,ताम्रादिधातोर्रूप्यकम्,आहतरूप्यकहेमादिः,हस्तपरिमाणः,वितस्तपरिमाणः,रूप्यकम्,मानः"
द्रोण,पुं।,परिमाणः,,,गुणः,परिमाणः,,,,,"आढक,द्रोण,खारी,वाह,निकुञ्चक,कुडव,प्रस्थ,मात्रा",,"मानार्थः,माननाम,रजतरूप्यकम्,ताम्रकृतकार्षापणः,घटिताघटितहेमरूप्यकम्,ताम्रादिधातोर्रूप्यकम्,आहतरूप्यकहेमादिः,हस्तपरिमाणः,वितस्तपरिमाणः,रूप्यकम्,मानः"
खारी,स्त्री।,परिमाणः,,,गुणः,परिमाणः,,,,,"आढक,द्रोण,खारी,वाह,निकुञ्चक,कुडव,प्रस्थ,मात्रा",,"मानार्थः,माननाम,रजतरूप्यकम्,ताम्रकृतकार्षापणः,घटिताघटितहेमरूप्यकम्,ताम्रादिधातोर्रूप्यकम्,आहतरूप्यकहेमादिः,हस्तपरिमाणः,वितस्तपरिमाणः,रूप्यकम्,मानः"
वाह,पुं।,परिमाणः,,,गुणः,परिमाणः,,,,,"आढक,द्रोण,खारी,वाह,निकुञ्चक,कुडव,प्रस्थ,मात्रा",,"मानार्थः,माननाम,रजतरूप्यकम्,ताम्रकृतकार्षापणः,घटिताघटितहेमरूप्यकम्,ताम्रादिधातोर्रूप्यकम्,आहतरूप्यकहेमादिः,हस्तपरिमाणः,वितस्तपरिमाणः,रूप्यकम्,मानः"
निकुञ्चक,पुं।,परिमाणः,,,गुणः,परिमाणः,,,,,"आढक,द्रोण,खारी,वाह,निकुञ्चक,कुडव,प्रस्थ,मात्रा",,"मानार्थः,माननाम,रजतरूप्यकम्,ताम्रकृतकार्षापणः,घटिताघटितहेमरूप्यकम्,ताम्रादिधातोर्रूप्यकम्,आहतरूप्यकहेमादिः,हस्तपरिमाणः,वितस्तपरिमाणः,रूप्यकम्,मानः"
कुडव,पुं।,परिमाणः,,,गुणः,परिमाणः,,,,,"आढक,द्रोण,खारी,वाह,निकुञ्चक,कुडव,प्रस्थ,मात्रा",,"मानार्थः,माननाम,रजतरूप्यकम्,ताम्रकृतकार्षापणः,घटिताघटितहेमरूप्यकम्,ताम्रादिधातोर्रूप्यकम्,आहतरूप्यकहेमादिः,हस्तपरिमाणः,वितस्तपरिमाणः,रूप्यकम्,मानः"
प्रस्थ,पुं।,परिमाणः,,,गुणः,परिमाणः,,,,,"आढक,द्रोण,खारी,वाह,निकुञ्चक,कुडव,प्रस्थ,मात्रा",,"मानार्थः,माननाम,रजतरूप्यकम्,ताम्रकृतकार्षापणः,घटिताघटितहेमरूप्यकम्,ताम्रादिधातोर्रूप्यकम्,आहतरूप्यकहेमादिः,हस्तपरिमाणः,वितस्तपरिमाणः,रूप्यकम्,मानः"
पाद,पुं।,तुरीयोभागः,,,गुणः,परिमाणः,,,,,पाद,,
अंश,पुं।,विभागः,,,गुणः,परिमाणः,,,,,"अंश,भाग,वण्टक",,तुरीयोभागः
भाग,पुं।,विभागः,,,गुणः,परिमाणः,,,,,"अंश,भाग,वण्टक",,तुरीयोभागः
वण्टक,पुं।,विभागः,,,गुणः,परिमाणः,,,,,"अंश,भाग,वण्टक",,तुरीयोभागः
द्रव्य,नपुं।,द्रव्यम्,,धनम्,,,,,,,"द्रव्य,वित्त,स्वापतेय,रिक्थ,ऋक्थ,धन,वसु,हिरण्य,द्रविण,द्युम्न,अर्थ,रै,विभव,द्रविण,ग्रन्थ,साधन",,"नद्यादितरणे_देयमूल्यम्,अवश्यं_दीयमानद्रव्यम्,विक्रेयवस्तूनां_मूल्यम्,मूलधनम्,अधिकफलम्,निक्षेपः,स्वामिने_निक्षेपार्पणम्,क्रये_प्रसारितं_द्रव्यम्,क्रेतव्यमात्रके_द्रव्यम्,चौर्यधनम्,वेतनम्,द्यूते_लाप्यमानः,स्त्रीधनम्,मूलवणिग्धनम्,धनम्"
वित्त,नपुं।,द्रव्यम्,,धनम्,,,,,,,"द्रव्य,वित्त,स्वापतेय,रिक्थ,ऋक्थ,धन,वसु,हिरण्य,द्रविण,द्युम्न,अर्थ,रै,विभव,द्रविण,ग्रन्थ,साधन",,"नद्यादितरणे_देयमूल्यम्,अवश्यं_दीयमानद्रव्यम्,विक्रेयवस्तूनां_मूल्यम्,मूलधनम्,अधिकफलम्,निक्षेपः,स्वामिने_निक्षेपार्पणम्,क्रये_प्रसारितं_द्रव्यम्,क्रेतव्यमात्रके_द्रव्यम्,चौर्यधनम्,वेतनम्,द्यूते_लाप्यमानः,स्त्रीधनम्,मूलवणिग्धनम्,धनम्"
स्वापतेय,नपुं।,द्रव्यम्,,धनम्,,,,,,,"द्रव्य,वित्त,स्वापतेय,रिक्थ,ऋक्थ,धन,वसु,हिरण्य,द्रविण,द्युम्न,अर्थ,रै,विभव,द्रविण,ग्रन्थ,साधन",,"नद्यादितरणे_देयमूल्यम्,अवश्यं_दीयमानद्रव्यम्,विक्रेयवस्तूनां_मूल्यम्,मूलधनम्,अधिकफलम्,निक्षेपः,स्वामिने_निक्षेपार्पणम्,क्रये_प्रसारितं_द्रव्यम्,क्रेतव्यमात्रके_द्रव्यम्,चौर्यधनम्,वेतनम्,द्यूते_लाप्यमानः,स्त्रीधनम्,मूलवणिग्धनम्,धनम्"
रिक्थ,नपुं।,द्रव्यम्,,धनम्,,,,,,,"द्रव्य,वित्त,स्वापतेय,रिक्थ,ऋक्थ,धन,वसु,हिरण्य,द्रविण,द्युम्न,अर्थ,रै,विभव,द्रविण,ग्रन्थ,साधन",,"नद्यादितरणे_देयमूल्यम्,अवश्यं_दीयमानद्रव्यम्,विक्रेयवस्तूनां_मूल्यम्,मूलधनम्,अधिकफलम्,निक्षेपः,स्वामिने_निक्षेपार्पणम्,क्रये_प्रसारितं_द्रव्यम्,क्रेतव्यमात्रके_द्रव्यम्,चौर्यधनम्,वेतनम्,द्यूते_लाप्यमानः,स्त्रीधनम्,मूलवणिग्धनम्,धनम्"
ऋक्थ,नपुं।,द्रव्यम्,,धनम्,,,,,,,"द्रव्य,वित्त,स्वापतेय,रिक्थ,ऋक्थ,धन,वसु,हिरण्य,द्रविण,द्युम्न,अर्थ,रै,विभव,द्रविण,ग्रन्थ,साधन",,"नद्यादितरणे_देयमूल्यम्,अवश्यं_दीयमानद्रव्यम्,विक्रेयवस्तूनां_मूल्यम्,मूलधनम्,अधिकफलम्,निक्षेपः,स्वामिने_निक्षेपार्पणम्,क्रये_प्रसारितं_द्रव्यम्,क्रेतव्यमात्रके_द्रव्यम्,चौर्यधनम्,वेतनम्,द्यूते_लाप्यमानः,स्त्रीधनम्,मूलवणिग्धनम्,धनम्"
धन,नपुं।,द्रव्यम्,,धनम्,,,,,,,"द्रव्य,वित्त,स्वापतेय,रिक्थ,ऋक्थ,धन,वसु,हिरण्य,द्रविण,द्युम्न,अर्थ,रै,विभव,द्रविण,ग्रन्थ,साधन",,"नद्यादितरणे_देयमूल्यम्,अवश्यं_दीयमानद्रव्यम्,विक्रेयवस्तूनां_मूल्यम्,मूलधनम्,अधिकफलम्,निक्षेपः,स्वामिने_निक्षेपार्पणम्,क्रये_प्रसारितं_द्रव्यम्,क्रेतव्यमात्रके_द्रव्यम्,चौर्यधनम्,वेतनम्,द्यूते_लाप्यमानः,स्त्रीधनम्,मूलवणिग्धनम्,धनम्"
वसु,नपुं।,द्रव्यम्,,धनम्,,,,,,,"द्रव्य,वित्त,स्वापतेय,रिक्थ,ऋक्थ,धन,वसु,हिरण्य,द्रविण,द्युम्न,अर्थ,रै,विभव,द्रविण,ग्रन्थ,साधन",,"नद्यादितरणे_देयमूल्यम्,अवश्यं_दीयमानद्रव्यम्,विक्रेयवस्तूनां_मूल्यम्,मूलधनम्,अधिकफलम्,निक्षेपः,स्वामिने_निक्षेपार्पणम्,क्रये_प्रसारितं_द्रव्यम्,क्रेतव्यमात्रके_द्रव्यम्,चौर्यधनम्,वेतनम्,द्यूते_लाप्यमानः,स्त्रीधनम्,मूलवणिग्धनम्,धनम्"
हिरण्य,नपुं।,द्रव्यम्,,धनम्,,,,,,,"द्रव्य,वित्त,स्वापतेय,रिक्थ,ऋक्थ,धन,वसु,हिरण्य,द्रविण,द्युम्न,अर्थ,रै,विभव,द्रविण,ग्रन्थ,साधन",,"नद्यादितरणे_देयमूल्यम्,अवश्यं_दीयमानद्रव्यम्,विक्रेयवस्तूनां_मूल्यम्,मूलधनम्,अधिकफलम्,निक्षेपः,स्वामिने_निक्षेपार्पणम्,क्रये_प्रसारितं_द्रव्यम्,क्रेतव्यमात्रके_द्रव्यम्,चौर्यधनम्,वेतनम्,द्यूते_लाप्यमानः,स्त्रीधनम्,मूलवणिग्धनम्,धनम्"
द्रविण,नपुं।,द्रव्यम्,,धनम्,,,,,,,"द्रव्य,वित्त,स्वापतेय,रिक्थ,ऋक्थ,धन,वसु,हिरण्य,द्रविण,द्युम्न,अर्थ,रै,विभव,द्रविण,ग्रन्थ,साधन",,"नद्यादितरणे_देयमूल्यम्,अवश्यं_दीयमानद्रव्यम्,विक्रेयवस्तूनां_मूल्यम्,मूलधनम्,अधिकफलम्,निक्षेपः,स्वामिने_निक्षेपार्पणम्,क्रये_प्रसारितं_द्रव्यम्,क्रेतव्यमात्रके_द्रव्यम्,चौर्यधनम्,वेतनम्,द्यूते_लाप्यमानः,स्त्रीधनम्,मूलवणिग्धनम्,धनम्"
द्युम्न,नपुं।,द्रव्यम्,,धनम्,,,,,,,"द्रव्य,वित्त,स्वापतेय,रिक्थ,ऋक्थ,धन,वसु,हिरण्य,द्रविण,द्युम्न,अर्थ,रै,विभव,द्रविण,ग्रन्थ,साधन",,"नद्यादितरणे_देयमूल्यम्,अवश्यं_दीयमानद्रव्यम्,विक्रेयवस्तूनां_मूल्यम्,मूलधनम्,अधिकफलम्,निक्षेपः,स्वामिने_निक्षेपार्पणम्,क्रये_प्रसारितं_द्रव्यम्,क्रेतव्यमात्रके_द्रव्यम्,चौर्यधनम्,वेतनम्,द्यूते_लाप्यमानः,स्त्रीधनम्,मूलवणिग्धनम्,धनम्"
अर्थ,पुं।,द्रव्यम्,,धनम्,,,,,,,"द्रव्य,वित्त,स्वापतेय,रिक्थ,ऋक्थ,धन,वसु,हिरण्य,द्रविण,द्युम्न,अर्थ,रै,विभव,द्रविण,ग्रन्थ,साधन",,"नद्यादितरणे_देयमूल्यम्,अवश्यं_दीयमानद्रव्यम्,विक्रेयवस्तूनां_मूल्यम्,मूलधनम्,अधिकफलम्,निक्षेपः,स्वामिने_निक्षेपार्पणम्,क्रये_प्रसारितं_द्रव्यम्,क्रेतव्यमात्रके_द्रव्यम्,चौर्यधनम्,वेतनम्,द्यूते_लाप्यमानः,स्त्रीधनम्,मूलवणिग्धनम्,धनम्"
रै,पुं।,द्रव्यम्,,धनम्,,,,,,,"द्रव्य,वित्त,स्वापतेय,रिक्थ,ऋक्थ,धन,वसु,हिरण्य,द्रविण,द्युम्न,अर्थ,रै,विभव,द्रविण,ग्रन्थ,साधन",,"नद्यादितरणे_देयमूल्यम्,अवश्यं_दीयमानद्रव्यम्,विक्रेयवस्तूनां_मूल्यम्,मूलधनम्,अधिकफलम्,निक्षेपः,स्वामिने_निक्षेपार्पणम्,क्रये_प्रसारितं_द्रव्यम्,क्रेतव्यमात्रके_द्रव्यम्,चौर्यधनम्,वेतनम्,द्यूते_लाप्यमानः,स्त्रीधनम्,मूलवणिग्धनम्,धनम्"
विभव,पुं।,द्रव्यम्,,धनम्,,,,,,,"द्रव्य,वित्त,स्वापतेय,रिक्थ,ऋक्थ,धन,वसु,हिरण्य,द्रविण,द्युम्न,अर्थ,रै,विभव,द्रविण,ग्रन्थ,साधन",,"नद्यादितरणे_देयमूल्यम्,अवश्यं_दीयमानद्रव्यम्,विक्रेयवस्तूनां_मूल्यम्,मूलधनम्,अधिकफलम्,निक्षेपः,स्वामिने_निक्षेपार्पणम्,क्रये_प्रसारितं_द्रव्यम्,क्रेतव्यमात्रके_द्रव्यम्,चौर्यधनम्,वेतनम्,द्यूते_लाप्यमानः,स्त्रीधनम्,मूलवणिग्धनम्,धनम्"
कोश,पुं।,घटिताघटितहेमरूप्यकम्,,धनम्,,,,,,,"कोश,हिरण्य",,
हिरण्य,नपुं।,घटिताघटितहेमरूप्यकम्,,धनम्,,,,,,,"कोश,हिरण्य",,
कुप्य,नपुं।,ताम्रादिधातोर्रूप्यकम्,,धनम्,,,,,,,कुप्य,,
रूप्य,नपुं।,आहतरूप्यकहेमादिः,,धनम्,,,,,,,रूप्य,,
गारुत्मत,नपुं।,मरतकमणिः,,,द्रव्यम्,पृथ्वी,अचलनिर्जीवः,अचलनिर्जीववस्तु,,,"गारुत्मत,मरकत,अश्मगर्भ,हरिन्मणि",,
मरकत,नपुं।,मरतकमणिः,,,द्रव्यम्,पृथ्वी,अचलनिर्जीवः,अचलनिर्जीववस्तु,,,"गारुत्मत,मरकत,अश्मगर्भ,हरिन्मणि",,
अश्मगर्भ,पुं।,मरतकमणिः,,,द्रव्यम्,पृथ्वी,अचलनिर्जीवः,अचलनिर्जीववस्तु,,,"गारुत्मत,मरकत,अश्मगर्भ,हरिन्मणि",,
हरिन्मणि,पुं।,मरतकमणिः,,,द्रव्यम्,पृथ्वी,अचलनिर्जीवः,अचलनिर्जीववस्तु,,,"गारुत्मत,मरकत,अश्मगर्भ,हरिन्मणि",,
शोणरत्न,नपुं।,पद्मरागमणिः,,,द्रव्यम्,पृथ्वी,अचलनिर्जीवः,अचलनिर्जीववस्तु,,,"शोणरत्न,लोहितक,पद्मराग",,
लोहितक,पुं।,पद्मरागमणिः,,,द्रव्यम्,पृथ्वी,अचलनिर्जीवः,अचलनिर्जीववस्तु,,,"शोणरत्न,लोहितक,पद्मराग",,
पद्मराग,पुं।,पद्मरागमणिः,,,द्रव्यम्,पृथ्वी,अचलनिर्जीवः,अचलनिर्जीववस्तु,,,"शोणरत्न,लोहितक,पद्मराग",,
मौक्तिक,नपुं।,मौक्तिकम्,,,द्रव्यम्,पृथ्वी,अचलनिर्जीवः,अचलनिर्जीववस्तु,,,"मौक्तिक,मुक्ता","मुक्ताशुद्धिः,मुक्ताशुद्धिः",
मुक्ता,स्त्री।,मौक्तिकम्,,,द्रव्यम्,पृथ्वी,अचलनिर्जीवः,अचलनिर्जीववस्तु,,,"मौक्तिक,मुक्ता","मुक्ताशुद्धिः,मुक्ताशुद्धिः",
विद्रुम,पुं।,प्रवालमणिः,,,द्रव्यम्,पृथ्वी,अचलनिर्जीवः,अचलनिर्जीववस्तु,,,"विद्रुम,प्रवाल",,
प्रवाल,पुं-नपुं।,प्रवालमणिः,,,द्रव्यम्,पृथ्वी,अचलनिर्जीवः,अचलनिर्जीववस्तु,,,"विद्रुम,प्रवाल",,
रत्न,नपुं।,रत्नम्,,,द्रव्यम्,पृथ्वी,अचलनिर्जीवः,अचलनिर्जीववस्तु,,,"रत्न,मणि,वसु",,"विष्णोः_मणिः,हारमध्यगमणिः,मरतकमणिः,पद्मरागमणिः,प्रवालमणिः,मध्यरत्नम्,हीरकः"
मणि,स्त्री-पुं।,रत्नम्,,,द्रव्यम्,पृथ्वी,अचलनिर्जीवः,अचलनिर्जीववस्तु,,,"रत्न,मणि,वसु",,"विष्णोः_मणिः,हारमध्यगमणिः,मरतकमणिः,पद्मरागमणिः,प्रवालमणिः,मध्यरत्नम्,हीरकः"
स्वर्ण,नपुं।,सुवर्णम्,,,द्रव्यम्,तेजः,धातुः,,,,"स्वर्ण,सुवर्ण,कनक,हिरण्य,हेमन्,हाटक,तपनीय,शातकुम्भ,गाङ्गेय,भर्मन्,कर्बुर,चामीकर,जातरूप,महारजत,काञ्चन,रुक्म,कार्तस्वर,जाम्बूनद,अष्टापद,गैरिक,कलधौत,रजत,रै,भूरि,चन्द्र",स्वर्णकारः,अलङ्कारस्वर्णम्
सुवर्ण,नपुं।,सुवर्णम्,,,द्रव्यम्,तेजः,धातुः,,,,"स्वर्ण,सुवर्ण,कनक,हिरण्य,हेमन्,हाटक,तपनीय,शातकुम्भ,गाङ्गेय,भर्मन्,कर्बुर,चामीकर,जातरूप,महारजत,काञ्चन,रुक्म,कार्तस्वर,जाम्बूनद,अष्टापद,गैरिक,कलधौत,रजत,रै,भूरि,चन्द्र",स्वर्णकारः,अलङ्कारस्वर्णम्
कनक,नपुं।,सुवर्णम्,,,द्रव्यम्,तेजः,धातुः,,,,"स्वर्ण,सुवर्ण,कनक,हिरण्य,हेमन्,हाटक,तपनीय,शातकुम्भ,गाङ्गेय,भर्मन्,कर्बुर,चामीकर,जातरूप,महारजत,काञ्चन,रुक्म,कार्तस्वर,जाम्बूनद,अष्टापद,गैरिक,कलधौत,रजत,रै,भूरि,चन्द्र",स्वर्णकारः,अलङ्कारस्वर्णम्
हिरण्य,नपुं।,सुवर्णम्,,,द्रव्यम्,तेजः,धातुः,,,,"स्वर्ण,सुवर्ण,कनक,हिरण्य,हेमन्,हाटक,तपनीय,शातकुम्भ,गाङ्गेय,भर्मन्,कर्बुर,चामीकर,जातरूप,महारजत,काञ्चन,रुक्म,कार्तस्वर,जाम्बूनद,अष्टापद,गैरिक,कलधौत,रजत,रै,भूरि,चन्द्र",स्वर्णकारः,अलङ्कारस्वर्णम्
हेमन्,नपुं।,सुवर्णम्,,,द्रव्यम्,तेजः,धातुः,,,,"स्वर्ण,सुवर्ण,कनक,हिरण्य,हेमन्,हाटक,तपनीय,शातकुम्भ,गाङ्गेय,भर्मन्,कर्बुर,चामीकर,जातरूप,महारजत,काञ्चन,रुक्म,कार्तस्वर,जाम्बूनद,अष्टापद,गैरिक,कलधौत,रजत,रै,भूरि,चन्द्र",स्वर्णकारः,अलङ्कारस्वर्णम्
हाटक,नपुं।,सुवर्णम्,,,द्रव्यम्,तेजः,धातुः,,,,"स्वर्ण,सुवर्ण,कनक,हिरण्य,हेमन्,हाटक,तपनीय,शातकुम्भ,गाङ्गेय,भर्मन्,कर्बुर,चामीकर,जातरूप,महारजत,काञ्चन,रुक्म,कार्तस्वर,जाम्बूनद,अष्टापद,गैरिक,कलधौत,रजत,रै,भूरि,चन्द्र",स्वर्णकारः,अलङ्कारस्वर्णम्
तपनीय,नपुं।,सुवर्णम्,,,द्रव्यम्,तेजः,धातुः,,,,"स्वर्ण,सुवर्ण,कनक,हिरण्य,हेमन्,हाटक,तपनीय,शातकुम्भ,गाङ्गेय,भर्मन्,कर्बुर,चामीकर,जातरूप,महारजत,काञ्चन,रुक्म,कार्तस्वर,जाम्बूनद,अष्टापद,गैरिक,कलधौत,रजत,रै,भूरि,चन्द्र",स्वर्णकारः,अलङ्कारस्वर्णम्
शातकुम्भ,नपुं।,सुवर्णम्,,,द्रव्यम्,तेजः,धातुः,,,,"स्वर्ण,सुवर्ण,कनक,हिरण्य,हेमन्,हाटक,तपनीय,शातकुम्भ,गाङ्गेय,भर्मन्,कर्बुर,चामीकर,जातरूप,महारजत,काञ्चन,रुक्म,कार्तस्वर,जाम्बूनद,अष्टापद,गैरिक,कलधौत,रजत,रै,भूरि,चन्द्र",स्वर्णकारः,अलङ्कारस्वर्णम्
गाङ्गेय,नपुं।,सुवर्णम्,,,द्रव्यम्,तेजः,धातुः,,,,"स्वर्ण,सुवर्ण,कनक,हिरण्य,हेमन्,हाटक,तपनीय,शातकुम्भ,गाङ्गेय,भर्मन्,कर्बुर,चामीकर,जातरूप,महारजत,काञ्चन,रुक्म,कार्तस्वर,जाम्बूनद,अष्टापद,गैरिक,कलधौत,रजत,रै,भूरि,चन्द्र",स्वर्णकारः,अलङ्कारस्वर्णम्
भर्मन्,नपुं।,सुवर्णम्,,,द्रव्यम्,तेजः,धातुः,,,,"स्वर्ण,सुवर्ण,कनक,हिरण्य,हेमन्,हाटक,तपनीय,शातकुम्भ,गाङ्गेय,भर्मन्,कर्बुर,चामीकर,जातरूप,महारजत,काञ्चन,रुक्म,कार्तस्वर,जाम्बूनद,अष्टापद,गैरिक,कलधौत,रजत,रै,भूरि,चन्द्र",स्वर्णकारः,अलङ्कारस्वर्णम्
कर्बुर,नपुं।,सुवर्णम्,,,द्रव्यम्,तेजः,धातुः,,,,"स्वर्ण,सुवर्ण,कनक,हिरण्य,हेमन्,हाटक,तपनीय,शातकुम्भ,गाङ्गेय,भर्मन्,कर्बुर,चामीकर,जातरूप,महारजत,काञ्चन,रुक्म,कार्तस्वर,जाम्बूनद,अष्टापद,गैरिक,कलधौत,रजत,रै,भूरि,चन्द्र",स्वर्णकारः,अलङ्कारस्वर्णम्
चामीकर,नपुं।,सुवर्णम्,,,द्रव्यम्,तेजः,धातुः,,,,"स्वर्ण,सुवर्ण,कनक,हिरण्य,हेमन्,हाटक,तपनीय,शातकुम्भ,गाङ्गेय,भर्मन्,कर्बुर,चामीकर,जातरूप,महारजत,काञ्चन,रुक्म,कार्तस्वर,जाम्बूनद,अष्टापद,गैरिक,कलधौत,रजत,रै,भूरि,चन्द्र",स्वर्णकारः,अलङ्कारस्वर्णम्
जातरूप,नपुं।,सुवर्णम्,,,द्रव्यम्,तेजः,धातुः,,,,"स्वर्ण,सुवर्ण,कनक,हिरण्य,हेमन्,हाटक,तपनीय,शातकुम्भ,गाङ्गेय,भर्मन्,कर्बुर,चामीकर,जातरूप,महारजत,काञ्चन,रुक्म,कार्तस्वर,जाम्बूनद,अष्टापद,गैरिक,कलधौत,रजत,रै,भूरि,चन्द्र",स्वर्णकारः,अलङ्कारस्वर्णम्
महारजत,नपुं।,सुवर्णम्,,,द्रव्यम्,तेजः,धातुः,,,,"स्वर्ण,सुवर्ण,कनक,हिरण्य,हेमन्,हाटक,तपनीय,शातकुम्भ,गाङ्गेय,भर्मन्,कर्बुर,चामीकर,जातरूप,महारजत,काञ्चन,रुक्म,कार्तस्वर,जाम्बूनद,अष्टापद,गैरिक,कलधौत,रजत,रै,भूरि,चन्द्र",स्वर्णकारः,अलङ्कारस्वर्णम्
काञ्चन,नपुं।,सुवर्णम्,,,द्रव्यम्,तेजः,धातुः,,,,"स्वर्ण,सुवर्ण,कनक,हिरण्य,हेमन्,हाटक,तपनीय,शातकुम्भ,गाङ्गेय,भर्मन्,कर्बुर,चामीकर,जातरूप,महारजत,काञ्चन,रुक्म,कार्तस्वर,जाम्बूनद,अष्टापद,गैरिक,कलधौत,रजत,रै,भूरि,चन्द्र",स्वर्णकारः,अलङ्कारस्वर्णम्
रुक्म,नपुं।,सुवर्णम्,,,द्रव्यम्,तेजः,धातुः,,,,"स्वर्ण,सुवर्ण,कनक,हिरण्य,हेमन्,हाटक,तपनीय,शातकुम्भ,गाङ्गेय,भर्मन्,कर्बुर,चामीकर,जातरूप,महारजत,काञ्चन,रुक्म,कार्तस्वर,जाम्बूनद,अष्टापद,गैरिक,कलधौत,रजत,रै,भूरि,चन्द्र",स्वर्णकारः,अलङ्कारस्वर्णम्
कार्तस्वर,नपुं।,सुवर्णम्,,,द्रव्यम्,तेजः,धातुः,,,,"स्वर्ण,सुवर्ण,कनक,हिरण्य,हेमन्,हाटक,तपनीय,शातकुम्भ,गाङ्गेय,भर्मन्,कर्बुर,चामीकर,जातरूप,महारजत,काञ्चन,रुक्म,कार्तस्वर,जाम्बूनद,अष्टापद,गैरिक,कलधौत,रजत,रै,भूरि,चन्द्र",स्वर्णकारः,अलङ्कारस्वर्णम्
जाम्बूनद,नपुं।,सुवर्णम्,,,द्रव्यम्,तेजः,धातुः,,,,"स्वर्ण,सुवर्ण,कनक,हिरण्य,हेमन्,हाटक,तपनीय,शातकुम्भ,गाङ्गेय,भर्मन्,कर्बुर,चामीकर,जातरूप,महारजत,काञ्चन,रुक्म,कार्तस्वर,जाम्बूनद,अष्टापद,गैरिक,कलधौत,रजत,रै,भूरि,चन्द्र",स्वर्णकारः,अलङ्कारस्वर्णम्
अष्टापद,पुं-नपुं।,सुवर्णम्,,,द्रव्यम्,तेजः,धातुः,,,,"स्वर्ण,सुवर्ण,कनक,हिरण्य,हेमन्,हाटक,तपनीय,शातकुम्भ,गाङ्गेय,भर्मन्,कर्बुर,चामीकर,जातरूप,महारजत,काञ्चन,रुक्म,कार्तस्वर,जाम्बूनद,अष्टापद,गैरिक,कलधौत,रजत,रै,भूरि,चन्द्र",स्वर्णकारः,अलङ्कारस्वर्णम्
श्रृङ्गीकनक,नपुं।,अलङ्कारस्वर्णम्,,,द्रव्यम्,तेजः,धातुः,,,,श्रृङ्गीकनक,,
दुर्वर्ण,नपुं।,रजतम्,,,द्रव्यम्,तेजः,धातुः,,,,"दुर्वर्ण,रजत,रूप्य,खर्जूर,श्वेत",,
रजत,नपुं।,रजतम्,,,द्रव्यम्,तेजः,धातुः,,,,"दुर्वर्ण,रजत,रूप्य,खर्जूर,श्वेत",,
रूप्य,नपुं।,रजतम्,,,द्रव्यम्,तेजः,धातुः,,,,"दुर्वर्ण,रजत,रूप्य,खर्जूर,श्वेत",,
खर्जूर,नपुं।,रजतम्,,,द्रव्यम्,तेजः,धातुः,,,,"दुर्वर्ण,रजत,रूप्य,खर्जूर,श्वेत",,
श्वेत,नपुं।,रजतम्,,,द्रव्यम्,तेजः,धातुः,,,,"दुर्वर्ण,रजत,रूप्य,खर्जूर,श्वेत",,
रीति,स्त्री।,पित्तलम्,,,द्रव्यम्,तेजः,धातुः,,,,"रीति,आरकूट",,
आरकूट,पुं-नपुं।,पित्तलम्,,,द्रव्यम्,तेजः,धातुः,,,,"रीति,आरकूट",,
ताम्रक,नपुं।,ताम्रम्,,,द्रव्यम्,तेजः,धातुः,,,,"ताम्रक,शुल्ब,म्लेच्छमुख,द्व्यष्ट,वरिष्ठ,उदुम्बर",ताम्रकारः,
शुल्ब,नपुं।,ताम्रम्,,,द्रव्यम्,तेजः,धातुः,,,,"ताम्रक,शुल्ब,म्लेच्छमुख,द्व्यष्ट,वरिष्ठ,उदुम्बर",ताम्रकारः,
म्लेच्छमुख,नपुं।,ताम्रम्,,,द्रव्यम्,तेजः,धातुः,,,,"ताम्रक,शुल्ब,म्लेच्छमुख,द्व्यष्ट,वरिष्ठ,उदुम्बर",ताम्रकारः,
द्व्यष्ट,नपुं।,ताम्रम्,,,द्रव्यम्,तेजः,धातुः,,,,"ताम्रक,शुल्ब,म्लेच्छमुख,द्व्यष्ट,वरिष्ठ,उदुम्बर",ताम्रकारः,
वरिष्ठ,नपुं।,ताम्रम्,,,द्रव्यम्,तेजः,धातुः,,,,"ताम्रक,शुल्ब,म्लेच्छमुख,द्व्यष्ट,वरिष्ठ,उदुम्बर",ताम्रकारः,
उदुम्बर,नपुं।,ताम्रम्,,,द्रव्यम्,तेजः,धातुः,,,,"ताम्रक,शुल्ब,म्लेच्छमुख,द्व्यष्ट,वरिष्ठ,उदुम्बर",ताम्रकारः,
लोह,पुं-नपुं।,लोहः,,,द्रव्यम्,तेजः,धातुः,,,,"लोह,शस्त्रक,तीक्ष्ण,पिण्ड,कालायस,अयस्,अश्मसार,शस्त्र","लोहमलम्,अयोविकारः,लोहकारकः",
शस्त्रक,नपुं।,लोहः,,,द्रव्यम्,तेजः,धातुः,,,,"लोह,शस्त्रक,तीक्ष्ण,पिण्ड,कालायस,अयस्,अश्मसार,शस्त्र","लोहमलम्,अयोविकारः,लोहकारकः",
तीक्ष्ण,नपुं।,लोहः,,,द्रव्यम्,तेजः,धातुः,,,,"लोह,शस्त्रक,तीक्ष्ण,पिण्ड,कालायस,अयस्,अश्मसार,शस्त्र","लोहमलम्,अयोविकारः,लोहकारकः",
पिण्ड,नपुं।,लोहः,,,द्रव्यम्,तेजः,धातुः,,,,"लोह,शस्त्रक,तीक्ष्ण,पिण्ड,कालायस,अयस्,अश्मसार,शस्त्र","लोहमलम्,अयोविकारः,लोहकारकः",
कालायस,नपुं।,लोहः,,,द्रव्यम्,तेजः,धातुः,,,,"लोह,शस्त्रक,तीक्ष्ण,पिण्ड,कालायस,अयस्,अश्मसार,शस्त्र","लोहमलम्,अयोविकारः,लोहकारकः",
अयस्,नपुं।,लोहः,,,द्रव्यम्,तेजः,धातुः,,,,"लोह,शस्त्रक,तीक्ष्ण,पिण्ड,कालायस,अयस्,अश्मसार,शस्त्र","लोहमलम्,अयोविकारः,लोहकारकः",
अश्मसार,पुं-नपुं।,लोहः,,,द्रव्यम्,तेजः,धातुः,,,,"लोह,शस्त्रक,तीक्ष्ण,पिण्ड,कालायस,अयस्,अश्मसार,शस्त्र","लोहमलम्,अयोविकारः,लोहकारकः",
मण्डूर,नपुं।,लोहमलम्,,,द्रव्यम्,पृथ्वी,अचलनिर्जीवः,अचलनिर्जीववस्तु,,,"मण्डूर,सिंहाण",,
सिंहाण,नपुं।,लोहमलम्,,,द्रव्यम्,पृथ्वी,अचलनिर्जीवः,अचलनिर्जीववस्तु,,,"मण्डूर,सिंहाण",,
तैजस,नपुं।,सर्वधातवः,,,द्रव्यम्,पृथ्वी,अचलनिर्जीवः,मूलकम्,,,"तैजस,लोह",,
लोह,नपुं।,सर्वधातवः,,,द्रव्यम्,पृथ्वी,अचलनिर्जीवः,मूलकम्,,,"तैजस,लोह",,
कुशी,स्त्री।,अयोविकारः,,उपकरणम्,,,,,,,कुशी,,
क्षार,पुं।,काचः,,,द्रव्यम्,पृथ्वी,अचलनिर्जीवः,मूलकम्,,,"क्षार,काच",,
काच,पुं।,काचः,,,द्रव्यम्,पृथ्वी,अचलनिर्जीवः,मूलकम्,,,"क्षार,काच",,
चपल,पुं।,पारदः,,,द्रव्यम्,पृथ्वी,अचलनिर्जीवः,मूलकम्,,,"चपल,रस,सूत,पारद",,
रस,पुं।,पारदः,,,द्रव्यम्,पृथ्वी,अचलनिर्जीवः,मूलकम्,,,"चपल,रस,सूत,पारद",,
सूत,पुं।,पारदः,,,द्रव्यम्,पृथ्वी,अचलनिर्जीवः,मूलकम्,,,"चपल,रस,सूत,पारद",,
पारद,पुं।,पारदः,,,द्रव्यम्,पृथ्वी,अचलनिर्जीवः,मूलकम्,,,"चपल,रस,सूत,पारद",,
गवल,नपुं।,महिषशृङ्गम्,,अवयवः,,,,,,,गवल,,
अभ्रक,नपुं।,अभ्रकम्,,,द्रव्यम्,पृथ्वी,अचलनिर्जीवः,मूलकम्,,,"अभ्रक,गिरिज,अमल",,
गिरिज,नपुं।,अभ्रकम्,,,द्रव्यम्,पृथ्वी,अचलनिर्जीवः,मूलकम्,,,"अभ्रक,गिरिज,अमल",,
अमल,नपुं।,अभ्रकम्,,,द्रव्यम्,पृथ्वी,अचलनिर्जीवः,मूलकम्,,,"अभ्रक,गिरिज,अमल",,
स्रोतोञ्जन,नपुं।,सौवीराञ्जनम्,,,द्रव्यम्,पृथ्वी,अचलनिर्जीवः,मूलकम्,,,"स्रोतोञ्जन,सौवीर,कापोताञ्जन,यामुन",,
सौवीर,नपुं।,सौवीराञ्जनम्,,,द्रव्यम्,पृथ्वी,अचलनिर्जीवः,मूलकम्,,,"स्रोतोञ्जन,सौवीर,कापोताञ्जन,यामुन",,
कापोताञ्जन,नपुं।,सौवीराञ्जनम्,,,द्रव्यम्,पृथ्वी,अचलनिर्जीवः,मूलकम्,,,"स्रोतोञ्जन,सौवीर,कापोताञ्जन,यामुन",,
यामुन,नपुं।,सौवीराञ्जनम्,,,द्रव्यम्,पृथ्वी,अचलनिर्जीवः,मूलकम्,,,"स्रोतोञ्जन,सौवीर,कापोताञ्जन,यामुन",,
तुत्थाञ्जन,नपुं।,तुत्थाञ्जनम्,,,द्रव्यम्,पृथ्वी,अचलनिर्जीवः,मूलकम्,,,"तुत्थाञ्जन,शिखिग्रीव,वितुन्नक,मयूरक",,"गन्धकः,तुत्थविशेषः"
शिखिग्रीव,नपुं।,तुत्थाञ्जनम्,,,द्रव्यम्,पृथ्वी,अचलनिर्जीवः,मूलकम्,,,"तुत्थाञ्जन,शिखिग्रीव,वितुन्नक,मयूरक",,"गन्धकः,तुत्थविशेषः"
वितुन्नक,नपुं।,तुत्थाञ्जनम्,,,द्रव्यम्,पृथ्वी,अचलनिर्जीवः,मूलकम्,,,"तुत्थाञ्जन,शिखिग्रीव,वितुन्नक,मयूरक",,"गन्धकः,तुत्थविशेषः"
मयूरक,नपुं।,तुत्थाञ्जनम्,,,द्रव्यम्,पृथ्वी,अचलनिर्जीवः,मूलकम्,,,"तुत्थाञ्जन,शिखिग्रीव,वितुन्नक,मयूरक",,"गन्धकः,तुत्थविशेषः"
कर्परी,स्त्री।,आवर्तननिष्पन्नरसाञ्जनम्,,,द्रव्यम्,पृथ्वी,अचलनिर्जीवः,मूलकम्,,,"कर्परी,दार्विका,तुत्थ",,
दार्विका,स्त्री।,आवर्तननिष्पन्नरसाञ्जनम्,,,द्रव्यम्,पृथ्वी,अचलनिर्जीवः,मूलकम्,,,"कर्परी,दार्विका,तुत्थ",,
तुत्थ,नपुं।,आवर्तननिष्पन्नरसाञ्जनम्,,,द्रव्यम्,पृथ्वी,अचलनिर्जीवः,मूलकम्,,,"कर्परी,दार्विका,तुत्थ",,
रसाञ्जन,नपुं।,रसाञ्जनम्,,,द्रव्यम्,पृथ्वी,अचलनिर्जीवः,मूलकम्,,,"रसाञ्जन,रसगर्भ,तार्क्ष्यशैल",,
रसगर्भ,नपुं।,रसाञ्जनम्,,,द्रव्यम्,पृथ्वी,अचलनिर्जीवः,मूलकम्,,,"रसाञ्जन,रसगर्भ,तार्क्ष्यशैल",,
तार्क्ष्यशैल,नपुं।,रसाञ्जनम्,,,द्रव्यम्,पृथ्वी,अचलनिर्जीवः,मूलकम्,,,"रसाञ्जन,रसगर्भ,तार्क्ष्यशैल",,
गन्धाश्मन्,पुं।,गन्धकः,,,द्रव्यम्,पृथ्वी,अचलनिर्जीवः,मूलकम्,,,"गन्धाश्मन्,गन्धक,सौगन्धिक",,
गन्धक,पुं।,गन्धकः,,,द्रव्यम्,पृथ्वी,अचलनिर्जीवः,मूलकम्,,,"गन्धाश्मन्,गन्धक,सौगन्धिक",,
सौगन्धिक,पुं।,गन्धकः,,,द्रव्यम्,पृथ्वी,अचलनिर्जीवः,मूलकम्,,,"गन्धाश्मन्,गन्धक,सौगन्धिक",,
चक्षुष्या,स्त्री।,तुत्थविशेषः,,,द्रव्यम्,पृथ्वी,अचलनिर्जीवः,मूलकम्,,,"चक्षुष्या,कुलाली,कुलत्थिका",,
कुलाली,स्त्री।,तुत्थविशेषः,,,द्रव्यम्,पृथ्वी,अचलनिर्जीवः,मूलकम्,,,"चक्षुष्या,कुलाली,कुलत्थिका",,
कुलत्थिका,स्त्री।,तुत्थविशेषः,,,द्रव्यम्,पृथ्वी,अचलनिर्जीवः,मूलकम्,,,"चक्षुष्या,कुलाली,कुलत्थिका",,
रीतिपुष्प,नपुं।,सन्तप्तपित्तलादुत्पन्नद्रव्यम्,,,द्रव्यम्,पृथ्वी,अचलनिर्जीवः,मूलकम्,,,"रीतिपुष्प,पुष्पकेतु,पौष्पक,कुसुमाञ्जन",पित्तलम्,
पुष्पकेतु,नपुं।,सन्तप्तपित्तलादुत्पन्नद्रव्यम्,,,द्रव्यम्,पृथ्वी,अचलनिर्जीवः,मूलकम्,,,"रीतिपुष्प,पुष्पकेतु,पौष्पक,कुसुमाञ्जन",पित्तलम्,
पौष्पक,नपुं।,सन्तप्तपित्तलादुत्पन्नद्रव्यम्,,,द्रव्यम्,पृथ्वी,अचलनिर्जीवः,मूलकम्,,,"रीतिपुष्प,पुष्पकेतु,पौष्पक,कुसुमाञ्जन",पित्तलम्,
कुसुमाञ्जन,नपुं।,सन्तप्तपित्तलादुत्पन्नद्रव्यम्,,,द्रव्यम्,पृथ्वी,अचलनिर्जीवः,मूलकम्,,,"रीतिपुष्प,पुष्पकेतु,पौष्पक,कुसुमाञ्जन",पित्तलम्,
पिञ्जर,नपुं।,हरितालम्,,,द्रव्यम्,पृथ्वी,अचलनिर्जीवः,मूलकम्,,,"पिञ्जर,पीतन,ताल,आल,हरितालक",,
पीतन,नपुं।,हरितालम्,,,द्रव्यम्,पृथ्वी,अचलनिर्जीवः,मूलकम्,,,"पिञ्जर,पीतन,ताल,आल,हरितालक",,
ताल,नपुं।,हरितालम्,,,द्रव्यम्,पृथ्वी,अचलनिर्जीवः,मूलकम्,,,"पिञ्जर,पीतन,ताल,आल,हरितालक",,
आल,नपुं।,हरितालम्,,,द्रव्यम्,पृथ्वी,अचलनिर्जीवः,मूलकम्,,,"पिञ्जर,पीतन,ताल,आल,हरितालक",,
हरितालक,नपुं।,हरितालम्,,,द्रव्यम्,पृथ्वी,अचलनिर्जीवः,मूलकम्,,,"पिञ्जर,पीतन,ताल,आल,हरितालक",,
गैरेय,नपुं।,शिलाजतुः,,,द्रव्यम्,पृथ्वी,अचलनिर्जीवः,मूलकम्,,,"गैरेय,अर्थ्य,गिरिज,अश्मज,शिलाजतु",,
अर्थ्य,नपुं।,शिलाजतुः,,,द्रव्यम्,पृथ्वी,अचलनिर्जीवः,मूलकम्,,,"गैरेय,अर्थ्य,गिरिज,अश्मज,शिलाजतु",,
गिरिज,नपुं।,शिलाजतुः,,,द्रव्यम्,पृथ्वी,अचलनिर्जीवः,मूलकम्,,,"गैरेय,अर्थ्य,गिरिज,अश्मज,शिलाजतु",,
अश्मज,नपुं।,शिलाजतुः,,,द्रव्यम्,पृथ्वी,अचलनिर्जीवः,मूलकम्,,,"गैरेय,अर्थ्य,गिरिज,अश्मज,शिलाजतु",,
शिलाजतु,नपुं।,शिलाजतुः,,,द्रव्यम्,पृथ्वी,अचलनिर्जीवः,मूलकम्,,,"गैरेय,अर्थ्य,गिरिज,अश्मज,शिलाजतु",,
बोल,पुं।,गन्धरसः,,,द्रव्यम्,पृथ्वी,अचलनिर्जीवः,मूलकम्,,,"बोल,गन्धरस,प्राण,पिण्ड,गोप,रस",,
गन्धरस,पुं।,गन्धरसः,,,द्रव्यम्,पृथ्वी,अचलनिर्जीवः,मूलकम्,,,"बोल,गन्धरस,प्राण,पिण्ड,गोप,रस",,
प्राण,पुं।,गन्धरसः,,,द्रव्यम्,पृथ्वी,अचलनिर्जीवः,मूलकम्,,,"बोल,गन्धरस,प्राण,पिण्ड,गोप,रस",,
पिण्ड,पुं।,गन्धरसः,,,द्रव्यम्,पृथ्वी,अचलनिर्जीवः,मूलकम्,,,"बोल,गन्धरस,प्राण,पिण्ड,गोप,रस",,
गोप,पुं।,गन्धरसः,,,द्रव्यम्,पृथ्वी,अचलनिर्जीवः,मूलकम्,,,"बोल,गन्धरस,प्राण,पिण्ड,गोप,रस",,
रस,पुं।,गन्धरसः,,,द्रव्यम्,पृथ्वी,अचलनिर्जीवः,मूलकम्,,,"बोल,गन्धरस,प्राण,पिण्ड,गोप,रस",,
हिण्डीर,पुं।,समुद्रफेनः,,,द्रव्यम्,पृथ्वी,अचलनिर्जीवः,मूलकम्,,,"हिण्डीर,अब्धिकफ,फेन",,
अब्धिकफ,पुं।,समुद्रफेनः,,,द्रव्यम्,पृथ्वी,अचलनिर्जीवः,मूलकम्,,,"हिण्डीर,अब्धिकफ,फेन",,
फेन,पुं।,समुद्रफेनः,,,द्रव्यम्,पृथ्वी,अचलनिर्जीवः,मूलकम्,,,"हिण्डीर,अब्धिकफ,फेन",,
सिन्दूर,नपुं।,सिन्दूरम्,,,द्रव्यम्,पृथ्वी,अचलनिर्जीवः,मूलकम्,,,"सिन्दूर,नागसम्भव",,
नागसम्भव,नपुं।,सिन्दूरम्,,,द्रव्यम्,पृथ्वी,अचलनिर्जीवः,मूलकम्,,,"सिन्दूर,नागसम्भव",,
नाग,पुं।,सीसकम्,,,द्रव्यम्,पृथ्वी,अचलनिर्जीवः,मूलकम्,,,"नाग,सीसक,योगेष्ट,वप्र",,
सीसक,नपुं।,सीसकम्,,,द्रव्यम्,पृथ्वी,अचलनिर्जीवः,मूलकम्,,,"नाग,सीसक,योगेष्ट,वप्र",,
योगेष्ट,नपुं।,सीसकम्,,,द्रव्यम्,पृथ्वी,अचलनिर्जीवः,मूलकम्,,,"नाग,सीसक,योगेष्ट,वप्र",,
वप्र,नपुं।,सीसकम्,,,द्रव्यम्,पृथ्वी,अचलनिर्जीवः,मूलकम्,,,"नाग,सीसक,योगेष्ट,वप्र",,
त्रपु,नपुं।,वङ्गम्,,,द्रव्यम्,पृथ्वी,अचलनिर्जीवः,मूलकम्,,,"त्रपु,पिच्चट,रङ्ग,वङ्ग",,
पिच्चट,नपुं।,वङ्गम्,,,द्रव्यम्,पृथ्वी,अचलनिर्जीवः,मूलकम्,,,"त्रपु,पिच्चट,रङ्ग,वङ्ग",,
रङ्ग,नपुं।,वङ्गम्,,,द्रव्यम्,पृथ्वी,अचलनिर्जीवः,मूलकम्,,,"त्रपु,पिच्चट,रङ्ग,वङ्ग",,
वङ्ग,नपुं।,वङ्गम्,,,द्रव्यम्,पृथ्वी,अचलनिर्जीवः,मूलकम्,,,"त्रपु,पिच्चट,रङ्ग,वङ्ग",,
पिचु,पुं।,कार्पासः,,,द्रव्यम्,पृथ्वी,अचलनिर्जीवः,अचलनिर्जीववस्तु,,,"पिचु,तूल",,
तूल,पुं।,कार्पासः,,,द्रव्यम्,पृथ्वी,अचलनिर्जीवः,अचलनिर्जीववस्तु,,,"पिचु,तूल",,
कमलोत्तर,नपुं।,कुसुम्भम्,,,द्रव्यम्,पृथ्वी,अचलसजीवः,वृक्षः,,,"कमलोत्तर,कुसुम्भ,वह्निशिख,महारजन",,
कुसुम्भ,नपुं।,कुसुम्भम्,,,द्रव्यम्,पृथ्वी,अचलसजीवः,वृक्षः,,,"कमलोत्तर,कुसुम्भ,वह्निशिख,महारजन",,
वह्निशिख,नपुं।,कुसुम्भम्,,,द्रव्यम्,पृथ्वी,अचलसजीवः,वृक्षः,,,"कमलोत्तर,कुसुम्भ,वह्निशिख,महारजन",,
महारजन,नपुं।,कुसुम्भम्,,,द्रव्यम्,पृथ्वी,अचलसजीवः,वृक्षः,,,"कमलोत्तर,कुसुम्भ,वह्निशिख,महारजन",,
मेषकम्बल,पुं।,कम्बलः,,वस्त्रम्,,,,,,,"रल्लक,कम्बल,मेषकम्बल,ऊर्णायु",,गजपृष्टवर्ती_चित्रकम्बलः
ऊर्णायु,पुं।,कम्बलः,,वस्त्रम्,,,,,,,"रल्लक,कम्बल,मेषकम्बल,ऊर्णायु",,गजपृष्टवर्ती_चित्रकम्बलः
शशोर्ण,नपुं।,शशलोमः,,अवयवः,,,,,,,"शशोर्ण,शशलोमन्",,
शशलोमन्,नपुं।,शशलोमः,,अवयवः,,,,,,,"शशोर्ण,शशलोमन्",,
मधु,पुं।,पुष्पमधुः,,"खाद्यम्,प्राकृतिकखाद्यम्",,,,,,,"मकरन्द,पुष्परस,मधु,क्षौद्र,माक्षिक,मधु",,
क्षौद्र,नपुं।,पुष्पमधुः,,"खाद्यम्,प्राकृतिकखाद्यम्",,,,,,,"मकरन्द,पुष्परस,मधु,क्षौद्र,माक्षिक,मधु",,
माक्षिक,नपुं।,पुष्पमधुः,,"खाद्यम्,प्राकृतिकखाद्यम्",,,,,,,"मकरन्द,पुष्परस,मधु,क्षौद्र,माक्षिक,मधु",,
मधूच्छिष्ट,नपुं।,मधूच्छिष्टम्,,,द्रव्यम्,पृथ्वी,अचलनिर्जीवः,अचलनिर्जीववस्तु,,,"मधूच्छिष्ट,सिक्थक",,
सिक्थक,नपुं।,मधूच्छिष्टम्,,,द्रव्यम्,पृथ्वी,अचलनिर्जीवः,अचलनिर्जीववस्तु,,,"मधूच्छिष्ट,सिक्थक",,
मनःशिला,स्त्री।,मनःशिला,,,द्रव्यम्,पृथ्वी,अचलनिर्जीवः,मूलकम्,,,"मनःशिला,मनोगुप्ता,मनोह्वा,नागजिह्विका,नैपाली,कुनटी,गोला",,
मनोगुप्ता,स्त्री।,मनःशिला,,,द्रव्यम्,पृथ्वी,अचलनिर्जीवः,मूलकम्,,,"मनःशिला,मनोगुप्ता,मनोह्वा,नागजिह्विका,नैपाली,कुनटी,गोला",,
मनोह्वा,स्त्री।,मनःशिला,,,द्रव्यम्,पृथ्वी,अचलनिर्जीवः,मूलकम्,,,"मनःशिला,मनोगुप्ता,मनोह्वा,नागजिह्विका,नैपाली,कुनटी,गोला",,
नागजिह्विका,स्त्री।,मनःशिला,,,द्रव्यम्,पृथ्वी,अचलनिर्जीवः,मूलकम्,,,"मनःशिला,मनोगुप्ता,मनोह्वा,नागजिह्विका,नैपाली,कुनटी,गोला",,
नैपाली,स्त्री।,मनःशिला,,,द्रव्यम्,पृथ्वी,अचलनिर्जीवः,मूलकम्,,,"मनःशिला,मनोगुप्ता,मनोह्वा,नागजिह्विका,नैपाली,कुनटी,गोला",,
कुनटी,स्त्री।,मनःशिला,,,द्रव्यम्,पृथ्वी,अचलनिर्जीवः,मूलकम्,,,"मनःशिला,मनोगुप्ता,मनोह्वा,नागजिह्विका,नैपाली,कुनटी,गोला",,
गोला,स्त्री।,मनःशिला,,,द्रव्यम्,पृथ्वी,अचलनिर्जीवः,मूलकम्,,,"मनःशिला,मनोगुप्ता,मनोह्वा,नागजिह्विका,नैपाली,कुनटी,गोला",,
यवक्षार,पुं।,यवक्षारः,,,द्रव्यम्,पृथ्वी,अचलनिर्जीवः,मूलकम्,,,"यवक्षार,यवाग्रज,पाक्य",,
यवाग्रज,पुं।,यवक्षारः,,,द्रव्यम्,पृथ्वी,अचलनिर्जीवः,मूलकम्,,,"यवक्षार,यवाग्रज,पाक्य",,
पाक्य,पुं।,यवक्षारः,,,द्रव्यम्,पृथ्वी,अचलनिर्जीवः,मूलकम्,,,"यवक्षार,यवाग्रज,पाक्य",,
स्वर्जिकाक्षार,पुं।,स्वर्जिकाक्षारः,,,द्रव्यम्,पृथ्वी,अचलनिर्जीवः,मूलकम्,,,"स्वर्जिकाक्षार,कापोत,सुखवर्चक,सौवर्चल,रुचक",,
कापोत,नपुं।,स्वर्जिकाक्षारः,,,द्रव्यम्,पृथ्वी,अचलनिर्जीवः,मूलकम्,,,"स्वर्जिकाक्षार,कापोत,सुखवर्चक,सौवर्चल,रुचक",,
सुखवर्चक,पुं।,स्वर्जिकाक्षारः,,,द्रव्यम्,पृथ्वी,अचलनिर्जीवः,मूलकम्,,,"स्वर्जिकाक्षार,कापोत,सुखवर्चक,सौवर्चल,रुचक",,
सौवर्चल,नपुं।,स्वर्जिकाक्षारः,,,द्रव्यम्,पृथ्वी,अचलनिर्जीवः,मूलकम्,,,"स्वर्जिकाक्षार,कापोत,सुखवर्चक,सौवर्चल,रुचक",,
रुचक,नपुं।,स्वर्जिकाक्षारः,,,द्रव्यम्,पृथ्वी,अचलनिर्जीवः,मूलकम्,,,"स्वर्जिकाक्षार,कापोत,सुखवर्चक,सौवर्चल,रुचक",,
त्वक्क्षीरी,स्त्री।,वेणुजन्यौषधिविशेषः,,,द्रव्यम्,पृथ्वी,अचलसजीवः,ओषधिः,,,"त्वक्क्षीरी,वंशरोचना",,
वंशरोचना,स्त्री।,वेणुजन्यौषधिविशेषः,,,द्रव्यम्,पृथ्वी,अचलसजीवः,ओषधिः,,,"त्वक्क्षीरी,वंशरोचना",,
शिग्रुज,नपुं।,शोभाञ्जनबीजम्,,अवयवः,,,,,,,"शिग्रुज,श्वेतमरिच",,
श्वेतमरिच,नपुं।,शोभाञ्जनबीजम्,,अवयवः,,,,,,,"शिग्रुज,श्वेतमरिच",,
मोरट,नपुं।,इक्षुमूलम्,,अवयवः,,,,,,,मोरट,,
ग्रन्थिक,नपुं।,पिप्पलीमूलम्,,अवयवः,,,,,,,"ग्रन्थिक,पिप्पलीमूल,चटकाशिरस्",,
पिप्पलीमूल,नपुं।,पिप्पलीमूलम्,,अवयवः,,,,,,,"ग्रन्थिक,पिप्पलीमूल,चटकाशिरस्",,
चटकाशिरस्,नपुं।,पिप्पलीमूलम्,,अवयवः,,,,,,,"ग्रन्थिक,पिप्पलीमूल,चटकाशिरस्",,
गोलोमी,स्त्री।,भूतकेशः,,,द्रव्यम्,पृथ्वी,अचलसजीवः,तृणम्,,,"गोलोमी,भूतकेश",,
भूतकेश,पुं।,भूतकेशः,,,द्रव्यम्,पृथ्वी,अचलसजीवः,तृणम्,,,"गोलोमी,भूतकेश",,
पत्राङ्ग,नपुं।,रक्तचन्दनः,,,द्रव्यम्,पृथ्वी,अचलसजीवः,वृक्षः,,,"तिलपर्णी,पत्राङ्ग,रञ्जन,रक्तचन्दन,कुचन्दन,पत्राङ्ग,रक्तचन्दन",,
रक्तचन्दन,नपुं।,रक्तचन्दनः,,,द्रव्यम्,पृथ्वी,अचलसजीवः,वृक्षः,,,"तिलपर्णी,पत्राङ्ग,रञ्जन,रक्तचन्दन,कुचन्दन,पत्राङ्ग,रक्तचन्दन",,
त्रिकटु,नपुं।,शुण्ठीपिप्पलिमरीचिकानां_समाहारः,,पक्वम्,,,,,,,"त्रिकटु,त्र्यूषण,व्योष",,
त्र्यूषण,नपुं।,शुण्ठीपिप्पलिमरीचिकानां_समाहारः,,पक्वम्,,,,,,,"त्रिकटु,त्र्यूषण,व्योष",,
व्योष,नपुं।,शुण्ठीपिप्पलिमरीचिकानां_समाहारः,,पक्वम्,,,,,,,"त्रिकटु,त्र्यूषण,व्योष",,
त्रिफला,स्त्री।,हरीतक्यामलकविभीतक्यां_समाहारः,,पक्वम्,,,,,,,"त्रिफला,फलत्रिक","आमलकी,विभीतकी,हरीतकी",
फलत्रिक,नपुं।,हरीतक्यामलकविभीतक्यां_समाहारः,,पक्वम्,,,,,,,"त्रिफला,फलत्रिक","आमलकी,विभीतकी,हरीतकी",
