सुकृतिन्,वि।,सभाग्यः,,,द्रव्यम्,पृथ्वी,चलसजीवः,मनुष्यः,,,"सुकृतिन्,पुण्यवत्,धन्य",,
पुण्यवत्,वि।,सभाग्यः,,,द्रव्यम्,पृथ्वी,चलसजीवः,मनुष्यः,,,"सुकृतिन्,पुण्यवत्,धन्य",,
धन्य,वि।,सभाग्यः,,,द्रव्यम्,पृथ्वी,चलसजीवः,मनुष्यः,,,"सुकृतिन्,पुण्यवत्,धन्य",,
महेच्छ,वि।,महाभिलाषः,,,द्रव्यम्,पृथ्वी,चलसजीवः,मनुष्यः,,,"महेच्छ,महाशय",,
महाशय,वि।,महाभिलाषः,,,द्रव्यम्,पृथ्वी,चलसजीवः,मनुष्यः,,,"महेच्छ,महाशय",,
हृदयालु,वि।,शुद्धमनः,,,द्रव्यम्,पृथ्वी,चलसजीवः,मनुष्यः,,,"हृदयालु,सुहृदय",,
सुहृदय,वि।,शुद्धमनः,,,द्रव्यम्,पृथ्वी,चलसजीवः,मनुष्यः,,,"हृदयालु,सुहृदय",,
महोत्साह,वि।,उत्साहशीलः,,,द्रव्यम्,पृथ्वी,चलसजीवः,मनुष्यः,,,"महोत्साह,महोद्यम",,
महोद्यम,वि।,उत्साहशीलः,,,द्रव्यम्,पृथ्वी,चलसजीवः,मनुष्यः,,,"महोत्साह,महोद्यम",,
प्रवीण,वि।,कुशलः,,,द्रव्यम्,पृथ्वी,चलसजीवः,मनुष्यः,,,"प्रवीण,निपुण,अभिज्ञ,विज्ञ,निष्णात,शिक्षित,वैज्ञानिक,कृतमुख,कृतिन्,कुशल,क्षेत्रज्ञ",,
निपुण,वि।,कुशलः,,,द्रव्यम्,पृथ्वी,चलसजीवः,मनुष्यः,,,"प्रवीण,निपुण,अभिज्ञ,विज्ञ,निष्णात,शिक्षित,वैज्ञानिक,कृतमुख,कृतिन्,कुशल,क्षेत्रज्ञ",,
अभिज्ञ,वि।,कुशलः,,,द्रव्यम्,पृथ्वी,चलसजीवः,मनुष्यः,,,"प्रवीण,निपुण,अभिज्ञ,विज्ञ,निष्णात,शिक्षित,वैज्ञानिक,कृतमुख,कृतिन्,कुशल,क्षेत्रज्ञ",,
विज्ञ,वि।,कुशलः,,,द्रव्यम्,पृथ्वी,चलसजीवः,मनुष्यः,,,"प्रवीण,निपुण,अभिज्ञ,विज्ञ,निष्णात,शिक्षित,वैज्ञानिक,कृतमुख,कृतिन्,कुशल,क्षेत्रज्ञ",,
निष्णात,वि।,कुशलः,,,द्रव्यम्,पृथ्वी,चलसजीवः,मनुष्यः,,,"प्रवीण,निपुण,अभिज्ञ,विज्ञ,निष्णात,शिक्षित,वैज्ञानिक,कृतमुख,कृतिन्,कुशल,क्षेत्रज्ञ",,
शिक्षित,वि।,कुशलः,,,द्रव्यम्,पृथ्वी,चलसजीवः,मनुष्यः,,,"प्रवीण,निपुण,अभिज्ञ,विज्ञ,निष्णात,शिक्षित,वैज्ञानिक,कृतमुख,कृतिन्,कुशल,क्षेत्रज्ञ",,
वैज्ञानिक,वि।,कुशलः,,,द्रव्यम्,पृथ्वी,चलसजीवः,मनुष्यः,,,"प्रवीण,निपुण,अभिज्ञ,विज्ञ,निष्णात,शिक्षित,वैज्ञानिक,कृतमुख,कृतिन्,कुशल,क्षेत्रज्ञ",,
कृतमुख,वि।,कुशलः,,,द्रव्यम्,पृथ्वी,चलसजीवः,मनुष्यः,,,"प्रवीण,निपुण,अभिज्ञ,विज्ञ,निष्णात,शिक्षित,वैज्ञानिक,कृतमुख,कृतिन्,कुशल,क्षेत्रज्ञ",,
कृतिन्,वि।,कुशलः,,,द्रव्यम्,पृथ्वी,चलसजीवः,मनुष्यः,,,"प्रवीण,निपुण,अभिज्ञ,विज्ञ,निष्णात,शिक्षित,वैज्ञानिक,कृतमुख,कृतिन्,कुशल,क्षेत्रज्ञ",,
कुशल,वि।,कुशलः,,,द्रव्यम्,पृथ्वी,चलसजीवः,मनुष्यः,,,"प्रवीण,निपुण,अभिज्ञ,विज्ञ,निष्णात,शिक्षित,वैज्ञानिक,कृतमुख,कृतिन्,कुशल,क्षेत्रज्ञ",,
पूज्य,वि।,पूज्यः,,,द्रव्यम्,पृथ्वी,चलसजीवः,मनुष्यः,,,"पूज्य,प्रतीक्ष्य",,
प्रतीक्ष्य,वि।,पूज्यः,,,द्रव्यम्,पृथ्वी,चलसजीवः,मनुष्यः,,,"पूज्य,प्रतीक्ष्य",,
सांशयिक,वि।,सन्देहविषयः_सन्देहाश्रयः_वा,,,द्रव्यम्,पृथ्वी,चलसजीवः,मनुष्यः,,,"सांशयिक,संशयापन्नमानस",,
संशयापन्नमानस,वि।,सन्देहविषयः_सन्देहाश्रयः_वा,,,द्रव्यम्,पृथ्वी,चलसजीवः,मनुष्यः,,,"सांशयिक,संशयापन्नमानस",,
दक्षिणेय,वि।,दक्षिणायोग्यः,,,द्रव्यम्,पृथ्वी,चलसजीवः,मनुष्यः,,,"दक्षिणेय,दक्षिणार्ह,दक्षिण्य",,
दक्षिणार्ह,वि।,दक्षिणायोग्यः,,,द्रव्यम्,पृथ्वी,चलसजीवः,मनुष्यः,,,"दक्षिणेय,दक्षिणार्ह,दक्षिण्य",,
दक्षिण्य,वि।,दक्षिणायोग्यः,,,द्रव्यम्,पृथ्वी,चलसजीवः,मनुष्यः,,,"दक्षिणेय,दक्षिणार्ह,दक्षिण्य",,
वदान्य,वि।,दानसूरः,,,द्रव्यम्,पृथ्वी,चलसजीवः,मनुष्यः,,,"वदान्य,स्थूललक्ष्य,दानशौण्ड,बहुप्रद",,
स्थूललक्ष्य,वि।,दानसूरः,,,द्रव्यम्,पृथ्वी,चलसजीवः,मनुष्यः,,,"वदान्य,स्थूललक्ष्य,दानशौण्ड,बहुप्रद",,
दानशौण्ड,वि।,दानसूरः,,,द्रव्यम्,पृथ्वी,चलसजीवः,मनुष्यः,,,"वदान्य,स्थूललक्ष्य,दानशौण्ड,बहुप्रद",,
बहुप्रद,वि।,दानसूरः,,,द्रव्यम्,पृथ्वी,चलसजीवः,मनुष्यः,,,"वदान्य,स्थूललक्ष्य,दानशौण्ड,बहुप्रद",,
जैवातृक,वि।,आयुष्मान्,,,द्रव्यम्,पृथ्वी,चलसजीवः,मनुष्यः,,,"जैवातृक,आयुष्मत्",,
आयुष्मत्,वि।,आयुष्मान्,,,द्रव्यम्,पृथ्वी,चलसजीवः,मनुष्यः,,,"जैवातृक,आयुष्मत्",,
अन्तर्वाणि,वि।,शास्त्रज्ञः,,वृत्तिः,द्रव्यम्,पृथ्वी,चलसजीवः,मनुष्यः,,,"अन्तर्वाणि,शास्त्रविद्",,
शास्त्रविद्,वि।,शास्त्रज्ञः,,वृत्तिः,द्रव्यम्,पृथ्वी,चलसजीवः,मनुष्यः,,,"अन्तर्वाणि,शास्त्रविद्",,
परीक्षक,वि।,परीक्षाकारकः,,,द्रव्यम्,पृथ्वी,चलसजीवः,मनुष्यः,,,"परीक्षक,कारणिक",,
कारणिक,वि।,परीक्षाकारकः,,,द्रव्यम्,पृथ्वी,चलसजीवः,मनुष्यः,,,"परीक्षक,कारणिक",,
वरद,वि।,वरदः,,,द्रव्यम्,पृथ्वी,चलसजीवः,मनुष्यः,,,"वरद,समर्धक",,
समर्धक,वि।,वरदः,,,द्रव्यम्,पृथ्वी,चलसजीवः,मनुष्यः,,,"वरद,समर्धक",,
हर्षमाण,वि।,हर्षितमनः,,,द्रव्यम्,पृथ्वी,चलसजीवः,मनुष्यः,,,"हर्षमाण,विकुर्वाण,प्रमनस्,हृष्टमानस",,
विकुर्वाण,वि।,हर्षितमनः,,,द्रव्यम्,पृथ्वी,चलसजीवः,मनुष्यः,,,"हर्षमाण,विकुर्वाण,प्रमनस्,हृष्टमानस",,
प्रमनस्,वि।,हर्षितमनः,,,द्रव्यम्,पृथ्वी,चलसजीवः,मनुष्यः,,,"हर्षमाण,विकुर्वाण,प्रमनस्,हृष्टमानस",,
हृष्टमानस,वि।,हर्षितमनः,,,द्रव्यम्,पृथ्वी,चलसजीवः,मनुष्यः,,,"हर्षमाण,विकुर्वाण,प्रमनस्,हृष्टमानस",,
दुर्मनस्,वि।,दुःखितमनः,,,द्रव्यम्,पृथ्वी,चलसजीवः,मनुष्यः,,,"दुर्मनस्,विमनस्,अन्तर्मनस्",,
विमनस्,वि।,दुःखितमनः,,,द्रव्यम्,पृथ्वी,चलसजीवः,मनुष्यः,,,"दुर्मनस्,विमनस्,अन्तर्मनस्",,
अन्तर्मनस्,वि।,दुःखितमनः,,,द्रव्यम्,पृथ्वी,चलसजीवः,मनुष्यः,,,"दुर्मनस्,विमनस्,अन्तर्मनस्",,
उत्क,वि।,उत्कण्ठितमनः,,,द्रव्यम्,पृथ्वी,चलसजीवः,मनुष्यः,,,"उत्क,उन्मनस्",,
उन्मनस्,वि।,उत्कण्ठितमनः,,,द्रव्यम्,पृथ्वी,चलसजीवः,मनुष्यः,,,"उत्क,उन्मनस्",,
दक्षिण,वि।,उदारमनः,,,द्रव्यम्,पृथ्वी,चलसजीवः,मनुष्यः,,,"दक्षिण,सरल,उदार",,
सरल,वि।,उदारमनः,,,द्रव्यम्,पृथ्वी,चलसजीवः,मनुष्यः,,,"दक्षिण,सरल,उदार",,
उदार,वि।,उदारमनः,,,द्रव्यम्,पृथ्वी,चलसजीवः,मनुष्यः,,,"दक्षिण,सरल,उदार",,
सुकल,वि।,दातृभोक्ता,,,द्रव्यम्,पृथ्वी,चलसजीवः,मनुष्यः,,,सुकल,,
तत्पर,वि।,तात्पर्ययुक्तः,,,द्रव्यम्,पृथ्वी,चलसजीवः,मनुष्यः,,,"तत्पर,प्रसित,आसक्त",,
प्रसित,वि।,तात्पर्ययुक्तः,,,द्रव्यम्,पृथ्वी,चलसजीवः,मनुष्यः,,,"तत्पर,प्रसित,आसक्त",,
आसक्त,वि।,तात्पर्ययुक्तः,,,द्रव्यम्,पृथ्वी,चलसजीवः,मनुष्यः,,,"तत्पर,प्रसित,आसक्त",,
इष्टार्थोद्युक्त,वि।,इष्टार्थोद्यमः,,,द्रव्यम्,पृथ्वी,चलसजीवः,मनुष्यः,,,"इष्टार्थोद्युक्त,उत्सुक",,
उत्सुक,वि।,इष्टार्थोद्यमः,,,द्रव्यम्,पृथ्वी,चलसजीवः,मनुष्यः,,,"इष्टार्थोद्युक्त,उत्सुक",,
प्रतीत,वि।,प्रसिद्धः,,,द्रव्यम्,पृथ्वी,चलसजीवः,मनुष्यः,,,"प्रतीत,प्रथित,ख्यात,वित्त,विज्ञात,विश्रुत,प्रसिद्ध",,
प्रथित,वि।,प्रसिद्धः,,,द्रव्यम्,पृथ्वी,चलसजीवः,मनुष्यः,,,"प्रतीत,प्रथित,ख्यात,वित्त,विज्ञात,विश्रुत,प्रसिद्ध",,
ख्यात,वि।,प्रसिद्धः,,,द्रव्यम्,पृथ्वी,चलसजीवः,मनुष्यः,,,"प्रतीत,प्रथित,ख्यात,वित्त,विज्ञात,विश्रुत,प्रसिद्ध",,
वित्त,वि।,प्रसिद्धः,,,द्रव्यम्,पृथ्वी,चलसजीवः,मनुष्यः,,,"प्रतीत,प्रथित,ख्यात,वित्त,विज्ञात,विश्रुत,प्रसिद्ध",,
विज्ञात,वि।,प्रसिद्धः,,,द्रव्यम्,पृथ्वी,चलसजीवः,मनुष्यः,,,"प्रतीत,प्रथित,ख्यात,वित्त,विज्ञात,विश्रुत,प्रसिद्ध",,
विश्रुत,वि।,प्रसिद्धः,,,द्रव्यम्,पृथ्वी,चलसजीवः,मनुष्यः,,,"प्रतीत,प्रथित,ख्यात,वित्त,विज्ञात,विश्रुत,प्रसिद्ध",,
कृतलक्षण,वि।,गुणैः_प्रसिद्धः,,,द्रव्यम्,पृथ्वी,चलसजीवः,मनुष्यः,,,"कृतलक्षण,आहतलक्षण",,
आहतलक्षण,वि।,गुणैः_प्रसिद्धः,,,द्रव्यम्,पृथ्वी,चलसजीवः,मनुष्यः,,,"कृतलक्षण,आहतलक्षण",,
इभ्य,पुं।,बहुधनः,,,द्रव्यम्,पृथ्वी,चलसजीवः,मनुष्यः,,,"इभ्य,आढ्य,धनिन्",,
आढ्य,वि।,बहुधनः,,,द्रव्यम्,पृथ्वी,चलसजीवः,मनुष्यः,,,"इभ्य,आढ्य,धनिन्",,
धनिन्,पुं।,बहुधनः,,,द्रव्यम्,पृथ्वी,चलसजीवः,मनुष्यः,,,"इभ्य,आढ्य,धनिन्",,
स्वामिन्,पुं।,अधिपतिः,,,द्रव्यम्,पृथ्वी,चलसजीवः,मनुष्यः,,,"स्वामिन्,ईश्वर,पति,ईशितृ,अधिभू,नायक,नेतृ,प्रभु,परिवृढ,अधिप,इन",,
ईश्वर,पुं।,अधिपतिः,,,द्रव्यम्,पृथ्वी,चलसजीवः,मनुष्यः,,,"स्वामिन्,ईश्वर,पति,ईशितृ,अधिभू,नायक,नेतृ,प्रभु,परिवृढ,अधिप,इन",,
पति,पुं।,अधिपतिः,,,द्रव्यम्,पृथ्वी,चलसजीवः,मनुष्यः,,,"स्वामिन्,ईश्वर,पति,ईशितृ,अधिभू,नायक,नेतृ,प्रभु,परिवृढ,अधिप,इन",,
ईशितृ,पुं।,अधिपतिः,,,द्रव्यम्,पृथ्वी,चलसजीवः,मनुष्यः,,,"स्वामिन्,ईश्वर,पति,ईशितृ,अधिभू,नायक,नेतृ,प्रभु,परिवृढ,अधिप,इन",,
अधिभू,पुं।,अधिपतिः,,,द्रव्यम्,पृथ्वी,चलसजीवः,मनुष्यः,,,"स्वामिन्,ईश्वर,पति,ईशितृ,अधिभू,नायक,नेतृ,प्रभु,परिवृढ,अधिप,इन",,
नायक,पुं।,अधिपतिः,,,द्रव्यम्,पृथ्वी,चलसजीवः,मनुष्यः,,,"स्वामिन्,ईश्वर,पति,ईशितृ,अधिभू,नायक,नेतृ,प्रभु,परिवृढ,अधिप,इन",,
नेतृ,पुं।,अधिपतिः,,,द्रव्यम्,पृथ्वी,चलसजीवः,मनुष्यः,,,"स्वामिन्,ईश्वर,पति,ईशितृ,अधिभू,नायक,नेतृ,प्रभु,परिवृढ,अधिप,इन",,
प्रभु,पुं।,अधिपतिः,,,द्रव्यम्,पृथ्वी,चलसजीवः,मनुष्यः,,,"स्वामिन्,ईश्वर,पति,ईशितृ,अधिभू,नायक,नेतृ,प्रभु,परिवृढ,अधिप,इन",,
परिवृढ,पुं।,अधिपतिः,,,द्रव्यम्,पृथ्वी,चलसजीवः,मनुष्यः,,,"स्वामिन्,ईश्वर,पति,ईशितृ,अधिभू,नायक,नेतृ,प्रभु,परिवृढ,अधिप,इन",,
अधिप,पुं।,अधिपतिः,,,द्रव्यम्,पृथ्वी,चलसजीवः,मनुष्यः,,,"स्वामिन्,ईश्वर,पति,ईशितृ,अधिभू,नायक,नेतृ,प्रभु,परिवृढ,अधिप,इन",,
अधिकर्धि,वि।,अतिसम्पन्नः,,,द्रव्यम्,पृथ्वी,चलसजीवः,मनुष्यः,,,"अधिकर्धि,समृद्ध",,
समृद्ध,वि।,अतिसम्पन्नः,,,द्रव्यम्,पृथ्वी,चलसजीवः,मनुष्यः,,,"अधिकर्धि,समृद्ध",,
कुटुम्बव्यापृत,पुं।,कुटुम्बव्यापृतः,,,द्रव्यम्,पृथ्वी,चलसजीवः,मनुष्यः,,,"कुटुम्बव्यापृत,अभ्यागारिक,उपाधि",,
अभ्यागारिक,पुं।,कुटुम्बव्यापृतः,,,द्रव्यम्,पृथ्वी,चलसजीवः,मनुष्यः,,,"कुटुम्बव्यापृत,अभ्यागारिक,उपाधि",,
उपाधि,पुं।,कुटुम्बव्यापृतः,,,द्रव्यम्,पृथ्वी,चलसजीवः,मनुष्यः,,,"कुटुम्बव्यापृत,अभ्यागारिक,उपाधि",,
सिंहसंहनन,पुं।,सौन्दर्योपेतः,,,द्रव्यम्,पृथ्वी,चलसजीवः,मनुष्यः,,,सिंहसंहनन,,
निर्वार्य,वि।,निःशङ्ककार्यकर्ता,,वृत्तिः,द्रव्यम्,पृथ्वी,चलसजीवः,मनुष्यः,,,निर्वार्य,,
अवाक्,वि।,मूकः,,,द्रव्यम्,पृथ्वी,चलसजीवः,मनुष्यः,,,"अवाक्,मूक",,
मूक,वि।,मूकः,,,द्रव्यम्,पृथ्वी,चलसजीवः,मनुष्यः,,,"अवाक्,मूक",,
मनोजवस,वि।,पितृतुल्यः,,,द्रव्यम्,पृथ्वी,चलसजीवः,मनुष्यः,,,"मनोजवस,पितृसन्निभ",,
पितृसन्निभ,वि।,पितृतुल्यः,,,द्रव्यम्,पृथ्वी,चलसजीवः,मनुष्यः,,,"मनोजवस,पितृसन्निभ",,
कूकुद,पुं।,सत्कारपूर्वं_कन्यादाता,,,द्रव्यम्,पृथ्वी,चलसजीवः,मनुष्यः,,,कूकुद,,
लक्ष्मीवत्,वि।,श्रीमान्,,,द्रव्यम्,पृथ्वी,चलसजीवः,मनुष्यः,,,"लक्ष्मीवत्,लक्ष्मण,श्रील,श्रीमत्",,
लक्ष्मण,पुं।,श्रीमान्,,,द्रव्यम्,पृथ्वी,चलसजीवः,मनुष्यः,,,"लक्ष्मीवत्,लक्ष्मण,श्रील,श्रीमत्",,
श्रील,वि।,श्रीमान्,,,द्रव्यम्,पृथ्वी,चलसजीवः,मनुष्यः,,,"लक्ष्मीवत्,लक्ष्मण,श्रील,श्रीमत्",,
श्रीमत्,पुं।,श्रीमान्,,,द्रव्यम्,पृथ्वी,चलसजीवः,मनुष्यः,,,"लक्ष्मीवत्,लक्ष्मण,श्रील,श्रीमत्",,
स्निग्ध,पुं।,वत्सलः,,,द्रव्यम्,पृथ्वी,चलसजीवः,मनुष्यः,,,"स्निग्ध,वत्सल",,
वत्सल,वि।,वत्सलः,,,द्रव्यम्,पृथ्वी,चलसजीवः,मनुष्यः,,,"स्निग्ध,वत्सल",,
दयालु,वि।,दयालुः,,,द्रव्यम्,पृथ्वी,चलसजीवः,मनुष्यः,,,"दयालु,कारुणिक,कृपालु,सूरत",,
कारुणिक,वि।,दयालुः,,,द्रव्यम्,पृथ्वी,चलसजीवः,मनुष्यः,,,"दयालु,कारुणिक,कृपालु,सूरत",,
कृपालु,वि।,दयालुः,,,द्रव्यम्,पृथ्वी,चलसजीवः,मनुष्यः,,,"दयालु,कारुणिक,कृपालु,सूरत",,
सूरत,वि।,दयालुः,,,द्रव्यम्,पृथ्वी,चलसजीवः,मनुष्यः,,,"दयालु,कारुणिक,कृपालु,सूरत",,
स्वतन्त्र,वि।,स्वतन्त्रः,,,द्रव्यम्,पृथ्वी,चलसजीवः,मनुष्यः,,,"स्वतन्त्र,अपावृत,स्वैरिन्,स्वच्छन्द,निरवग्रह",,
अपावृत,वि।,स्वतन्त्रः,,,द्रव्यम्,पृथ्वी,चलसजीवः,मनुष्यः,,,"स्वतन्त्र,अपावृत,स्वैरिन्,स्वच्छन्द,निरवग्रह",,
स्वैरिन्,वि।,स्वतन्त्रः,,,द्रव्यम्,पृथ्वी,चलसजीवः,मनुष्यः,,,"स्वतन्त्र,अपावृत,स्वैरिन्,स्वच्छन्द,निरवग्रह",,
स्वच्छन्द,वि।,स्वतन्त्रः,,,द्रव्यम्,पृथ्वी,चलसजीवः,मनुष्यः,,,"स्वतन्त्र,अपावृत,स्वैरिन्,स्वच्छन्द,निरवग्रह",,
निरवग्रह,वि।,स्वतन्त्रः,,,द्रव्यम्,पृथ्वी,चलसजीवः,मनुष्यः,,,"स्वतन्त्र,अपावृत,स्वैरिन्,स्वच्छन्द,निरवग्रह",,
परतन्त्र,वि।,परतन्त्रः,,,द्रव्यम्,पृथ्वी,चलसजीवः,मनुष्यः,,,"परतन्त्र,पराधीन,परवत्,नाथवत्",,
पराधीन,वि।,परतन्त्रः,,,द्रव्यम्,पृथ्वी,चलसजीवः,मनुष्यः,,,"परतन्त्र,पराधीन,परवत्,नाथवत्",,
परवत्,वि।,परतन्त्रः,,,द्रव्यम्,पृथ्वी,चलसजीवः,मनुष्यः,,,"परतन्त्र,पराधीन,परवत्,नाथवत्",,
नाथवत्,वि।,परतन्त्रः,,,द्रव्यम्,पृथ्वी,चलसजीवः,मनुष्यः,,,"परतन्त्र,पराधीन,परवत्,नाथवत्",,
अधीन,वि।,अधीनः,,,द्रव्यम्,पृथ्वी,चलसजीवः,मनुष्यः,,,"अधीन,निघ्न,आयत्त,अस्वच्छन्द,गृह्यक,प्रत्यय,वक्तव्य",,
निघ्न,वि।,अधीनः,,,द्रव्यम्,पृथ्वी,चलसजीवः,मनुष्यः,,,"अधीन,निघ्न,आयत्त,अस्वच्छन्द,गृह्यक,प्रत्यय,वक्तव्य",,
आयत्त,वि।,अधीनः,,,द्रव्यम्,पृथ्वी,चलसजीवः,मनुष्यः,,,"अधीन,निघ्न,आयत्त,अस्वच्छन्द,गृह्यक,प्रत्यय,वक्तव्य",,
अस्वच्छन्द,वि।,अधीनः,,,द्रव्यम्,पृथ्वी,चलसजीवः,मनुष्यः,,,"अधीन,निघ्न,आयत्त,अस्वच्छन्द,गृह्यक,प्रत्यय,वक्तव्य",,
गृह्यक,वि।,अधीनः,,,द्रव्यम्,पृथ्वी,चलसजीवः,मनुष्यः,,,"अधीन,निघ्न,आयत्त,अस्वच्छन्द,गृह्यक,प्रत्यय,वक्तव्य",,
खलपू,वि।,सम्मार्जनादिकारी,,,द्रव्यम्,पृथ्वी,चलसजीवः,मनुष्यः,,,"खलपू,बहुकर",,
बहुकर,वि।,सम्मार्जनादिकारी,,,द्रव्यम्,पृथ्वी,चलसजीवः,मनुष्यः,,,"खलपू,बहुकर",,
दीर्घसूत्र,वि।,आलस्ययुक्तः,,,द्रव्यम्,पृथ्वी,चलसजीवः,मनुष्यः,,,"दीर्घसूत्र,चिरक्रिय",,
चिरक्रिय,वि।,आलस्ययुक्तः,,,द्रव्यम्,पृथ्वी,चलसजीवः,मनुष्यः,,,"दीर्घसूत्र,चिरक्रिय",,
जाल्म,वि।,असमीक्ष्यकारी,,,द्रव्यम्,पृथ्वी,चलसजीवः,मनुष्यः,,,"जाल्म,असमीक्ष्यकारिन्",,
असमीक्ष्यकारिन्,वि।,असमीक्ष्यकारी,,,द्रव्यम्,पृथ्वी,चलसजीवः,मनुष्यः,,,"जाल्म,असमीक्ष्यकारिन्",,
कुण्ठ,वि।,मन्दक्रियः,,,द्रव्यम्,पृथ्वी,चलसजीवः,मनुष्यः,,,कुण्ठ,,
कर्मक्षम,वि।,क्रियाकरणे_समर्थः,,,द्रव्यम्,पृथ्वी,चलसजीवः,मनुष्यः,,,"कर्मक्षम,अलङ्कर्मन्",,
अलङ्कर्मन्,वि।,क्रियाकरणे_समर्थः,,,द्रव्यम्,पृथ्वी,चलसजीवः,मनुष्यः,,,"कर्मक्षम,अलङ्कर्मन्",,
क्रियावत्,वि।,कर्मोद्यतः,,,द्रव्यम्,पृथ्वी,चलसजीवः,मनुष्यः,,,क्रियावत्,,"मूल्येन_कर्मकरः,विना_वेतनं_कर्मकरः"
कार्म,वि।,कर्मसु_फलमनपेक्ष्य_प्रवृत्तः,,,द्रव्यम्,पृथ्वी,चलसजीवः,मनुष्यः,,,"कार्म,कर्मशील",,
कर्मशील,वि।,कर्मसु_फलमनपेक्ष्य_प्रवृत्तः,,,द्रव्यम्,पृथ्वी,चलसजीवः,मनुष्यः,,,"कार्म,कर्मशील",,
कर्मशूर,वि।,सप्रयत्नारब्धकर्मसमापकः,,,द्रव्यम्,पृथ्वी,चलसजीवः,मनुष्यः,,,"कर्मशूर,कर्मठ",,
कर्मठ,वि।,सप्रयत्नारब्धकर्मसमापकः,,,द्रव्यम्,पृथ्वी,चलसजीवः,मनुष्यः,,,"कर्मशूर,कर्मठ",,
भरण्यभुज्,वि।,मूल्येन_कर्मकरः,,,द्रव्यम्,पृथ्वी,चलसजीवः,मनुष्यः,,,"भरण्यभुज्,कर्मकर",,
कर्मकर,वि।,मूल्येन_कर्मकरः,,,द्रव्यम्,पृथ्वी,चलसजीवः,मनुष्यः,,,"भरण्यभुज्,कर्मकर",,
कर्मकार,वि।,विना_वेतनं_कर्मकरः,,,द्रव्यम्,पृथ्वी,चलसजीवः,मनुष्यः,,,कर्मकार,,
अपस्नात,वि।,मृतमुद्दिश्य_स्नातः,,,द्रव्यम्,पृथ्वी,चलसजीवः,मनुष्यः,,,"अपस्नात,मृतस्नात",,
मृतस्नात,वि।,मृतमुद्दिश्य_स्नातः,,,द्रव्यम्,पृथ्वी,चलसजीवः,मनुष्यः,,,"अपस्नात,मृतस्नात",,
आमिषाशिन्,वि।,मांसभक्षकः,,,द्रव्यम्,पृथ्वी,चलसजीवः,मनुष्यः,,,"आमिषाशिन्,शौष्कल",,
शौष्कल,वि।,मांसभक्षकः,,,द्रव्यम्,पृथ्वी,चलसजीवः,मनुष्यः,,,"आमिषाशिन्,शौष्कल",,
बुभुक्षित,वि।,बुभुक्षितः,,,द्रव्यम्,पृथ्वी,चलसजीवः,मनुष्यः,,,"बुभुक्षित,क्षुधित,जिघत्सु,अशनायित",बुभुक्षा,भक्षणशीलः
क्षुधित,वि।,बुभुक्षितः,,,द्रव्यम्,पृथ्वी,चलसजीवः,मनुष्यः,,,"बुभुक्षित,क्षुधित,जिघत्सु,अशनायित",बुभुक्षा,भक्षणशीलः
जिघत्सु,वि।,बुभुक्षितः,,,द्रव्यम्,पृथ्वी,चलसजीवः,मनुष्यः,,,"बुभुक्षित,क्षुधित,जिघत्सु,अशनायित",बुभुक्षा,भक्षणशीलः
अशनायित,वि।,बुभुक्षितः,,,द्रव्यम्,पृथ्वी,चलसजीवः,मनुष्यः,,,"बुभुक्षित,क्षुधित,जिघत्सु,अशनायित",बुभुक्षा,भक्षणशीलः
परान्न,वि।,परान्नजीवनः,,,द्रव्यम्,पृथ्वी,चलसजीवः,मनुष्यः,,,"परान्न,परपिण्डाद",,
परपिण्डाद,वि।,परान्नजीवनः,,,द्रव्यम्,पृथ्वी,चलसजीवः,मनुष्यः,,,"परान्न,परपिण्डाद",,
भक्षक,वि।,भक्षणशीलः,,,द्रव्यम्,पृथ्वी,चलसजीवः,मनुष्यः,,,"भक्षक,घस्मर,अद्मर",,
घस्मर,वि।,भक्षणशीलः,,,द्रव्यम्,पृथ्वी,चलसजीवः,मनुष्यः,,,"भक्षक,घस्मर,अद्मर",,
अद्मर,वि।,भक्षणशीलः,,,द्रव्यम्,पृथ्वी,चलसजीवः,मनुष्यः,,,"भक्षक,घस्मर,अद्मर",,
आद्यून,वि।,विजिगीषाविवर्जितः,,,द्रव्यम्,पृथ्वी,चलसजीवः,मनुष्यः,,,"आद्यून,औदरिक",,
औदरिक,वि।,विजिगीषाविवर्जितः,,,द्रव्यम्,पृथ्वी,चलसजीवः,मनुष्यः,,,"आद्यून,औदरिक",,
आत्मम्भरि,वि।,स्वोदरपूरकः,,,द्रव्यम्,पृथ्वी,चलसजीवः,मनुष्यः,,,"आत्मम्भरि,कुक्षिम्भरि",,
कुक्षिम्भरि,वि।,स्वोदरपूरकः,,,द्रव्यम्,पृथ्वी,चलसजीवः,मनुष्यः,,,"आत्मम्भरि,कुक्षिम्भरि",,
सर्वान्नीन,वि।,सर्ववर्णान्नभक्षकः,,,द्रव्यम्,पृथ्वी,चलसजीवः,मनुष्यः,,,"सर्वान्नीन,सर्वान्नभोजिन्",,
सर्वान्नभोजिन्,वि।,सर्ववर्णान्नभक्षकः,,,द्रव्यम्,पृथ्वी,चलसजीवः,मनुष्यः,,,"सर्वान्नीन,सर्वान्नभोजिन्",,
गृध्नु,वि।,लुब्धः,,,द्रव्यम्,पृथ्वी,चलसजीवः,मनुष्यः,,,"गृध्नु,गर्धन,लुब्ध,अभिलाषुक,तृष्णज्",,अतिलुब्धः
गर्धन,वि।,लुब्धः,,,द्रव्यम्,पृथ्वी,चलसजीवः,मनुष्यः,,,"गृध्नु,गर्धन,लुब्ध,अभिलाषुक,तृष्णज्",,अतिलुब्धः
लुब्ध,वि।,लुब्धः,,,द्रव्यम्,पृथ्वी,चलसजीवः,मनुष्यः,,,"गृध्नु,गर्धन,लुब्ध,अभिलाषुक,तृष्णज्",,अतिलुब्धः
अभिलाषुक,वि।,लुब्धः,,,द्रव्यम्,पृथ्वी,चलसजीवः,मनुष्यः,,,"गृध्नु,गर्धन,लुब्ध,अभिलाषुक,तृष्णज्",,अतिलुब्धः
तृष्णज्,वि।,लुब्धः,,,द्रव्यम्,पृथ्वी,चलसजीवः,मनुष्यः,,,"गृध्नु,गर्धन,लुब्ध,अभिलाषुक,तृष्णज्",,अतिलुब्धः
लोलुप,वि।,अतिलुब्धः,,,द्रव्यम्,पृथ्वी,चलसजीवः,मनुष्यः,,,"लोलुप,लोलुभ",,
लोलुभ,वि।,अतिलुब्धः,,,द्रव्यम्,पृथ्वी,चलसजीवः,मनुष्यः,,,"लोलुप,लोलुभ",,
उन्माद,वि।,उन्मादशीलः,,,द्रव्यम्,पृथ्वी,चलसजीवः,मनुष्यः,,,"उन्माद,उन्मदिष्णु",,
उन्मदिष्णु,वि।,उन्मादशीलः,,,द्रव्यम्,पृथ्वी,चलसजीवः,मनुष्यः,,,"उन्माद,उन्मदिष्णु",,
अविनीत,वि।,दुर्विनीतः,,,द्रव्यम्,पृथ्वी,चलसजीवः,मनुष्यः,,,"अविनीत,समुद्धत",,
समुद्धत,वि।,दुर्विनीतः,,,द्रव्यम्,पृथ्वी,चलसजीवः,मनुष्यः,,,"अविनीत,समुद्धत",,
मत्त,वि।,उन्मत्तः,,,द्रव्यम्,पृथ्वी,चलसजीवः,मनुष्यः,,,"मत्त,शौण्ड,उत्कट,क्षीब",,उन्मादशीलः
शौण्ड,वि।,उन्मत्तः,,,द्रव्यम्,पृथ्वी,चलसजीवः,मनुष्यः,,,"मत्त,शौण्ड,उत्कट,क्षीब",,उन्मादशीलः
उत्कट,वि।,उन्मत्तः,,,द्रव्यम्,पृथ्वी,चलसजीवः,मनुष्यः,,,"मत्त,शौण्ड,उत्कट,क्षीब",,उन्मादशीलः
क्षीब,वि।,उन्मत्तः,,,द्रव्यम्,पृथ्वी,चलसजीवः,मनुष्यः,,,"मत्त,शौण्ड,उत्कट,क्षीब",,उन्मादशीलः
कामुक,वि।,कामुकः,,,द्रव्यम्,पृथ्वी,चलसजीवः,मनुष्यः,,,"कामुक,कमितृ,अनुक,कम्र,कामयितृ,अभीक,कमन,कामन,अभिक",,
कमितृ,वि।,कामुकः,,,द्रव्यम्,पृथ्वी,चलसजीवः,मनुष्यः,,,"कामुक,कमितृ,अनुक,कम्र,कामयितृ,अभीक,कमन,कामन,अभिक",,
अनुक,वि।,कामुकः,,,द्रव्यम्,पृथ्वी,चलसजीवः,मनुष्यः,,,"कामुक,कमितृ,अनुक,कम्र,कामयितृ,अभीक,कमन,कामन,अभिक",,
कम्र,वि।,कामुकः,,,द्रव्यम्,पृथ्वी,चलसजीवः,मनुष्यः,,,"कामुक,कमितृ,अनुक,कम्र,कामयितृ,अभीक,कमन,कामन,अभिक",,
कामयितृ,वि।,कामुकः,,,द्रव्यम्,पृथ्वी,चलसजीवः,मनुष्यः,,,"कामुक,कमितृ,अनुक,कम्र,कामयितृ,अभीक,कमन,कामन,अभिक",,
अभीक,वि।,कामुकः,,,द्रव्यम्,पृथ्वी,चलसजीवः,मनुष्यः,,,"कामुक,कमितृ,अनुक,कम्र,कामयितृ,अभीक,कमन,कामन,अभिक",,
कमन,वि।,कामुकः,,,द्रव्यम्,पृथ्वी,चलसजीवः,मनुष्यः,,,"कामुक,कमितृ,अनुक,कम्र,कामयितृ,अभीक,कमन,कामन,अभिक",,
कामन,वि।,कामुकः,,,द्रव्यम्,पृथ्वी,चलसजीवः,मनुष्यः,,,"कामुक,कमितृ,अनुक,कम्र,कामयितृ,अभीक,कमन,कामन,अभिक",,
अभिक,वि।,कामुकः,,,द्रव्यम्,पृथ्वी,चलसजीवः,मनुष्यः,,,"कामुक,कमितृ,अनुक,कम्र,कामयितृ,अभीक,कमन,कामन,अभिक",,
विधेय,वि।,वचनग्राहिः,,,द्रव्यम्,पृथ्वी,चलसजीवः,मनुष्यः,,,"विधेय,विनयग्राहिन्,वचनेस्थित,आश्रव",,
विनयग्राहिन्,वि।,वचनग्राहिः,,,द्रव्यम्,पृथ्वी,चलसजीवः,मनुष्यः,,,"विधेय,विनयग्राहिन्,वचनेस्थित,आश्रव",,
वचनेस्थित,वि।,वचनग्राहिः,,,द्रव्यम्,पृथ्वी,चलसजीवः,मनुष्यः,,,"विधेय,विनयग्राहिन्,वचनेस्थित,आश्रव",,
आश्रव,वि।,वचनग्राहिः,,,द्रव्यम्,पृथ्वी,चलसजीवः,मनुष्यः,,,"विधेय,विनयग्राहिन्,वचनेस्थित,आश्रव",,
वश्य,वि।,स्वाधीनः,,,द्रव्यम्,पृथ्वी,चलसजीवः,मनुष्यः,,,"वश्य,प्रणेय",,
प्रणेय,वि।,स्वाधीनः,,,द्रव्यम्,पृथ्वी,चलसजीवः,मनुष्यः,,,"वश्य,प्रणेय",,
निभृत,वि।,विनययुक्तः,,,द्रव्यम्,पृथ्वी,चलसजीवः,मनुष्यः,,,"निभृत,विनीत,प्रश्रित",,
विनीत,वि।,विनययुक्तः,,,द्रव्यम्,पृथ्वी,चलसजीवः,मनुष्यः,,,"निभृत,विनीत,प्रश्रित",,
प्रश्रित,वि।,विनययुक्तः,,,द्रव्यम्,पृथ्वी,चलसजीवः,मनुष्यः,,,"निभृत,विनीत,प्रश्रित",,
धृष्ट,वि।,निर्लज्जः,,,द्रव्यम्,पृथ्वी,चलसजीवः,मनुष्यः,,,"धृष्ट,धृष्णज्,वियात",,
धृष्णज्,वि।,निर्लज्जः,,,द्रव्यम्,पृथ्वी,चलसजीवः,मनुष्यः,,,"धृष्ट,धृष्णज्,वियात",,
वियात,वि।,निर्लज्जः,,,द्रव्यम्,पृथ्वी,चलसजीवः,मनुष्यः,,,"धृष्ट,धृष्णज्,वियात",,
प्रगल्भ,वि।,प्रत्युत्पन्नमतिः,,,द्रव्यम्,पृथ्वी,चलसजीवः,मनुष्यः,,,"प्रगल्भ,प्रतिभान्वित",,
प्रतिभान्वित,वि।,प्रत्युत्पन्नमतिः,,,द्रव्यम्,पृथ्वी,चलसजीवः,मनुष्यः,,,"प्रगल्भ,प्रतिभान्वित",,
अधृष्ट,वि।,सलज्जः,,,द्रव्यम्,पृथ्वी,चलसजीवः,मनुष्यः,,,"अधृष्ट,शालीन",,
शालीन,वि।,सलज्जः,,,द्रव्यम्,पृथ्वी,चलसजीवः,मनुष्यः,,,"अधृष्ट,शालीन",,
विलक्ष,वि।,परकीयधर्मशिलादौ_प्राप्ताश्चर्यः,,,द्रव्यम्,पृथ्वी,चलसजीवः,मनुष्यः,,,"विलक्ष,विस्मयान्वित",,
विस्मयान्वित,वि।,परकीयधर्मशिलादौ_प्राप्ताश्चर्यः,,,द्रव्यम्,पृथ्वी,चलसजीवः,मनुष्यः,,,"विलक्ष,विस्मयान्वित",,
अधीर,वि।,रोगादिलक्षणेनाधीरमनः,,,द्रव्यम्,पृथ्वी,चलसजीवः,मनुष्यः,,,"अधीर,कातर",,
कातर,वि।,रोगादिलक्षणेनाधीरमनः,,,द्रव्यम्,पृथ्वी,चलसजीवः,मनुष्यः,,,"अधीर,कातर",,
त्रस्त,वि।,भयशाली,,,द्रव्यम्,पृथ्वी,चलसजीवः,मनुष्यः,,,"त्रस्त,भीरु,भीरुक,भीलुक",भयम्,
भीरु,वि।,भयशाली,,,द्रव्यम्,पृथ्वी,चलसजीवः,मनुष्यः,,,"त्रस्त,भीरु,भीरुक,भीलुक",भयम्,
भीरुक,वि।,भयशाली,,,द्रव्यम्,पृथ्वी,चलसजीवः,मनुष्यः,,,"त्रस्त,भीरु,भीरुक,भीलुक",भयम्,
भीलुक,वि।,भयशाली,,,द्रव्यम्,पृथ्वी,चलसजीवः,मनुष्यः,,,"त्रस्त,भीरु,भीरुक,भीलुक",भयम्,
आशंसु,वि।,इष्टार्थप्राप्तीच्छः,,,द्रव्यम्,पृथ्वी,चलसजीवः,मनुष्यः,,,"आशंसु,आशंसितृ",,
आशंसितृ,वि।,इष्टार्थप्राप्तीच्छः,,,द्रव्यम्,पृथ्वी,चलसजीवः,मनुष्यः,,,"आशंसु,आशंसितृ",,
गृहयालु,वि।,ग्रहणशीलः,,,द्रव्यम्,पृथ्वी,चलसजीवः,मनुष्यः,,,"गृहयालु,ग्रहीतृ",,
ग्रहीतृ,वि।,ग्रहणशीलः,,,द्रव्यम्,पृथ्वी,चलसजीवः,मनुष्यः,,,"गृहयालु,ग्रहीतृ",,
श्रद्धालु,वि।,श्रद्धालुः,,,द्रव्यम्,पृथ्वी,चलसजीवः,मनुष्यः,,,श्रद्धालु,,
पतयालु,वि।,पतनशिलः,,,द्रव्यम्,पृथ्वी,चलसजीवः,मनुष्यः,,,"पतयालु,पातुक",,
पातुक,वि।,पतनशिलः,,,द्रव्यम्,पृथ्वी,चलसजीवः,मनुष्यः,,,"पतयालु,पातुक",,
लज्जाशील,वि।,लज्जाशीलः,,,द्रव्यम्,पृथ्वी,चलसजीवः,मनुष्यः,,,"लज्जाशील,अपत्रपिष्णु",लज्जा,
अपत्रपिष्णु,वि।,लज्जाशीलः,,,द्रव्यम्,पृथ्वी,चलसजीवः,मनुष्यः,,,"लज्जाशील,अपत्रपिष्णु",लज्जा,
वन्दारु,वि।,वन्दनशीलः,,,द्रव्यम्,पृथ्वी,चलसजीवः,मनुष्यः,,,"वन्दारु,अभिवादक",,
अभिवादक,वि।,वन्दनशीलः,,,द्रव्यम्,पृथ्वी,चलसजीवः,मनुष्यः,,,"वन्दारु,अभिवादक",,
शरारु,वि।,हिंसाशीलः,,,द्रव्यम्,पृथ्वी,चलसजीवः,मनुष्यः,,,"शरारु,घातुक,हिंस्र,बीभत्स",हिंसा,
घातुक,वि।,हिंसाशीलः,,,द्रव्यम्,पृथ्वी,चलसजीवः,मनुष्यः,,,"शरारु,घातुक,हिंस्र,बीभत्स",हिंसा,
हिंस्र,वि।,हिंसाशीलः,,,द्रव्यम्,पृथ्वी,चलसजीवः,मनुष्यः,,,"शरारु,घातुक,हिंस्र,बीभत्स",हिंसा,
वर्धिष्णु,वि।,वर्धनशीलः,,,द्रव्यम्,पृथ्वी,चलसजीवः,मनुष्यः,,,"वर्धिष्णु,वर्धन",,
वर्धन,वि।,वर्धनशीलः,,,द्रव्यम्,पृथ्वी,चलसजीवः,मनुष्यः,,,"वर्धिष्णु,वर्धन",,
उत्पतिष्णु,वि।,ऊर्ध्वपतनशीलः,,,द्रव्यम्,पृथ्वी,चलसजीवः,मनुष्यः,,,"उत्पतिष्णु,उत्पतितृ",,
उत्पतितृ,वि।,ऊर्ध्वपतनशीलः,,,द्रव्यम्,पृथ्वी,चलसजीवः,मनुष्यः,,,"उत्पतिष्णु,उत्पतितृ",,
अलङ्करिष्णु,वि।,अलङ्करणशीलः,,,क्रिया,,,,,,"अलङ्कर्तृ,अलङ्करिष्णु,अलङ्करिष्णु,मण्डन",भूषणक्रिया,
मण्डन,वि।,अलङ्करणशीलः,,,क्रिया,,,,,,"अलङ्कर्तृ,अलङ्करिष्णु,अलङ्करिष्णु,मण्डन",भूषणक्रिया,
भूष्णु,वि।,भवनशीलः,,,द्रव्यम्,पृथ्वी,चलसजीवः,मनुष्यः,,,"भूष्णु,भविष्णु,भवितृ",,
भविष्णु,वि।,भवनशीलः,,,द्रव्यम्,पृथ्वी,चलसजीवः,मनुष्यः,,,"भूष्णु,भविष्णु,भवितृ",,
भवितृ,वि।,भवनशीलः,,,द्रव्यम्,पृथ्वी,चलसजीवः,मनुष्यः,,,"भूष्णु,भविष्णु,भवितृ",,
वर्तिष्णु,वि।,वर्तनशीलः,,,द्रव्यम्,पृथ्वी,चलसजीवः,मनुष्यः,,,"वर्तिष्णु,वर्तन",,
वर्तन,वि।,वर्तनशीलः,,,द्रव्यम्,पृथ्वी,चलसजीवः,मनुष्यः,,,"वर्तिष्णु,वर्तन",,
निराकरिष्णु,वि।,निराकरणशीलः,,,द्रव्यम्,पृथ्वी,चलसजीवः,मनुष्यः,,,"निराकरिष्णु,क्षिप्नु",निराकरणम्,
क्षिप्नु,वि।,निराकरणशीलः,,,द्रव्यम्,पृथ्वी,चलसजीवः,मनुष्यः,,,"निराकरिष्णु,क्षिप्नु",निराकरणम्,
सान्द्रस्निग्ध,वि।,निबिडस्निग्धः,,,द्रव्यम्,पृथ्वी,चलसजीवः,मनुष्यः,,,"सान्द्रस्निग्ध,मेदुर",,
मेदुर,वि।,निबिडस्निग्धः,,,द्रव्यम्,पृथ्वी,चलसजीवः,मनुष्यः,,,"सान्द्रस्निग्ध,मेदुर",,
ज्ञातृ,वि।,ज्ञानशीलः,,,द्रव्यम्,पृथ्वी,चलसजीवः,मनुष्यः,,,"ज्ञातृ,विदुर,विन्दु,दृश्",ज्ञानम्,
विदुर,वि।,ज्ञानशीलः,,,द्रव्यम्,पृथ्वी,चलसजीवः,मनुष्यः,,,"ज्ञातृ,विदुर,विन्दु,दृश्",ज्ञानम्,
विन्दु,वि।,ज्ञानशीलः,,,द्रव्यम्,पृथ्वी,चलसजीवः,मनुष्यः,,,"ज्ञातृ,विदुर,विन्दु,दृश्",ज्ञानम्,
विकासिन्,वि।,विकसनशीलः,,,द्रव्यम्,पृथ्वी,चलसजीवः,मनुष्यः,,,"विकासिन्,विकस्वर",,
विकस्वर,वि।,विकसनशीलः,,,द्रव्यम्,पृथ्वी,चलसजीवः,मनुष्यः,,,"विकासिन्,विकस्वर",,
विसृत्वर,वि।,व्यापकशीलः,,,द्रव्यम्,पृथ्वी,चलसजीवः,मनुष्यः,,,"विसृत्वर,विसृमर,प्रसारिन्,विसारिन्",,
विसृमर,वि।,व्यापकशीलः,,,द्रव्यम्,पृथ्वी,चलसजीवः,मनुष्यः,,,"विसृत्वर,विसृमर,प्रसारिन्,विसारिन्",,
प्रसारिन्,वि।,व्यापकशीलः,,,द्रव्यम्,पृथ्वी,चलसजीवः,मनुष्यः,,,"विसृत्वर,विसृमर,प्रसारिन्,विसारिन्",,
विसारिन्,वि।,व्यापकशीलः,,,द्रव्यम्,पृथ्वी,चलसजीवः,मनुष्यः,,,"विसृत्वर,विसृमर,प्रसारिन्,विसारिन्",,
सहिष्णु,वि।,सहनशीलः,,,द्रव्यम्,पृथ्वी,चलसजीवः,मनुष्यः,,,"सहिष्णु,सहन,क्षन्तृ,तितिक्षु,क्षमितृ,क्षमिन्",,
सहन,वि।,सहनशीलः,,,द्रव्यम्,पृथ्वी,चलसजीवः,मनुष्यः,,,"सहिष्णु,सहन,क्षन्तृ,तितिक्षु,क्षमितृ,क्षमिन्",,
क्षन्तृ,वि।,सहनशीलः,,,द्रव्यम्,पृथ्वी,चलसजीवः,मनुष्यः,,,"सहिष्णु,सहन,क्षन्तृ,तितिक्षु,क्षमितृ,क्षमिन्",,
तितिक्षु,वि।,सहनशीलः,,,द्रव्यम्,पृथ्वी,चलसजीवः,मनुष्यः,,,"सहिष्णु,सहन,क्षन्तृ,तितिक्षु,क्षमितृ,क्षमिन्",,
क्षमितृ,वि।,सहनशीलः,,,द्रव्यम्,पृथ्वी,चलसजीवः,मनुष्यः,,,"सहिष्णु,सहन,क्षन्तृ,तितिक्षु,क्षमितृ,क्षमिन्",,
क्षमिन्,वि।,सहनशीलः,,,द्रव्यम्,पृथ्वी,चलसजीवः,मनुष्यः,,,"सहिष्णु,सहन,क्षन्तृ,तितिक्षु,क्षमितृ,क्षमिन्",,
क्रोधन,वि।,क्रोधशीलः,,,द्रव्यम्,पृथ्वी,चलसजीवः,मनुष्यः,,,"क्रोधन,अमर्षण,कोपिन्",,अतिक्रोधशीलः
अमर्षण,वि।,क्रोधशीलः,,,द्रव्यम्,पृथ्वी,चलसजीवः,मनुष्यः,,,"क्रोधन,अमर्षण,कोपिन्",,अतिक्रोधशीलः
कोपिन्,वि।,क्रोधशीलः,,,द्रव्यम्,पृथ्वी,चलसजीवः,मनुष्यः,,,"क्रोधन,अमर्षण,कोपिन्",,अतिक्रोधशीलः
चण्ड,वि।,अतिक्रोधशीलः,,,द्रव्यम्,पृथ्वी,चलसजीवः,मनुष्यः,,,"चण्ड,अत्यन्तकोपन",,
अत्यन्तकोपन,वि।,अतिक्रोधशीलः,,,द्रव्यम्,पृथ्वी,चलसजीवः,मनुष्यः,,,"चण्ड,अत्यन्तकोपन",,
जागरूक,वि।,जागरूकः,,,द्रव्यम्,पृथ्वी,चलसजीवः,मनुष्यः,,,"जागरूक,जागरितृ",जागरणम्,
जागरितृ,वि।,जागरूकः,,,द्रव्यम्,पृथ्वी,चलसजीवः,मनुष्यः,,,"जागरूक,जागरितृ",जागरणम्,
घूर्णित,वि।,सञ्जातघूर्णः,,,द्रव्यम्,पृथ्वी,चलसजीवः,मनुष्यः,,,"घूर्णित,प्रचलायित",,
प्रचलायित,वि।,सञ्जातघूर्णः,,,द्रव्यम्,पृथ्वी,चलसजीवः,मनुष्यः,,,"घूर्णित,प्रचलायित",,
स्वप्नज्,वि।,निद्राशीलः,,,द्रव्यम्,पृथ्वी,चलसजीवः,मनुष्यः,,,"स्वप्नज्,शयालु,निद्रालु",निद्रा,
शयालु,वि।,निद्राशीलः,,,द्रव्यम्,पृथ्वी,चलसजीवः,मनुष्यः,,,"स्वप्नज्,शयालु,निद्रालु",निद्रा,
निद्रालु,वि।,निद्राशीलः,,,द्रव्यम्,पृथ्वी,चलसजीवः,मनुष्यः,,,"स्वप्नज्,शयालु,निद्रालु",निद्रा,
निद्राण,वि।,निद्रां_प्राप्तः,,,द्रव्यम्,पृथ्वी,चलसजीवः,मनुष्यः,,,"निद्राण,शयित",,निद्राशीलः
शयित,वि।,निद्रां_प्राप्तः,,,द्रव्यम्,पृथ्वी,चलसजीवः,मनुष्यः,,,"निद्राण,शयित",,निद्राशीलः
पराङ्मुख,वि।,विमुखः,,,द्रव्यम्,पृथ्वी,चलसजीवः,मनुष्यः,,,"पराङ्मुख,पराचीन",,
पराचीन,वि।,विमुखः,,,द्रव्यम्,पृथ्वी,चलसजीवः,मनुष्यः,,,"पराङ्मुख,पराचीन",,
अवाञ्च्,वि।,अधोमुखः,,,द्रव्यम्,पृथ्वी,चलसजीवः,मनुष्यः,,,"अवाञ्च्,अधोमुख,अवाग्र,अवनत,आनत",,
अधोमुख,वि।,अधोमुखः,,,द्रव्यम्,पृथ्वी,चलसजीवः,मनुष्यः,,,"अवाञ्च्,अधोमुख,अवाग्र,अवनत,आनत",,
देवद्र्यञ्च्,वि।,देवानुवर्तिः,,,द्रव्यम्,पृथ्वी,चलसजीवः,मनुष्यः,,,देवद्र्यञ्च्,,
विष्वद्र्यञ्च्,वि।,सर्वतो_गच्छः,,,द्रव्यम्,पृथ्वी,चलसजीवः,मनुष्यः,,,विष्वद्र्यञ्च्,,
सध्र्यञ्च्,वि।,सहचरितः,,,द्रव्यम्,पृथ्वी,चलसजीवः,मनुष्यः,,,सध्र्यञ्च्,,
तिर्यञ्च्,वि।,वक्रं_गच्छः,,,द्रव्यम्,पृथ्वी,चलसजीवः,मनुष्यः,,,तिर्यञ्च्,,
वद,वि।,वक्ता,,,द्रव्यम्,पृथ्वी,चलसजीवः,मनुष्यः,,,"वद,वदावद,वक्तृ",,"वाग्मी,बहुभाषी,अप्रियवादिः,प्रियवादिः,अस्पष्टभाषिः,दुर्भाषिः,कुकथनशीलः"
वदावद,वि।,वक्ता,,,द्रव्यम्,पृथ्वी,चलसजीवः,मनुष्यः,,,"वद,वदावद,वक्तृ",,"वाग्मी,बहुभाषी,अप्रियवादिः,प्रियवादिः,अस्पष्टभाषिः,दुर्भाषिः,कुकथनशीलः"
वक्तृ,पुं।,वक्ता,,,द्रव्यम्,पृथ्वी,चलसजीवः,मनुष्यः,,,"वद,वदावद,वक्तृ",,"वाग्मी,बहुभाषी,अप्रियवादिः,प्रियवादिः,अस्पष्टभाषिः,दुर्भाषिः,कुकथनशीलः"
वागीश,पुं।,पटुवचनम्,,,गुणः,शब्दः,,,,,"वागीश,वाक्पति",,
वाक्पति,नपुं।,पटुवचनम्,,,गुणः,शब्दः,,,,,"वागीश,वाक्पति",,
वाचोयुक्तिपटु,वि।,वाग्मी,,,द्रव्यम्,पृथ्वी,चलसजीवः,मनुष्यः,,,"वाचोयुक्तिपटु,वाग्मिन्,वावदूक,अतिवक्तृ",,
वाग्मिन्,पुं।,वाग्मी,,,द्रव्यम्,पृथ्वी,चलसजीवः,मनुष्यः,,,"वाचोयुक्तिपटु,वाग्मिन्,वावदूक,अतिवक्तृ",,
वावदूक,वि।,वाग्मी,,,द्रव्यम्,पृथ्वी,चलसजीवः,मनुष्यः,,,"वाचोयुक्तिपटु,वाग्मिन्,वावदूक,अतिवक्तृ",,
अतिवक्तृ,वि।,वाग्मी,,,द्रव्यम्,पृथ्वी,चलसजीवः,मनुष्यः,,,"वाचोयुक्तिपटु,वाग्मिन्,वावदूक,अतिवक्तृ",,
जल्पाक,वि।,बहुभाषी,,,द्रव्यम्,पृथ्वी,चलसजीवः,मनुष्यः,,,"जल्पाक,वाचाल,वाचाट,बहुगर्ह्यवाच्",,
वाचाल,वि।,बहुभाषी,,,द्रव्यम्,पृथ्वी,चलसजीवः,मनुष्यः,,,"जल्पाक,वाचाल,वाचाट,बहुगर्ह्यवाच्",,
वाचाट,वि।,बहुभाषी,,,द्रव्यम्,पृथ्वी,चलसजीवः,मनुष्यः,,,"जल्पाक,वाचाल,वाचाट,बहुगर्ह्यवाच्",,
बहुगर्ह्यवाच्,वि।,बहुभाषी,,,द्रव्यम्,पृथ्वी,चलसजीवः,मनुष्यः,,,"जल्पाक,वाचाल,वाचाट,बहुगर्ह्यवाच्",,
दुर्मुख,वि।,अप्रियवादिः,,,द्रव्यम्,पृथ्वी,चलसजीवः,मनुष्यः,,,"दुर्मुख,मुखर,अबद्धमुख",,
मुखर,वि।,अप्रियवादिः,,,द्रव्यम्,पृथ्वी,चलसजीवः,मनुष्यः,,,"दुर्मुख,मुखर,अबद्धमुख",,
अबद्धमुख,वि।,अप्रियवादिः,,,द्रव्यम्,पृथ्वी,चलसजीवः,मनुष्यः,,,"दुर्मुख,मुखर,अबद्धमुख",,
शक्ल,वि।,प्रियवादिः,,,द्रव्यम्,पृथ्वी,चलसजीवः,मनुष्यः,,,"शक्ल,प्रियंवद",,
प्रियंवद,वि।,प्रियवादिः,,,द्रव्यम्,पृथ्वी,चलसजीवः,मनुष्यः,,,"शक्ल,प्रियंवद",,
लोहल,वि।,अस्पष्टभाषिः,,,द्रव्यम्,पृथ्वी,चलसजीवः,मनुष्यः,,,"लोहल,अस्फुटवाच्",,
अस्फुटवाच्,वि।,अस्पष्टभाषिः,,,द्रव्यम्,पृथ्वी,चलसजीवः,मनुष्यः,,,"लोहल,अस्फुटवाच्",,
गर्ह्यवादिन्,वि।,दुर्भाषिः,,,द्रव्यम्,पृथ्वी,चलसजीवः,मनुष्यः,,,"गर्ह्यवादिन्,कद्वद",,
कद्वद,वि।,दुर्भाषिः,,,द्रव्यम्,पृथ्वी,चलसजीवः,मनुष्यः,,,"गर्ह्यवादिन्,कद्वद",,
कुवाद,वि।,कुकथनशीलः,,,द्रव्यम्,पृथ्वी,चलसजीवः,मनुष्यः,,,"कुवाद,कुचर",,
कुचर,वि।,कुकथनशीलः,,,द्रव्यम्,पृथ्वी,चलसजीवः,मनुष्यः,,,"कुवाद,कुचर",,
असौम्यस्वर,वि।,काकादिवद्रूक्षस्वरः,,,गुणः,शब्दः,,,,,"असौम्यस्वर,अस्वर",,
अस्वर,वि।,काकादिवद्रूक्षस्वरः,,,गुणः,शब्दः,,,,,"असौम्यस्वर,अस्वर",,
रवण,वि।,शब्दकरणशीलः,,,द्रव्यम्,पृथ्वी,चलसजीवः,मनुष्यः,,,"रवण,शब्दन",,
शब्दन,वि।,शब्दकरणशीलः,,,द्रव्यम्,पृथ्वी,चलसजीवः,मनुष्यः,,,"रवण,शब्दन",,
नान्दीवादिन्,वि।,स्तुतिविशेषवादिः,,,द्रव्यम्,पृथ्वी,चलसजीवः,मनुष्यः,,,"नान्दीवादिन्,नान्दीकर",,
नान्दीकर,वि।,स्तुतिविशेषवादिः,,,द्रव्यम्,पृथ्वी,चलसजीवः,मनुष्यः,,,"नान्दीवादिन्,नान्दीकर",,
जड,वि।,मूढमतिः,,,द्रव्यम्,पृथ्वी,चलसजीवः,मनुष्यः,,,"जड,अज्ञ",,
अज्ञ,वि।,मूढमतिः,,,द्रव्यम्,पृथ्वी,चलसजीवः,मनुष्यः,,,"जड,अज्ञ",,
एडमूक,वि।,वक्तुं_श्रोतुमशिक्षितः,,,द्रव्यम्,पृथ्वी,चलसजीवः,मनुष्यः,,,एडमूक,,
तूष्णींशील,वि।,मौनशीलः,,,द्रव्यम्,पृथ्वी,चलसजीवः,मनुष्यः,,,"तूष्णींशील,तूष्णीक",,
तूष्णीक,वि।,मौनशीलः,,,द्रव्यम्,पृथ्वी,चलसजीवः,मनुष्यः,,,"तूष्णींशील,तूष्णीक",,
नग्न,वि।,नग्नः,,,द्रव्यम्,पृथ्वी,चलसजीवः,मनुष्यः,,,"नग्न,अवासस्,दिगम्बर",,
अवासस्,वि।,नग्नः,,,द्रव्यम्,पृथ्वी,चलसजीवः,मनुष्यः,,,"नग्न,अवासस्,दिगम्बर",,
दिगम्बर,वि।,नग्नः,,,द्रव्यम्,पृथ्वी,चलसजीवः,मनुष्यः,,,"नग्न,अवासस्,दिगम्बर",,
निष्कासित,वि।,निष्कासितः,,,द्रव्यम्,पृथ्वी,चलसजीवः,मनुष्यः,,,"निष्कासित,अवकृष्ट",,
अवकृष्ट,वि।,निष्कासितः,,,द्रव्यम्,पृथ्वी,चलसजीवः,मनुष्यः,,,"निष्कासित,अवकृष्ट",,
अपध्वस्त,वि।,धिक्कृतः,,,द्रव्यम्,पृथ्वी,चलसजीवः,मनुष्यः,,,"अपध्वस्त,धिक्कृत",,
धिक्कृत,वि।,धिक्कृतः,,,द्रव्यम्,पृथ्वी,चलसजीवः,मनुष्यः,,,"अपध्वस्त,धिक्कृत",,
आत्तगर्व,वि।,गर्वारूढः,,,द्रव्यम्,पृथ्वी,चलसजीवः,मनुष्यः,,,"आत्तगर्व,अभिभूत",,
अभिभूत,वि।,गर्वारूढः,,,द्रव्यम्,पृथ्वी,चलसजीवः,मनुष्यः,,,"आत्तगर्व,अभिभूत",,
दापित,वि।,दापितः,,,द्रव्यम्,पृथ्वी,चलसजीवः,मनुष्यः,,,"दापित,साधित",,
साधित,वि।,दापितः,,,द्रव्यम्,पृथ्वी,चलसजीवः,मनुष्यः,,,"दापित,साधित",,
प्रत्यादिष्ट,वि।,निराकृतः,,,द्रव्यम्,पृथ्वी,चलसजीवः,मनुष्यः,,,"प्रत्यादिष्ट,निरस्त,प्रत्याख्यात,निराकृत",,
निरस्त,वि।,निराकृतः,,,द्रव्यम्,पृथ्वी,चलसजीवः,मनुष्यः,,,"प्रत्यादिष्ट,निरस्त,प्रत्याख्यात,निराकृत",,
प्रत्याख्यात,वि।,निराकृतः,,,द्रव्यम्,पृथ्वी,चलसजीवः,मनुष्यः,,,"प्रत्यादिष्ट,निरस्त,प्रत्याख्यात,निराकृत",,
निराकृत,वि।,निराकृतः,,,द्रव्यम्,पृथ्वी,चलसजीवः,मनुष्यः,,,"प्रत्यादिष्ट,निरस्त,प्रत्याख्यात,निराकृत",,
निकृत,वि।,तिरस्कृतः,,,द्रव्यम्,पृथ्वी,चलसजीवः,मनुष्यः,,,"निकृत,विप्रकृत",,
विप्रकृत,वि।,तिरस्कृतः,,,द्रव्यम्,पृथ्वी,चलसजीवः,मनुष्यः,,,"निकृत,विप्रकृत",,
विप्रलब्ध,वि।,वञ्चितः,,,द्रव्यम्,पृथ्वी,चलसजीवः,मनुष्यः,,,"विप्रलब्ध,वञ्चित",,
वञ्चित,वि।,वञ्चितः,,,द्रव्यम्,पृथ्वी,चलसजीवः,मनुष्यः,,,"विप्रलब्ध,वञ्चित",,
मनोहत,वि।,कृतमनोभङ्गः,,,द्रव्यम्,पृथ्वी,चलसजीवः,मनुष्यः,,,"मनोहत,प्रतिहत,प्रतिबद्ध,हत",,
प्रतिहत,वि।,कृतमनोभङ्गः,,,द्रव्यम्,पृथ्वी,चलसजीवः,मनुष्यः,,,"मनोहत,प्रतिहत,प्रतिबद्ध,हत",,
प्रतिबद्ध,वि।,कृतमनोभङ्गः,,,द्रव्यम्,पृथ्वी,चलसजीवः,मनुष्यः,,,"मनोहत,प्रतिहत,प्रतिबद्ध,हत",,
हत,वि।,कृतमनोभङ्गः,,,द्रव्यम्,पृथ्वी,चलसजीवः,मनुष्यः,,,"मनोहत,प्रतिहत,प्रतिबद्ध,हत",,
अधिक्षिप्त,वि।,कृताक्षेपः,,,द्रव्यम्,पृथ्वी,चलसजीवः,मनुष्यः,,,"अधिक्षिप्त,प्रतिक्षिप्त",,
प्रतिक्षिप्त,वि।,कृताक्षेपः,,,द्रव्यम्,पृथ्वी,चलसजीवः,मनुष्यः,,,"अधिक्षिप्त,प्रतिक्षिप्त",,
बद्ध,वि।,बद्धः,,,द्रव्यम्,पृथ्वी,चलसजीवः,मनुष्यः,,,"बद्ध,कीलित,संयत,बद्ध,सम्दनित,मूत,उद्दित,सम्दित,सित",,
कीलित,वि।,बद्धः,,,द्रव्यम्,पृथ्वी,चलसजीवः,मनुष्यः,,,"बद्ध,कीलित,संयत,बद्ध,सम्दनित,मूत,उद्दित,सम्दित,सित",,
संयत,वि।,बद्धः,,,द्रव्यम्,पृथ्वी,चलसजीवः,मनुष्यः,,,"बद्ध,कीलित,संयत,बद्ध,सम्दनित,मूत,उद्दित,सम्दित,सित",,
आपन्न,वि।,आपद्ग्रस्तः,,,द्रव्यम्,पृथ्वी,चलसजीवः,मनुष्यः,,,"आपन्न,आपत्प्राप्त",,
आपत्प्राप्त,वि।,आपद्ग्रस्तः,,,द्रव्यम्,पृथ्वी,चलसजीवः,मनुष्यः,,,"आपन्न,आपत्प्राप्त",,
कान्दिशीक,वि।,भयेन_पलायितः,,,द्रव्यम्,पृथ्वी,चलसजीवः,मनुष्यः,,,"कान्दिशीक,भयद्रुत",,
भयद्रुत,वि।,भयेन_पलायितः,,,द्रव्यम्,पृथ्वी,चलसजीवः,मनुष्यः,,,"कान्दिशीक,भयद्रुत",,
आक्षारित,वि।,मैथुननिमित्तं_मिथ्यादूषितः,,,द्रव्यम्,पृथ्वी,चलसजीवः,मनुष्यः,,,"आक्षारित,क्षारित,अभिशस्त",,
क्षारित,वि।,मैथुननिमित्तं_मिथ्यादूषितः,,,द्रव्यम्,पृथ्वी,चलसजीवः,मनुष्यः,,,"आक्षारित,क्षारित,अभिशस्त",,
अभिशस्त,वि।,मैथुननिमित्तं_मिथ्यादूषितः,,,द्रव्यम्,पृथ्वी,चलसजीवः,मनुष्यः,,,"आक्षारित,क्षारित,अभिशस्त",,
सङ्कसुक,वि।,चलस्वभावः,,,गुणः,मानसिकभावः,,,,,"सङ्कसुक,अस्थिर",,
अस्थिर,वि।,चलस्वभावः,,,गुणः,मानसिकभावः,,,,,"सङ्कसुक,अस्थिर",,
व्यसनार्त,वि।,आद्ध्यात्मिकादिपीडायुक्तः,,,द्रव्यम्,पृथ्वी,चलसजीवः,मनुष्यः,,,"व्यसनार्त,उपरक्त",,
उपरक्त,वि।,आद्ध्यात्मिकादिपीडायुक्तः,,,द्रव्यम्,पृथ्वी,चलसजीवः,मनुष्यः,,,"व्यसनार्त,उपरक्त",,
विहस्त,वि।,शोकादिभिरितिकर्तव्यताशून्यः,,,द्रव्यम्,पृथ्वी,चलसजीवः,मनुष्यः,,,"विहस्त,व्याकुल",,
व्याकुल,वि।,शोकादिभिरितिकर्तव्यताशून्यः,,,द्रव्यम्,पृथ्वी,चलसजीवः,मनुष्यः,,,"विहस्त,व्याकुल",,
विक्लव,वि।,स्वाङ्गान्येवधारयितुमशक्तः,,,द्रव्यम्,पृथ्वी,चलसजीवः,मनुष्यः,,,"विक्लव,विह्वल",,
विह्वल,वि।,स्वाङ्गान्येवधारयितुमशक्तः,,,द्रव्यम्,पृथ्वी,चलसजीवः,मनुष्यः,,,"विक्लव,विह्वल",,
विवश,वि।,आसन्नमरणलक्षणेन_दूषितमतिः,,,द्रव्यम्,पृथ्वी,चलसजीवः,मनुष्यः,,,"विवश,अरिष्टदुष्टधी",,
अरिष्टदुष्टधी,वि।,आसन्नमरणलक्षणेन_दूषितमतिः,,,द्रव्यम्,पृथ्वी,चलसजीवः,मनुष्यः,,,"विवश,अरिष्टदुष्टधी",,
कश्य,वि।,ताडनार्हः,,,द्रव्यम्,पृथ्वी,चलसजीवः,मनुष्यः,,,"कश्य,कश्यार्ह",,
कश्यार्ह,वि।,ताडनार्हः,,,द्रव्यम्,पृथ्वी,चलसजीवः,मनुष्यः,,,"कश्य,कश्यार्ह",,
आततायिन्,वि।,वधोद्यतः,,,द्रव्यम्,पृथ्वी,चलसजीवः,मनुष्यः,,,आततायिन्,,
द्वेष्य,वि।,द्वेषार्हः,,,द्रव्यम्,पृथ्वी,चलसजीवः,मनुष्यः,,,"द्वेष्य,अक्षिगत",,
अक्षिगत,वि।,द्वेषार्हः,,,द्रव्यम्,पृथ्वी,चलसजीवः,मनुष्यः,,,"द्वेष्य,अक्षिगत",,
वध्य,वि।,शिरच्छेदार्हः,,,द्रव्यम्,पृथ्वी,चलसजीवः,मनुष्यः,,,"वध्य,शीर्षछेद्य",,
शीर्षछेद्य,वि।,शिरच्छेदार्हः,,,द्रव्यम्,पृथ्वी,चलसजीवः,मनुष्यः,,,"वध्य,शीर्षछेद्य",,
विष्य,वि।,विषेण_वध्यः,,,द्रव्यम्,पृथ्वी,चलसजीवः,मनुष्यः,,,विष्य,,
मुसल्य,वि।,मुसलेन_वध्यः,,,द्रव्यम्,पृथ्वी,चलसजीवः,मनुष्यः,,,मुसल्य,,
शिश्विदान,वि।,पुण्यकर्मः,,,क्रिया,,,,,,"शिश्विदान,अकृष्णकर्मन्",,
अकृष्णकर्मन्,वि।,पुण्यकर्मः,,,क्रिया,,,,,,"शिश्विदान,अकृष्णकर्मन्",,
चपल,वि।,दोषमनिश्चित्य_वधादिकमाचरः,,,द्रव्यम्,पृथ्वी,चलसजीवः,मनुष्यः,,,"चपल,चिकुर",,
चिकुर,वि।,दोषमनिश्चित्य_वधादिकमाचरः,,,द्रव्यम्,पृथ्वी,चलसजीवः,मनुष्यः,,,"चपल,चिकुर",,
दोषैकदृश्,वि।,दोषैकग्राहकः,,,द्रव्यम्,पृथ्वी,चलसजीवः,मनुष्यः,,,"दोषैकदृश्,पुरोभागिन्",,
पुरोभागिन्,वि।,दोषैकग्राहकः,,,द्रव्यम्,पृथ्वी,चलसजीवः,मनुष्यः,,,"दोषैकदृश्,पुरोभागिन्",,
निकृत,वि।,वक्राशयः,,,द्रव्यम्,पृथ्वी,चलसजीवः,मनुष्यः,,,"निकृत,अनृजु,शठ,व्याल",,
अनृजु,वि।,वक्राशयः,,,द्रव्यम्,पृथ्वी,चलसजीवः,मनुष्यः,,,"निकृत,अनृजु,शठ,व्याल",,
शठ,वि।,वक्राशयः,,,द्रव्यम्,पृथ्वी,चलसजीवः,मनुष्यः,,,"निकृत,अनृजु,शठ,व्याल",,
कर्णेजप,वि।,कर्णेजपः,,,द्रव्यम्,पृथ्वी,चलसजीवः,मनुष्यः,,,"कर्णेजप,सूचक",,
सूचक,वि।,कर्णेजपः,,,द्रव्यम्,पृथ्वी,चलसजीवः,मनुष्यः,,,"कर्णेजप,सूचक",,
पिशुन,वि।,परस्परभेदनशीलः,,,द्रव्यम्,पृथ्वी,चलसजीवः,मनुष्यः,,,"पिशुन,दुर्जन,खल",,
दुर्जन,वि।,परस्परभेदनशीलः,,,द्रव्यम्,पृथ्वी,चलसजीवः,मनुष्यः,,,"पिशुन,दुर्जन,खल",,
खल,वि।,परस्परभेदनशीलः,,,द्रव्यम्,पृथ्वी,चलसजीवः,मनुष्यः,,,"पिशुन,दुर्जन,खल",,
नृशंस,वि।,परद्रोहकारी,,,द्रव्यम्,पृथ्वी,चलसजीवः,मनुष्यः,,,"नृशंस,घातुक,क्रूर,पाप,क्षुद्र,शार्वर,निस्त्रिंश",,
घातुक,वि।,परद्रोहकारी,,,द्रव्यम्,पृथ्वी,चलसजीवः,मनुष्यः,,,"नृशंस,घातुक,क्रूर,पाप,क्षुद्र,शार्वर,निस्त्रिंश",,
क्रूर,वि।,परद्रोहकारी,,,द्रव्यम्,पृथ्वी,चलसजीवः,मनुष्यः,,,"नृशंस,घातुक,क्रूर,पाप,क्षुद्र,शार्वर,निस्त्रिंश",,
पाप,वि।,परद्रोहकारी,,,द्रव्यम्,पृथ्वी,चलसजीवः,मनुष्यः,,,"नृशंस,घातुक,क्रूर,पाप,क्षुद्र,शार्वर,निस्त्रिंश",,
धूर्त,वि।,परप्रतारकस्वभावः,,,गुणः,मानसिकभावः,,,,,"धूर्त,वञ्चक",,
वञ्चक,वि।,परप्रतारकस्वभावः,,,गुणः,मानसिकभावः,,,,,"धूर्त,वञ्चक",,
अज्ञ,वि।,मूर्खः,,,द्रव्यम्,पृथ्वी,चलसजीवः,मनुष्यः,,,"अज्ञ,मूढ,यथाजात,मूर्ख,वैधेय,बालिश,मूर्छित,मन्द,पृथग्जन,डिम्भ,बाल",,
मूढ,वि।,मूर्खः,,,द्रव्यम्,पृथ्वी,चलसजीवः,मनुष्यः,,,"अज्ञ,मूढ,यथाजात,मूर्ख,वैधेय,बालिश,मूर्छित,मन्द,पृथग्जन,डिम्भ,बाल",,
यथाजात,वि।,मूर्खः,,,द्रव्यम्,पृथ्वी,चलसजीवः,मनुष्यः,,,"अज्ञ,मूढ,यथाजात,मूर्ख,वैधेय,बालिश,मूर्छित,मन्द,पृथग्जन,डिम्भ,बाल",,
मूर्ख,वि।,मूर्खः,,,द्रव्यम्,पृथ्वी,चलसजीवः,मनुष्यः,,,"अज्ञ,मूढ,यथाजात,मूर्ख,वैधेय,बालिश,मूर्छित,मन्द,पृथग्जन,डिम्भ,बाल",,
वैधेय,वि।,मूर्खः,,,द्रव्यम्,पृथ्वी,चलसजीवः,मनुष्यः,,,"अज्ञ,मूढ,यथाजात,मूर्ख,वैधेय,बालिश,मूर्छित,मन्द,पृथग्जन,डिम्भ,बाल",,
बालिश,वि।,मूर्खः,,,द्रव्यम्,पृथ्वी,चलसजीवः,मनुष्यः,,,"अज्ञ,मूढ,यथाजात,मूर्ख,वैधेय,बालिश,मूर्छित,मन्द,पृथग्जन,डिम्भ,बाल",,
कदर्य,वि।,कृपणः,,,द्रव्यम्,पृथ्वी,चलसजीवः,मनुष्यः,,,"कदर्य,कृपण,क्षुद्र,किम्पचान,मितम्पच,मत्सर,कीनाश",,
कृपण,वि।,कृपणः,,,द्रव्यम्,पृथ्वी,चलसजीवः,मनुष्यः,,,"कदर्य,कृपण,क्षुद्र,किम्पचान,मितम्पच,मत्सर,कीनाश",,
क्षुद्र,वि।,कृपणः,,,द्रव्यम्,पृथ्वी,चलसजीवः,मनुष्यः,,,"कदर्य,कृपण,क्षुद्र,किम्पचान,मितम्पच,मत्सर,कीनाश",,
किम्पचान,वि।,कृपणः,,,द्रव्यम्,पृथ्वी,चलसजीवः,मनुष्यः,,,"कदर्य,कृपण,क्षुद्र,किम्पचान,मितम्पच,मत्सर,कीनाश",,
मितम्पच,वि।,कृपणः,,,द्रव्यम्,पृथ्वी,चलसजीवः,मनुष्यः,,,"कदर्य,कृपण,क्षुद्र,किम्पचान,मितम्पच,मत्सर,कीनाश",,
निःस्व,वि।,दरिद्रः,,,द्रव्यम्,पृथ्वी,चलसजीवः,मनुष्यः,,,"निःस्व,दुर्विध,दीन,दरिद्र,दुर्गत",,
दुर्विध,वि।,दरिद्रः,,,द्रव्यम्,पृथ्वी,चलसजीवः,मनुष्यः,,,"निःस्व,दुर्विध,दीन,दरिद्र,दुर्गत",,
दीन,वि।,दरिद्रः,,,द्रव्यम्,पृथ्वी,चलसजीवः,मनुष्यः,,,"निःस्व,दुर्विध,दीन,दरिद्र,दुर्गत",,
दरिद्र,वि।,दरिद्रः,,,द्रव्यम्,पृथ्वी,चलसजीवः,मनुष्यः,,,"निःस्व,दुर्विध,दीन,दरिद्र,दुर्गत",,
दुर्गत,वि।,दरिद्रः,,,द्रव्यम्,पृथ्वी,चलसजीवः,मनुष्यः,,,"निःस्व,दुर्विध,दीन,दरिद्र,दुर्गत",,
वनीयक,वि।,याचकः,,,द्रव्यम्,पृथ्वी,चलसजीवः,मनुष्यः,,,"वनीयक,याचनक,मार्गण,याचक,अर्थिन्","याचनम्,याचनम्",
याचनक,वि।,याचकः,,,द्रव्यम्,पृथ्वी,चलसजीवः,मनुष्यः,,,"वनीयक,याचनक,मार्गण,याचक,अर्थिन्","याचनम्,याचनम्",
मार्गण,वि।,याचकः,,,द्रव्यम्,पृथ्वी,चलसजीवः,मनुष्यः,,,"वनीयक,याचनक,मार्गण,याचक,अर्थिन्","याचनम्,याचनम्",
याचक,वि।,याचकः,,,द्रव्यम्,पृथ्वी,चलसजीवः,मनुष्यः,,,"वनीयक,याचनक,मार्गण,याचक,अर्थिन्","याचनम्,याचनम्",
अर्थिन्,वि।,याचकः,,,द्रव्यम्,पृथ्वी,चलसजीवः,मनुष्यः,,,"वनीयक,याचनक,मार्गण,याचक,अर्थिन्","याचनम्,याचनम्",
अहङ्कारवत्,वि।,साहङ्कारः,,,द्रव्यम्,पृथ्वी,चलसजीवः,मनुष्यः,,,"अहङ्कारवत्,अहंयु",,
अहंयु,वि।,साहङ्कारः,,,द्रव्यम्,पृथ्वी,चलसजीवः,मनुष्यः,,,"अहङ्कारवत्,अहंयु",,
शुभंयु,वि।,शोभनयुक्तः,,,द्रव्यम्,पृथ्वी,चलसजीवः,मनुष्यः,,,"शुभंयु,शुभान्वित",,
शुभान्वित,वि।,शोभनयुक्तः,,,द्रव्यम्,पृथ्वी,चलसजीवः,मनुष्यः,,,"शुभंयु,शुभान्वित",,
दिव्योपपादुक,वि।,देवः,,,द्रव्यम्,आत्मा,देवता,,,,"अमर,निर्जरस्,देव,त्रिदश,विबुध,सुर,सुपर्वन्,सुमनस्,त्रिदिवेश,दिवौकस्,आदितेय,दिविषद्,लेख,अदितिनन्दन,आदित्य,ऋभव,अस्वप्न,अमर्त्य,अमृतान्धस्,बर्हिर्मुख,क्रतुभुज्,गीर्वाण,दानवारि,वृन्दारक,दैवत,देवता,दिव्योपपादुक,विवस्वत्,अनिमिष","स्वर्गः,देवरथः,देवर्षिः,देवसभा,अमृतम्,देवगङ्गा,देववृक्षः,अप्सरस्,घृताचीनामाप्सरा,मेनकानामाप्सरा,रम्भानामाप्सरा,उर्वशीनामाप्सरा,तिलोत्तमानामाप्सरा,सुकेशीनामाप्सरा,मञ्जुघोषानामाप्सरा,हाहानामदेवगायकः,हूहूनामदेवगायकः,देवगायकः","ब्रह्मा,विष्णुः,कामदेवः,शिवः,गणेशः,कार्तिकेयः,इन्द्रः,अश्विनीकुमारौ,अग्निः,यमः,वरुणः,वायुः,कुबेरः,पूर्वदिशायाः_स्वामी,आग्नेयदिशायाः_स्वामी,दक्षिणदिशायाः_स्वामी,नैरृत्यदिशायाः_स्वामी,पश्चिमदिशायाः_स्वामी,वायव्यदिशायाः_स्वामी,उत्तरदिशायाः_स्वामी,ईशानदिशायाः_स्वामी,इष्टार्थोद्यमः,वायुदेवः,मनोनिग्रहः"
जरायुज,वि।,नरमृगाद्याः,,,द्रव्यम्,पृथ्वी,चलसजीवः,मनुष्येतरः,जन्तुः,स्तनपायी,जरायुज,,
स्वेदज,वि।,कृमिदंशाद्याः,,,द्रव्यम्,पृथ्वी,चलसजीवः,मनुष्येतरः,जन्तुः,कीटः,स्वेदज,,
अण्डज,वि।,पक्षिसर्पाद्याः,,,द्रव्यम्,पृथ्वी,चलसजीवः,मनुष्येतरः,जन्तुः,,"अण्डज,द्विज",,
उद्भिद्,वि।,उद्भिद्,,,द्रव्यम्,पृथ्वी,अचलसजीवः,अचलसजीववस्तु,,,"उद्भिद्,उद्भिज्ज,उद्भिज",,
उद्भिद्,वि।,तरुगुल्माद्याः,,,द्रव्यम्,पृथ्वी,अचलसजीवः,अचलसजीववस्तु,,,उद्भिद्,,
उद्भिज्ज,वि।,उद्भिद्,,,द्रव्यम्,पृथ्वी,अचलसजीवः,अचलसजीववस्तु,,,"उद्भिद्,उद्भिज्ज,उद्भिज",,
उद्भिज,वि।,उद्भिद्,,,द्रव्यम्,पृथ्वी,अचलसजीवः,अचलसजीववस्तु,,,"उद्भिद्,उद्भिज्ज,उद्भिज",,
सुन्दर,वि।,मनोरमम्,,,द्रव्यम्,,,,,,"सुन्दर,रुचिर,चारु,सुषम,साधु,शोभन,कान्त,मनोरम,रुच्य,मनोज्ञ,मञ्जु,मञ्जुल,प्राप्तरूप,स्वरूप,अभिरूप,राम,पुण्य",,
रुचिर,वि।,मनोरमम्,,,द्रव्यम्,,,,,,"सुन्दर,रुचिर,चारु,सुषम,साधु,शोभन,कान्त,मनोरम,रुच्य,मनोज्ञ,मञ्जु,मञ्जुल,प्राप्तरूप,स्वरूप,अभिरूप,राम,पुण्य",,
चारु,वि।,मनोरमम्,,,द्रव्यम्,,,,,,"सुन्दर,रुचिर,चारु,सुषम,साधु,शोभन,कान्त,मनोरम,रुच्य,मनोज्ञ,मञ्जु,मञ्जुल,प्राप्तरूप,स्वरूप,अभिरूप,राम,पुण्य",,
सुषम,वि।,मनोरमम्,,,द्रव्यम्,,,,,,"सुन्दर,रुचिर,चारु,सुषम,साधु,शोभन,कान्त,मनोरम,रुच्य,मनोज्ञ,मञ्जु,मञ्जुल,प्राप्तरूप,स्वरूप,अभिरूप,राम,पुण्य",,
साधु,वि।,मनोरमम्,,,द्रव्यम्,,,,,,"सुन्दर,रुचिर,चारु,सुषम,साधु,शोभन,कान्त,मनोरम,रुच्य,मनोज्ञ,मञ्जु,मञ्जुल,प्राप्तरूप,स्वरूप,अभिरूप,राम,पुण्य",,
शोभन,वि।,मनोरमम्,,,द्रव्यम्,,,,,,"सुन्दर,रुचिर,चारु,सुषम,साधु,शोभन,कान्त,मनोरम,रुच्य,मनोज्ञ,मञ्जु,मञ्जुल,प्राप्तरूप,स्वरूप,अभिरूप,राम,पुण्य",,
कान्त,वि।,मनोरमम्,,,द्रव्यम्,,,,,,"सुन्दर,रुचिर,चारु,सुषम,साधु,शोभन,कान्त,मनोरम,रुच्य,मनोज्ञ,मञ्जु,मञ्जुल,प्राप्तरूप,स्वरूप,अभिरूप,राम,पुण्य",,
मनोरम,वि।,मनोरमम्,,,द्रव्यम्,,,,,,"सुन्दर,रुचिर,चारु,सुषम,साधु,शोभन,कान्त,मनोरम,रुच्य,मनोज्ञ,मञ्जु,मञ्जुल,प्राप्तरूप,स्वरूप,अभिरूप,राम,पुण्य",,
रुच्य,वि।,मनोरमम्,,,द्रव्यम्,,,,,,"सुन्दर,रुचिर,चारु,सुषम,साधु,शोभन,कान्त,मनोरम,रुच्य,मनोज्ञ,मञ्जु,मञ्जुल,प्राप्तरूप,स्वरूप,अभिरूप,राम,पुण्य",,
मनोज्ञ,वि।,मनोरमम्,,,द्रव्यम्,,,,,,"सुन्दर,रुचिर,चारु,सुषम,साधु,शोभन,कान्त,मनोरम,रुच्य,मनोज्ञ,मञ्जु,मञ्जुल,प्राप्तरूप,स्वरूप,अभिरूप,राम,पुण्य",,
मञ्जु,वि।,मनोरमम्,,,द्रव्यम्,,,,,,"सुन्दर,रुचिर,चारु,सुषम,साधु,शोभन,कान्त,मनोरम,रुच्य,मनोज्ञ,मञ्जु,मञ्जुल,प्राप्तरूप,स्वरूप,अभिरूप,राम,पुण्य",,
मञ्जुल,वि।,मनोरमम्,,,द्रव्यम्,,,,,,"सुन्दर,रुचिर,चारु,सुषम,साधु,शोभन,कान्त,मनोरम,रुच्य,मनोज्ञ,मञ्जु,मञ्जुल,प्राप्तरूप,स्वरूप,अभिरूप,राम,पुण्य",,
आसेचनक,वि।,यद्दर्शनात्तृप्तिर्न_भवति_तत्,,,द्रव्यम्,,,,,,आसेचनक,,
अभीष्ट,वि।,प्रियम्,,,द्रव्यम्,,,,,,"अभीष्ट,अभीप्सित,हृद्य,दयित,वल्लभ,प्रिय,मधुर",,
अभीप्सित,वि।,प्रियम्,,,द्रव्यम्,,,,,,"अभीष्ट,अभीप्सित,हृद्य,दयित,वल्लभ,प्रिय,मधुर",,
हृद्य,वि।,प्रियम्,,,द्रव्यम्,,,,,,"अभीष्ट,अभीप्सित,हृद्य,दयित,वल्लभ,प्रिय,मधुर",,
दयित,वि।,प्रियम्,,,द्रव्यम्,,,,,,"अभीष्ट,अभीप्सित,हृद्य,दयित,वल्लभ,प्रिय,मधुर",,
वल्लभ,वि।,प्रियम्,,,द्रव्यम्,,,,,,"अभीष्ट,अभीप्सित,हृद्य,दयित,वल्लभ,प्रिय,मधुर",,
प्रिय,वि।,प्रियम्,,,द्रव्यम्,,,,,,"अभीष्ट,अभीप्सित,हृद्य,दयित,वल्लभ,प्रिय,मधुर",,
निकृष्ट,वि।,अधमम्,,,द्रव्यम्,,,,,,"निकृष्ट,प्रतिकृष्ट,अर्वन्,रेफ,याप्य,अवम,अधम,कुपूय,कुत्सित,अवद्य,खेट,गर्ह्य,अणक,काण्ड,जघन्य,क्षुद्र,चेल,न्यक्ष",,
प्रतिकृष्ट,वि।,अधमम्,,,द्रव्यम्,,,,,,"निकृष्ट,प्रतिकृष्ट,अर्वन्,रेफ,याप्य,अवम,अधम,कुपूय,कुत्सित,अवद्य,खेट,गर्ह्य,अणक,काण्ड,जघन्य,क्षुद्र,चेल,न्यक्ष",,
अर्वन्,वि।,अधमम्,,,द्रव्यम्,,,,,,"निकृष्ट,प्रतिकृष्ट,अर्वन्,रेफ,याप्य,अवम,अधम,कुपूय,कुत्सित,अवद्य,खेट,गर्ह्य,अणक,काण्ड,जघन्य,क्षुद्र,चेल,न्यक्ष",,
रेफ,पुं।,अधमम्,,,द्रव्यम्,,,,,,"निकृष्ट,प्रतिकृष्ट,अर्वन्,रेफ,याप्य,अवम,अधम,कुपूय,कुत्सित,अवद्य,खेट,गर्ह्य,अणक,काण्ड,जघन्य,क्षुद्र,चेल,न्यक्ष",,
याप्य,वि।,अधमम्,,,द्रव्यम्,,,,,,"निकृष्ट,प्रतिकृष्ट,अर्वन्,रेफ,याप्य,अवम,अधम,कुपूय,कुत्सित,अवद्य,खेट,गर्ह्य,अणक,काण्ड,जघन्य,क्षुद्र,चेल,न्यक्ष",,
अवम,वि।,अधमम्,,,द्रव्यम्,,,,,,"निकृष्ट,प्रतिकृष्ट,अर्वन्,रेफ,याप्य,अवम,अधम,कुपूय,कुत्सित,अवद्य,खेट,गर्ह्य,अणक,काण्ड,जघन्य,क्षुद्र,चेल,न्यक्ष",,
अधम,वि।,अधमम्,,,द्रव्यम्,,,,,,"निकृष्ट,प्रतिकृष्ट,अर्वन्,रेफ,याप्य,अवम,अधम,कुपूय,कुत्सित,अवद्य,खेट,गर्ह्य,अणक,काण्ड,जघन्य,क्षुद्र,चेल,न्यक्ष",,
कुपूय,वि।,अधमम्,,,द्रव्यम्,,,,,,"निकृष्ट,प्रतिकृष्ट,अर्वन्,रेफ,याप्य,अवम,अधम,कुपूय,कुत्सित,अवद्य,खेट,गर्ह्य,अणक,काण्ड,जघन्य,क्षुद्र,चेल,न्यक्ष",,
कुत्सित,वि।,अधमम्,,,द्रव्यम्,,,,,,"निकृष्ट,प्रतिकृष्ट,अर्वन्,रेफ,याप्य,अवम,अधम,कुपूय,कुत्सित,अवद्य,खेट,गर्ह्य,अणक,काण्ड,जघन्य,क्षुद्र,चेल,न्यक्ष",,
अवद्य,वि।,अधमम्,,,द्रव्यम्,,,,,,"निकृष्ट,प्रतिकृष्ट,अर्वन्,रेफ,याप्य,अवम,अधम,कुपूय,कुत्सित,अवद्य,खेट,गर्ह्य,अणक,काण्ड,जघन्य,क्षुद्र,चेल,न्यक्ष",,
खेट,वि।,अधमम्,,,द्रव्यम्,,,,,,"निकृष्ट,प्रतिकृष्ट,अर्वन्,रेफ,याप्य,अवम,अधम,कुपूय,कुत्सित,अवद्य,खेट,गर्ह्य,अणक,काण्ड,जघन्य,क्षुद्र,चेल,न्यक्ष",,
गर्ह्य,वि।,अधमम्,,,द्रव्यम्,,,,,,"निकृष्ट,प्रतिकृष्ट,अर्वन्,रेफ,याप्य,अवम,अधम,कुपूय,कुत्सित,अवद्य,खेट,गर्ह्य,अणक,काण्ड,जघन्य,क्षुद्र,चेल,न्यक्ष",,
अणक,वि।,अधमम्,,,द्रव्यम्,,,,,,"निकृष्ट,प्रतिकृष्ट,अर्वन्,रेफ,याप्य,अवम,अधम,कुपूय,कुत्सित,अवद्य,खेट,गर्ह्य,अणक,काण्ड,जघन्य,क्षुद्र,चेल,न्यक्ष",,
मलीमस,वि।,मलिनम्,,,द्रव्यम्,,,,,,"मलीमस,मलिन,कच्चर,मलदूषित",,
मलिन,वि।,मलिनम्,,,द्रव्यम्,,,,,,"मलीमस,मलिन,कच्चर,मलदूषित",,
कच्चर,वि।,मलिनम्,,,द्रव्यम्,,,,,,"मलीमस,मलिन,कच्चर,मलदूषित",,
मलदूषित,वि।,मलिनम्,,,द्रव्यम्,,,,,,"मलीमस,मलिन,कच्चर,मलदूषित",,
पूत,वि।,पवित्रः,,,द्रव्यम्,पृथ्वी,चलसजीवः,मनुष्यः,,,"पवित्र,प्रयत,पूत,पूत,पवित्र,मेध्य,विविक्ति",,
पवित्र,पुं।,पवित्रः,,,द्रव्यम्,पृथ्वी,चलसजीवः,मनुष्यः,,,"पवित्र,प्रयत,पूत,पूत,पवित्र,मेध्य,विविक्ति",,
मेध्य,वि।,पवित्रः,,,द्रव्यम्,पृथ्वी,चलसजीवः,मनुष्यः,,,"पवित्र,प्रयत,पूत,पूत,पवित्र,मेध्य,विविक्ति",,
वीध्र,वि।,स्वभावनिर्मलम्,,,द्रव्यम्,,,,,,"वीध्र,विमलार्थक",,
विमलार्थक,वि।,स्वभावनिर्मलम्,,,द्रव्यम्,,,,,,"वीध्र,विमलार्थक",,
निर्णिक्त,वि।,अपनीतमलम्,,,द्रव्यम्,,,,,,"निर्णिक्त,शोधित,मृष्ट,निःशोध्य,अनवस्कर",,
शोधित,वि।,अपनीतमलम्,,,द्रव्यम्,,,,,,"निर्णिक्त,शोधित,मृष्ट,निःशोध्य,अनवस्कर",,
मृष्ट,वि।,अपनीतमलम्,,,द्रव्यम्,,,,,,"निर्णिक्त,शोधित,मृष्ट,निःशोध्य,अनवस्कर",,
निःशोध्य,वि।,अपनीतमलम्,,,द्रव्यम्,,,,,,"निर्णिक्त,शोधित,मृष्ट,निःशोध्य,अनवस्कर",,
अनवस्कर,वि।,अपनीतमलम्,,,द्रव्यम्,,,,,,"निर्णिक्त,शोधित,मृष्ट,निःशोध्य,अनवस्कर",,
असार,वि।,निःसारम्,,,द्रव्यम्,,,,,,"असार,फल्गु,वार्त",,
फल्गु,वि।,निःसारम्,,,द्रव्यम्,,,,,,"असार,फल्गु,वार्त",,
शून्य,वि।,तुच्छम्,,,द्रव्यम्,,,,,,"शून्य,वशिक,तुच्छ,रिक्तक,वितान",,
वशिक,वि।,तुच्छम्,,,द्रव्यम्,,,,,,"शून्य,वशिक,तुच्छ,रिक्तक,वितान",,
तुच्छ,वि।,तुच्छम्,,,द्रव्यम्,,,,,,"शून्य,वशिक,तुच्छ,रिक्तक,वितान",,
रिक्तक,वि।,तुच्छम्,,,द्रव्यम्,,,,,,"शून्य,वशिक,तुच्छ,रिक्तक,वितान",,
प्रधान,नपुं।,श्रेष्ठम्,,,द्रव्यम्,,,,,,"प्रधान,प्रमुख,प्रवेक,अनुत्तम,उत्तम,मुख्य,वर्य,वरेण्य,प्रवर्ह,अनवरार्ध्य,परार्ध्य,अग्र,प्राग्रहर,प्राग्र्य,अग्र्य,अग्रीय,अग्रिय",,
प्रमुख,वि।,श्रेष्ठम्,,,द्रव्यम्,,,,,,"प्रधान,प्रमुख,प्रवेक,अनुत्तम,उत्तम,मुख्य,वर्य,वरेण्य,प्रवर्ह,अनवरार्ध्य,परार्ध्य,अग्र,प्राग्रहर,प्राग्र्य,अग्र्य,अग्रीय,अग्रिय",,
प्रवेक,वि।,श्रेष्ठम्,,,द्रव्यम्,,,,,,"प्रधान,प्रमुख,प्रवेक,अनुत्तम,उत्तम,मुख्य,वर्य,वरेण्य,प्रवर्ह,अनवरार्ध्य,परार्ध्य,अग्र,प्राग्रहर,प्राग्र्य,अग्र्य,अग्रीय,अग्रिय",,
अनुत्तम,वि।,श्रेष्ठम्,,,द्रव्यम्,,,,,,"प्रधान,प्रमुख,प्रवेक,अनुत्तम,उत्तम,मुख्य,वर्य,वरेण्य,प्रवर्ह,अनवरार्ध्य,परार्ध्य,अग्र,प्राग्रहर,प्राग्र्य,अग्र्य,अग्रीय,अग्रिय",,
उत्तम,वि।,श्रेष्ठम्,,,द्रव्यम्,,,,,,"प्रधान,प्रमुख,प्रवेक,अनुत्तम,उत्तम,मुख्य,वर्य,वरेण्य,प्रवर्ह,अनवरार्ध्य,परार्ध्य,अग्र,प्राग्रहर,प्राग्र्य,अग्र्य,अग्रीय,अग्रिय",,
मुख्य,वि।,श्रेष्ठम्,,,द्रव्यम्,,,,,,"प्रधान,प्रमुख,प्रवेक,अनुत्तम,उत्तम,मुख्य,वर्य,वरेण्य,प्रवर्ह,अनवरार्ध्य,परार्ध्य,अग्र,प्राग्रहर,प्राग्र्य,अग्र्य,अग्रीय,अग्रिय",,
वर्य,वि।,श्रेष्ठम्,,,द्रव्यम्,,,,,,"प्रधान,प्रमुख,प्रवेक,अनुत्तम,उत्तम,मुख्य,वर्य,वरेण्य,प्रवर्ह,अनवरार्ध्य,परार्ध्य,अग्र,प्राग्रहर,प्राग्र्य,अग्र्य,अग्रीय,अग्रिय",,
वरेण्य,वि।,श्रेष्ठम्,,,द्रव्यम्,,,,,,"प्रधान,प्रमुख,प्रवेक,अनुत्तम,उत्तम,मुख्य,वर्य,वरेण्य,प्रवर्ह,अनवरार्ध्य,परार्ध्य,अग्र,प्राग्रहर,प्राग्र्य,अग्र्य,अग्रीय,अग्रिय",,
प्रवर्ह,वि।,श्रेष्ठम्,,,द्रव्यम्,,,,,,"प्रधान,प्रमुख,प्रवेक,अनुत्तम,उत्तम,मुख्य,वर्य,वरेण्य,प्रवर्ह,अनवरार्ध्य,परार्ध्य,अग्र,प्राग्रहर,प्राग्र्य,अग्र्य,अग्रीय,अग्रिय",,
अनवरार्ध्य,वि।,श्रेष्ठम्,,,द्रव्यम्,,,,,,"प्रधान,प्रमुख,प्रवेक,अनुत्तम,उत्तम,मुख्य,वर्य,वरेण्य,प्रवर्ह,अनवरार्ध्य,परार्ध्य,अग्र,प्राग्रहर,प्राग्र्य,अग्र्य,अग्रीय,अग्रिय",,
परार्ध्य,वि।,श्रेष्ठम्,,,द्रव्यम्,,,,,,"प्रधान,प्रमुख,प्रवेक,अनुत्तम,उत्तम,मुख्य,वर्य,वरेण्य,प्रवर्ह,अनवरार्ध्य,परार्ध्य,अग्र,प्राग्रहर,प्राग्र्य,अग्र्य,अग्रीय,अग्रिय",,
अग्र,वि।,श्रेष्ठम्,,,द्रव्यम्,,,,,,"प्रधान,प्रमुख,प्रवेक,अनुत्तम,उत्तम,मुख्य,वर्य,वरेण्य,प्रवर्ह,अनवरार्ध्य,परार्ध्य,अग्र,प्राग्रहर,प्राग्र्य,अग्र्य,अग्रीय,अग्रिय",,
प्राग्रहर,वि।,श्रेष्ठम्,,,द्रव्यम्,,,,,,"प्रधान,प्रमुख,प्रवेक,अनुत्तम,उत्तम,मुख्य,वर्य,वरेण्य,प्रवर्ह,अनवरार्ध्य,परार्ध्य,अग्र,प्राग्रहर,प्राग्र्य,अग्र्य,अग्रीय,अग्रिय",,
प्राग्र्य,वि।,श्रेष्ठम्,,,द्रव्यम्,,,,,,"प्रधान,प्रमुख,प्रवेक,अनुत्तम,उत्तम,मुख्य,वर्य,वरेण्य,प्रवर्ह,अनवरार्ध्य,परार्ध्य,अग्र,प्राग्रहर,प्राग्र्य,अग्र्य,अग्रीय,अग्रिय",,
अग्र्य,वि।,श्रेष्ठम्,,,द्रव्यम्,,,,,,"प्रधान,प्रमुख,प्रवेक,अनुत्तम,उत्तम,मुख्य,वर्य,वरेण्य,प्रवर्ह,अनवरार्ध्य,परार्ध्य,अग्र,प्राग्रहर,प्राग्र्य,अग्र्य,अग्रीय,अग्रिय",,
अग्रीय,वि।,श्रेष्ठम्,,,द्रव्यम्,,,,,,"प्रधान,प्रमुख,प्रवेक,अनुत्तम,उत्तम,मुख्य,वर्य,वरेण्य,प्रवर्ह,अनवरार्ध्य,परार्ध्य,अग्र,प्राग्रहर,प्राग्र्य,अग्र्य,अग्रीय,अग्रिय",,
अग्रिय,वि।,श्रेष्ठम्,,,द्रव्यम्,,,,,,"प्रधान,प्रमुख,प्रवेक,अनुत्तम,उत्तम,मुख्य,वर्य,वरेण्य,प्रवर्ह,अनवरार्ध्य,परार्ध्य,अग्र,प्राग्रहर,प्राग्र्य,अग्र्य,अग्रीय,अग्रिय",,
श्रेयस्,वि।,अतिशोभनः,,,द्रव्यम्,,,,,,"श्रेयस्,श्रेष्ठ,पुष्कल,सत्तम,अतिशोभन",,
श्रेष्ठ,वि।,अतिशोभनः,,,द्रव्यम्,,,,,,"श्रेयस्,श्रेष्ठ,पुष्कल,सत्तम,अतिशोभन",,
पुष्कल,वि।,अतिशोभनः,,,द्रव्यम्,,,,,,"श्रेयस्,श्रेष्ठ,पुष्कल,सत्तम,अतिशोभन",,
सत्तम,वि।,अतिशोभनः,,,द्रव्यम्,,,,,,"श्रेयस्,श्रेष्ठ,पुष्कल,सत्तम,अतिशोभन",,
अतिशोभन,वि।,अतिशोभनः,,,द्रव्यम्,,,,,,"श्रेयस्,श्रेष्ठ,पुष्कल,सत्तम,अतिशोभन",,
अप्राग्र्य,वि।,अप्रधानम्,,,द्रव्यम्,,,,,,"अप्राग्र्य,अप्रधान,उपसर्जन",,
अप्रधान,नपुं।,अप्रधानम्,,,द्रव्यम्,,,,,,"अप्राग्र्य,अप्रधान,उपसर्जन",,
उपसर्जन,नपुं।,अप्रधानम्,,,द्रव्यम्,,,,,,"अप्राग्र्य,अप्रधान,उपसर्जन",,
विशङ्कट,वि।,विस्तृतम्,,,द्रव्यम्,,,,,,"विशङ्कट,पृथु,बृहत्,विशाल,पृथुल,महत्,वड्र,उरु,विपुल",,
पृथु,वि।,विस्तृतम्,,,द्रव्यम्,,,,,,"विशङ्कट,पृथु,बृहत्,विशाल,पृथुल,महत्,वड्र,उरु,विपुल",,
बृहत्,वि।,विस्तृतम्,,,द्रव्यम्,,,,,,"विशङ्कट,पृथु,बृहत्,विशाल,पृथुल,महत्,वड्र,उरु,विपुल",,
विशाल,वि।,विस्तृतम्,,,द्रव्यम्,,,,,,"विशङ्कट,पृथु,बृहत्,विशाल,पृथुल,महत्,वड्र,उरु,विपुल",,
पृथुल,वि।,विस्तृतम्,,,द्रव्यम्,,,,,,"विशङ्कट,पृथु,बृहत्,विशाल,पृथुल,महत्,वड्र,उरु,विपुल",,
महत्,वि।,विस्तृतम्,,,द्रव्यम्,,,,,,"विशङ्कट,पृथु,बृहत्,विशाल,पृथुल,महत्,वड्र,उरु,विपुल",,
वड्र,वि।,विस्तृतम्,,,द्रव्यम्,,,,,,"विशङ्कट,पृथु,बृहत्,विशाल,पृथुल,महत्,वड्र,उरु,विपुल",,
उरु,वि।,विस्तृतम्,,,द्रव्यम्,,,,,,"विशङ्कट,पृथु,बृहत्,विशाल,पृथुल,महत्,वड्र,उरु,विपुल",,
विपुल,वि।,विस्तृतम्,,,द्रव्यम्,,,,,,"विशङ्कट,पृथु,बृहत्,विशाल,पृथुल,महत्,वड्र,उरु,विपुल",,
पीन,वि।,स्थूलम्,,,गुणः,परिमाणः,,,,,"पीन,पीवन्,स्थूल,पीवर,दृढ",,
पीवन्,वि।,स्थूलम्,,,गुणः,परिमाणः,,,,,"पीन,पीवन्,स्थूल,पीवर,दृढ",,
स्थूल,वि।,स्थूलम्,,,गुणः,परिमाणः,,,,,"पीन,पीवन्,स्थूल,पीवर,दृढ",,
पीवर,वि।,स्थूलम्,,,गुणः,परिमाणः,,,,,"पीन,पीवन्,स्थूल,पीवर,दृढ",,
स्तोक,वि।,सूक्ष्मम्,,,गुणः,परिमाणः,,,,,"स्तोक,अल्प,क्षुल्लक,सूक्ष्म,श्लक्ष्ण,दभ्र,कृश,तनु,मात्रा,त्रुटि,लव,लेश,कण,अणु",,
अल्प,वि।,सूक्ष्मम्,,,गुणः,परिमाणः,,,,,"स्तोक,अल्प,क्षुल्लक,सूक्ष्म,श्लक्ष्ण,दभ्र,कृश,तनु,मात्रा,त्रुटि,लव,लेश,कण,अणु",,
क्षुल्लक,वि।,सूक्ष्मम्,,,गुणः,परिमाणः,,,,,"स्तोक,अल्प,क्षुल्लक,सूक्ष्म,श्लक्ष्ण,दभ्र,कृश,तनु,मात्रा,त्रुटि,लव,लेश,कण,अणु",,
सूक्ष्म,वि।,सूक्ष्मम्,,,गुणः,परिमाणः,,,,,"स्तोक,अल्प,क्षुल्लक,सूक्ष्म,श्लक्ष्ण,दभ्र,कृश,तनु,मात्रा,त्रुटि,लव,लेश,कण,अणु",,
श्लक्ष्ण,वि।,सूक्ष्मम्,,,गुणः,परिमाणः,,,,,"स्तोक,अल्प,क्षुल्लक,सूक्ष्म,श्लक्ष्ण,दभ्र,कृश,तनु,मात्रा,त्रुटि,लव,लेश,कण,अणु",,
दभ्र,वि।,सूक्ष्मम्,,,गुणः,परिमाणः,,,,,"स्तोक,अल्प,क्षुल्लक,सूक्ष्म,श्लक्ष्ण,दभ्र,कृश,तनु,मात्रा,त्रुटि,लव,लेश,कण,अणु",,
कृश,वि।,सूक्ष्मम्,,,गुणः,परिमाणः,,,,,"स्तोक,अल्प,क्षुल्लक,सूक्ष्म,श्लक्ष्ण,दभ्र,कृश,तनु,मात्रा,त्रुटि,लव,लेश,कण,अणु",,
तनु,वि।,सूक्ष्मम्,,,गुणः,परिमाणः,,,,,"स्तोक,अल्प,क्षुल्लक,सूक्ष्म,श्लक्ष्ण,दभ्र,कृश,तनु,मात्रा,त्रुटि,लव,लेश,कण,अणु",,
मात्रा,स्त्री।,सूक्ष्मम्,,,गुणः,परिमाणः,,,,,"स्तोक,अल्प,क्षुल्लक,सूक्ष्म,श्लक्ष्ण,दभ्र,कृश,तनु,मात्रा,त्रुटि,लव,लेश,कण,अणु",,
त्रुटि,स्त्री।,सूक्ष्मम्,,,गुणः,परिमाणः,,,,,"स्तोक,अल्प,क्षुल्लक,सूक्ष्म,श्लक्ष्ण,दभ्र,कृश,तनु,मात्रा,त्रुटि,लव,लेश,कण,अणु",,
लव,पुं।,सूक्ष्मम्,,,गुणः,परिमाणः,,,,,"स्तोक,अल्प,क्षुल्लक,सूक्ष्म,श्लक्ष्ण,दभ्र,कृश,तनु,मात्रा,त्रुटि,लव,लेश,कण,अणु",,
लेश,पुं।,सूक्ष्मम्,,,गुणः,परिमाणः,,,,,"स्तोक,अल्प,क्षुल्लक,सूक्ष्म,श्लक्ष्ण,दभ्र,कृश,तनु,मात्रा,त्रुटि,लव,लेश,कण,अणु",,
कण,पुं।,सूक्ष्मम्,,,गुणः,परिमाणः,,,,,"स्तोक,अल्प,क्षुल्लक,सूक्ष्म,श्लक्ष्ण,दभ्र,कृश,तनु,मात्रा,त्रुटि,लव,लेश,कण,अणु",,
अणु,पुं।,सूक्ष्मम्,,,गुणः,परिमाणः,,,,,"स्तोक,अल्प,क्षुल्लक,सूक्ष्म,श्लक्ष्ण,दभ्र,कृश,तनु,मात्रा,त्रुटि,लव,लेश,कण,अणु",,
अत्यल्प,वि।,अत्यल्पः,,,गुणः,परिमाणः,,,,,"अत्यल्प,अल्पिष्ठ,अल्पीयस्,कनीयस्,अणीय",,
अल्पिष्ठ,वि।,अत्यल्पः,,,गुणः,परिमाणः,,,,,"अत्यल्प,अल्पिष्ठ,अल्पीयस्,कनीयस्,अणीय",,
अल्पीयस्,वि।,अत्यल्पः,,,गुणः,परिमाणः,,,,,"अत्यल्प,अल्पिष्ठ,अल्पीयस्,कनीयस्,अणीय",,
कनीयस्,वि।,अत्यल्पः,,,गुणः,परिमाणः,,,,,"अत्यल्प,अल्पिष्ठ,अल्पीयस्,कनीयस्,अणीय",,
अणीय,वि।,अत्यल्पः,,,गुणः,परिमाणः,,,,,"अत्यल्प,अल्पिष्ठ,अल्पीयस्,कनीयस्,अणीय",,
प्रभूत,वि।,बहुलम्,,,गुणः,परिमाणः,,,,,"प्रभूत,प्रचुर,प्राज्य,अदभ्र,बहुल,बहु,पुरुहू,पुरु,भूयिष्ठ,स्फिर,भूयस्,भूरि",,
प्रचुर,वि।,बहुलम्,,,गुणः,परिमाणः,,,,,"प्रभूत,प्रचुर,प्राज्य,अदभ्र,बहुल,बहु,पुरुहू,पुरु,भूयिष्ठ,स्फिर,भूयस्,भूरि",,
प्राज्य,वि।,बहुलम्,,,गुणः,परिमाणः,,,,,"प्रभूत,प्रचुर,प्राज्य,अदभ्र,बहुल,बहु,पुरुहू,पुरु,भूयिष्ठ,स्फिर,भूयस्,भूरि",,
अदभ्र,वि।,बहुलम्,,,गुणः,परिमाणः,,,,,"प्रभूत,प्रचुर,प्राज्य,अदभ्र,बहुल,बहु,पुरुहू,पुरु,भूयिष्ठ,स्फिर,भूयस्,भूरि",,
बहुल,वि।,बहुलम्,,,गुणः,परिमाणः,,,,,"प्रभूत,प्रचुर,प्राज्य,अदभ्र,बहुल,बहु,पुरुहू,पुरु,भूयिष्ठ,स्फिर,भूयस्,भूरि",,
बहु,वि।,बहुलम्,,,गुणः,परिमाणः,,,,,"प्रभूत,प्रचुर,प्राज्य,अदभ्र,बहुल,बहु,पुरुहू,पुरु,भूयिष्ठ,स्फिर,भूयस्,भूरि",,
पुरुहू,वि।,बहुलम्,,,गुणः,परिमाणः,,,,,"प्रभूत,प्रचुर,प्राज्य,अदभ्र,बहुल,बहु,पुरुहू,पुरु,भूयिष्ठ,स्फिर,भूयस्,भूरि",,
पुरु,वि।,बहुलम्,,,गुणः,परिमाणः,,,,,"प्रभूत,प्रचुर,प्राज्य,अदभ्र,बहुल,बहु,पुरुहू,पुरु,भूयिष्ठ,स्फिर,भूयस्,भूरि",,
भूयिष्ठ,वि।,बहुलम्,,,गुणः,परिमाणः,,,,,"प्रभूत,प्रचुर,प्राज्य,अदभ्र,बहुल,बहु,पुरुहू,पुरु,भूयिष्ठ,स्फिर,भूयस्,भूरि",,
स्फिर,वि।,बहुलम्,,,गुणः,परिमाणः,,,,,"प्रभूत,प्रचुर,प्राज्य,अदभ्र,बहुल,बहु,पुरुहू,पुरु,भूयिष्ठ,स्फिर,भूयस्,भूरि",,
भूयस्,अव्य।,बहुलम्,,,गुणः,परिमाणः,,,,,"प्रभूत,प्रचुर,प्राज्य,अदभ्र,बहुल,बहु,पुरुहू,पुरु,भूयिष्ठ,स्फिर,भूयस्,भूरि",,
भूरि,वि।,बहुलम्,,,गुणः,परिमाणः,,,,,"प्रभूत,प्रचुर,प्राज्य,अदभ्र,बहुल,बहु,पुरुहू,पुरु,भूयिष्ठ,स्फिर,भूयस्,भूरि",,
परश्शत,वि।,शतात्परम्,,,गुणः,परिमाणः,,,,,परश्शत,,
गणनीय,वि।,गणयितुं_शक्यम्,,,द्रव्यम्,,,,,,"गणनीय,गणेय",,
गणेय,वि।,गणयितुं_शक्यम्,,,द्रव्यम्,,,,,,"गणनीय,गणेय",,
सङ्ख्यात,वि।,सङ्ख्यातम्,,,गुणः,परिमाणः,,,,,"सङ्ख्यात,गणित",,
गणित,वि।,सङ्ख्यातम्,,,गुणः,परिमाणः,,,,,"सङ्ख्यात,गणित",,
सम,वि।,समग्रम्,,,गुणः,परिमाणः,,,,,"सम,सर्व,विश्व,अशेष,कृत्स्न,समस्त,निखिल,अखिल,निःशेष,समग्र,सकल,पूर्ण,अखण्ड,अनूनक,केवल",,
सर्व,वि।,समग्रम्,,,गुणः,परिमाणः,,,,,"सम,सर्व,विश्व,अशेष,कृत्स्न,समस्त,निखिल,अखिल,निःशेष,समग्र,सकल,पूर्ण,अखण्ड,अनूनक,केवल",,
विश्व,नपुं।,समग्रम्,,,गुणः,परिमाणः,,,,,"सम,सर्व,विश्व,अशेष,कृत्स्न,समस्त,निखिल,अखिल,निःशेष,समग्र,सकल,पूर्ण,अखण्ड,अनूनक,केवल",,
अशेष,वि।,समग्रम्,,,गुणः,परिमाणः,,,,,"सम,सर्व,विश्व,अशेष,कृत्स्न,समस्त,निखिल,अखिल,निःशेष,समग्र,सकल,पूर्ण,अखण्ड,अनूनक,केवल",,
कृत्स्न,वि।,समग्रम्,,,गुणः,परिमाणः,,,,,"सम,सर्व,विश्व,अशेष,कृत्स्न,समस्त,निखिल,अखिल,निःशेष,समग्र,सकल,पूर्ण,अखण्ड,अनूनक,केवल",,
समस्त,वि।,समग्रम्,,,गुणः,परिमाणः,,,,,"सम,सर्व,विश्व,अशेष,कृत्स्न,समस्त,निखिल,अखिल,निःशेष,समग्र,सकल,पूर्ण,अखण्ड,अनूनक,केवल",,
निखिल,वि।,समग्रम्,,,गुणः,परिमाणः,,,,,"सम,सर्व,विश्व,अशेष,कृत्स्न,समस्त,निखिल,अखिल,निःशेष,समग्र,सकल,पूर्ण,अखण्ड,अनूनक,केवल",,
अखिल,वि।,समग्रम्,,,गुणः,परिमाणः,,,,,"सम,सर्व,विश्व,अशेष,कृत्स्न,समस्त,निखिल,अखिल,निःशेष,समग्र,सकल,पूर्ण,अखण्ड,अनूनक,केवल",,
निःशेष,वि।,समग्रम्,,,गुणः,परिमाणः,,,,,"सम,सर्व,विश्व,अशेष,कृत्स्न,समस्त,निखिल,अखिल,निःशेष,समग्र,सकल,पूर्ण,अखण्ड,अनूनक,केवल",,
समग्र,वि।,समग्रम्,,,गुणः,परिमाणः,,,,,"सम,सर्व,विश्व,अशेष,कृत्स्न,समस्त,निखिल,अखिल,निःशेष,समग्र,सकल,पूर्ण,अखण्ड,अनूनक,केवल",,
सकल,वि।,समग्रम्,,,गुणः,परिमाणः,,,,,"सम,सर्व,विश्व,अशेष,कृत्स्न,समस्त,निखिल,अखिल,निःशेष,समग्र,सकल,पूर्ण,अखण्ड,अनूनक,केवल",,
पूर्ण,वि।,समग्रम्,,,गुणः,परिमाणः,,,,,"सम,सर्व,विश्व,अशेष,कृत्स्न,समस्त,निखिल,अखिल,निःशेष,समग्र,सकल,पूर्ण,अखण्ड,अनूनक,केवल",,
अखण्ड,वि।,समग्रम्,,,गुणः,परिमाणः,,,,,"सम,सर्व,विश्व,अशेष,कृत्स्न,समस्त,निखिल,अखिल,निःशेष,समग्र,सकल,पूर्ण,अखण्ड,अनूनक,केवल",,
अनूनक,वि।,समग्रम्,,,गुणः,परिमाणः,,,,,"सम,सर्व,विश्व,अशेष,कृत्स्न,समस्त,निखिल,अखिल,निःशेष,समग्र,सकल,पूर्ण,अखण्ड,अनूनक,केवल",,
घन,पुं।,निबिडम्,,,सामान्यम्,अवस्था,,,,,"घन,निरन्तर,सान्द्र",,
निरन्तर,वि।,निबिडम्,,,सामान्यम्,अवस्था,,,,,"घन,निरन्तर,सान्द्र",,
सान्द्र,वि।,निबिडम्,,,सामान्यम्,अवस्था,,,,,"घन,निरन्तर,सान्द्र",,
पेलव,वि।,विरलम्,,,सामान्यम्,अवस्था,,,,,"पेलव,विरल,तनु,तलिन",,
विरल,वि।,विरलम्,,,सामान्यम्,अवस्था,,,,,"पेलव,विरल,तनु,तलिन",,
तनु,वि।,विरलम्,,,सामान्यम्,अवस्था,,,,,"पेलव,विरल,तनु,तलिन",,
समीप,वि।,समीपः,,,द्रव्यम्,दिक्,,,,,"समीप,निकट,आसन्न,सन्निकृष्ट,सनीड,सदेश,अभ्याश,सविध,समर्याद,सवेश,उपकण्ठ,अन्तिक,अभ्यर्ण,अभ्यग्र,अभितस्,अव्यय,उपह्वर,आरात्,अमा,समया,निकषा",,
निकट,वि।,समीपः,,,द्रव्यम्,दिक्,,,,,"समीप,निकट,आसन्न,सन्निकृष्ट,सनीड,सदेश,अभ्याश,सविध,समर्याद,सवेश,उपकण्ठ,अन्तिक,अभ्यर्ण,अभ्यग्र,अभितस्,अव्यय,उपह्वर,आरात्,अमा,समया,निकषा",,
आसन्न,वि।,समीपः,,,द्रव्यम्,दिक्,,,,,"समीप,निकट,आसन्न,सन्निकृष्ट,सनीड,सदेश,अभ्याश,सविध,समर्याद,सवेश,उपकण्ठ,अन्तिक,अभ्यर्ण,अभ्यग्र,अभितस्,अव्यय,उपह्वर,आरात्,अमा,समया,निकषा",,
सन्निकृष्ट,वि।,समीपः,,,द्रव्यम्,दिक्,,,,,"समीप,निकट,आसन्न,सन्निकृष्ट,सनीड,सदेश,अभ्याश,सविध,समर्याद,सवेश,उपकण्ठ,अन्तिक,अभ्यर्ण,अभ्यग्र,अभितस्,अव्यय,उपह्वर,आरात्,अमा,समया,निकषा",,
सनीड,वि।,समीपः,,,द्रव्यम्,दिक्,,,,,"समीप,निकट,आसन्न,सन्निकृष्ट,सनीड,सदेश,अभ्याश,सविध,समर्याद,सवेश,उपकण्ठ,अन्तिक,अभ्यर्ण,अभ्यग्र,अभितस्,अव्यय,उपह्वर,आरात्,अमा,समया,निकषा",,
सदेश,वि।,समीपः,,,द्रव्यम्,दिक्,,,,,"समीप,निकट,आसन्न,सन्निकृष्ट,सनीड,सदेश,अभ्याश,सविध,समर्याद,सवेश,उपकण्ठ,अन्तिक,अभ्यर्ण,अभ्यग्र,अभितस्,अव्यय,उपह्वर,आरात्,अमा,समया,निकषा",,
अभ्याश,वि।,समीपः,,,द्रव्यम्,दिक्,,,,,"समीप,निकट,आसन्न,सन्निकृष्ट,सनीड,सदेश,अभ्याश,सविध,समर्याद,सवेश,उपकण्ठ,अन्तिक,अभ्यर्ण,अभ्यग्र,अभितस्,अव्यय,उपह्वर,आरात्,अमा,समया,निकषा",,
सविध,वि।,समीपः,,,द्रव्यम्,दिक्,,,,,"समीप,निकट,आसन्न,सन्निकृष्ट,सनीड,सदेश,अभ्याश,सविध,समर्याद,सवेश,उपकण्ठ,अन्तिक,अभ्यर्ण,अभ्यग्र,अभितस्,अव्यय,उपह्वर,आरात्,अमा,समया,निकषा",,
समर्याद,वि।,समीपः,,,द्रव्यम्,दिक्,,,,,"समीप,निकट,आसन्न,सन्निकृष्ट,सनीड,सदेश,अभ्याश,सविध,समर्याद,सवेश,उपकण्ठ,अन्तिक,अभ्यर्ण,अभ्यग्र,अभितस्,अव्यय,उपह्वर,आरात्,अमा,समया,निकषा",,
सवेश,वि।,समीपः,,,द्रव्यम्,दिक्,,,,,"समीप,निकट,आसन्न,सन्निकृष्ट,सनीड,सदेश,अभ्याश,सविध,समर्याद,सवेश,उपकण्ठ,अन्तिक,अभ्यर्ण,अभ्यग्र,अभितस्,अव्यय,उपह्वर,आरात्,अमा,समया,निकषा",,
उपकण्ठ,वि।,समीपः,,,द्रव्यम्,दिक्,,,,,"समीप,निकट,आसन्न,सन्निकृष्ट,सनीड,सदेश,अभ्याश,सविध,समर्याद,सवेश,उपकण्ठ,अन्तिक,अभ्यर्ण,अभ्यग्र,अभितस्,अव्यय,उपह्वर,आरात्,अमा,समया,निकषा",,
अन्तिक,वि।,समीपः,,,द्रव्यम्,दिक्,,,,,"समीप,निकट,आसन्न,सन्निकृष्ट,सनीड,सदेश,अभ्याश,सविध,समर्याद,सवेश,उपकण्ठ,अन्तिक,अभ्यर्ण,अभ्यग्र,अभितस्,अव्यय,उपह्वर,आरात्,अमा,समया,निकषा",,
अभ्यर्ण,वि।,समीपः,,,द्रव्यम्,दिक्,,,,,"समीप,निकट,आसन्न,सन्निकृष्ट,सनीड,सदेश,अभ्याश,सविध,समर्याद,सवेश,उपकण्ठ,अन्तिक,अभ्यर्ण,अभ्यग्र,अभितस्,अव्यय,उपह्वर,आरात्,अमा,समया,निकषा",,
अभ्यग्र,वि।,समीपः,,,द्रव्यम्,दिक्,,,,,"समीप,निकट,आसन्न,सन्निकृष्ट,सनीड,सदेश,अभ्याश,सविध,समर्याद,सवेश,उपकण्ठ,अन्तिक,अभ्यर्ण,अभ्यग्र,अभितस्,अव्यय,उपह्वर,आरात्,अमा,समया,निकषा",,
अभितस्,अव्य।,समीपः,,,द्रव्यम्,दिक्,,,,,"समीप,निकट,आसन्न,सन्निकृष्ट,सनीड,सदेश,अभ्याश,सविध,समर्याद,सवेश,उपकण्ठ,अन्तिक,अभ्यर्ण,अभ्यग्र,अभितस्,अव्यय,उपह्वर,आरात्,अमा,समया,निकषा",,
अव्यय,वि।,समीपः,,,द्रव्यम्,दिक्,,,,,"समीप,निकट,आसन्न,सन्निकृष्ट,सनीड,सदेश,अभ्याश,सविध,समर्याद,सवेश,उपकण्ठ,अन्तिक,अभ्यर्ण,अभ्यग्र,अभितस्,अव्यय,उपह्वर,आरात्,अमा,समया,निकषा",,
संसक्त,वि।,संलग्नम्,,,द्रव्यम्,,,,,,"संसक्त,अव्यवहित,अपदान्त",,
अव्यवहित,वि।,संलग्नम्,,,द्रव्यम्,,,,,,"संसक्त,अव्यवहित,अपदान्त",,
अपदान्त,वि।,संलग्नम्,,,द्रव्यम्,,,,,,"संसक्त,अव्यवहित,अपदान्त",,
नेदिष्ठ,वि।,अतिनिकटम्,,,गुणः,परिमाणः,,,,,"नेदिष्ठ,अन्तिकतम",,
अन्तिकतम,वि।,अतिनिकटम्,,,गुणः,परिमाणः,,,,,"नेदिष्ठ,अन्तिकतम",,
दूर,वि।,दूरम्,,,गुणः,परिमाणः,,,,,"दूर,विप्रकृष्टक,पर,आरात्",,
विप्रकृष्टक,वि।,दूरम्,,,गुणः,परिमाणः,,,,,"दूर,विप्रकृष्टक,पर,आरात्",,
दवीयस्,वि।,अत्यन्तदूरम्,,,गुणः,परिमाणः,,,,,"दवीयस्,दविष्ठ,सुदूर",,
दविष्ठ,वि।,अत्यन्तदूरम्,,,गुणः,परिमाणः,,,,,"दवीयस्,दविष्ठ,सुदूर",,
सुदूर,वि।,अत्यन्तदूरम्,,,गुणः,परिमाणः,,,,,"दवीयस्,दविष्ठ,सुदूर",,
दीर्घ,वि।,दीर्घम्,,,गुणः,परिमाणः,,,,,"दीर्घ,आयत",,
आयत,वि।,दीर्घम्,,,गुणः,परिमाणः,,,,,"दीर्घ,आयत",,
वर्तुल,वि।,वृत्तम्,,आकृतिः,,,,,,,"वर्तुल,निस्तल,वृत्त",,
निस्तल,वि।,वृत्तम्,,आकृतिः,,,,,,,"वर्तुल,निस्तल,वृत्त",,
वृत्त,नपुं।,वृत्तम्,,आकृतिः,,,,,,,"वर्तुल,निस्तल,वृत्त",,
बन्धुर,वि।,उन्नतानतम्,,,द्रव्यम्,,,,,,"बन्धुर,उन्नतानत",,
उन्नतानत,वि।,उन्नतानतम्,,,द्रव्यम्,,,,,,"बन्धुर,उन्नतानत",,
उच्च,वि।,उन्नतः,,,गुणः,परिमाणः,,,,,"उच्च,प्रांशु,उन्नत,उदग्र,उच्छ्रित,तुङ्ग,कराल",,
प्रांशु,वि।,उन्नतः,,,गुणः,परिमाणः,,,,,"उच्च,प्रांशु,उन्नत,उदग्र,उच्छ्रित,तुङ्ग,कराल",,
उन्नत,वि।,उन्नतः,,,गुणः,परिमाणः,,,,,"उच्च,प्रांशु,उन्नत,उदग्र,उच्छ्रित,तुङ्ग,कराल",,
उदग्र,वि।,उन्नतः,,,गुणः,परिमाणः,,,,,"उच्च,प्रांशु,उन्नत,उदग्र,उच्छ्रित,तुङ्ग,कराल",,
उच्छ्रित,वि।,उन्नतः,,,गुणः,परिमाणः,,,,,"उच्च,प्रांशु,उन्नत,उदग्र,उच्छ्रित,तुङ्ग,कराल",,
तुङ्ग,वि।,उन्नतः,,,गुणः,परिमाणः,,,,,"उच्च,प्रांशु,उन्नत,उदग्र,उच्छ्रित,तुङ्ग,कराल",,
वामन,पुं।,ह्रस्वः,,,द्रव्यम्,पृथ्वी,चलसजीवः,मनुष्यः,,,"खर्व,ह्रस्व,वामन,वामन,न्यञ्च्,नीच,खर्व,ह्रस्व",,
न्यञ्च्,वि।,ह्रस्वः,,,द्रव्यम्,पृथ्वी,चलसजीवः,मनुष्यः,,,"खर्व,ह्रस्व,वामन,वामन,न्यञ्च्,नीच,खर्व,ह्रस्व",,
नीच,पुं।,ह्रस्वः,,,द्रव्यम्,पृथ्वी,चलसजीवः,मनुष्यः,,,"खर्व,ह्रस्व,वामन,वामन,न्यञ्च्,नीच,खर्व,ह्रस्व",,
खर्व,पुं।,ह्रस्वः,,,द्रव्यम्,पृथ्वी,चलसजीवः,मनुष्यः,,,"खर्व,ह्रस्व,वामन,वामन,न्यञ्च्,नीच,खर्व,ह्रस्व",,
ह्रस्व,पुं।,ह्रस्वः,,,द्रव्यम्,पृथ्वी,चलसजीवः,मनुष्यः,,,"खर्व,ह्रस्व,वामन,वामन,न्यञ्च्,नीच,खर्व,ह्रस्व",,
अवाग्र,वि।,अधोमुखः,,,द्रव्यम्,पृथ्वी,चलसजीवः,मनुष्यः,,,"अवाञ्च्,अधोमुख,अवाग्र,अवनत,आनत",,
अवनत,वि।,अधोमुखः,,,द्रव्यम्,पृथ्वी,चलसजीवः,मनुष्यः,,,"अवाञ्च्,अधोमुख,अवाग्र,अवनत,आनत",,
आनत,वि।,अधोमुखः,,,द्रव्यम्,पृथ्वी,चलसजीवः,मनुष्यः,,,"अवाञ्च्,अधोमुख,अवाग्र,अवनत,आनत",,
अराल,वि।,वक्रम्,,,द्रव्यम्,,,,,,"अराल,वृजिन,जिह्म,ऊर्मिमत्,कुञ्चित,नत,आविद्ध,कुटिल,भुग्न,वेल्लित,वक्र,रुग्ण,भुग्न",,
वृजिन,वि।,वक्रम्,,,द्रव्यम्,,,,,,"अराल,वृजिन,जिह्म,ऊर्मिमत्,कुञ्चित,नत,आविद्ध,कुटिल,भुग्न,वेल्लित,वक्र,रुग्ण,भुग्न",,
जिह्म,वि।,वक्रम्,,,द्रव्यम्,,,,,,"अराल,वृजिन,जिह्म,ऊर्मिमत्,कुञ्चित,नत,आविद्ध,कुटिल,भुग्न,वेल्लित,वक्र,रुग्ण,भुग्न",,
ऊर्मिमत्,वि।,वक्रम्,,,द्रव्यम्,,,,,,"अराल,वृजिन,जिह्म,ऊर्मिमत्,कुञ्चित,नत,आविद्ध,कुटिल,भुग्न,वेल्लित,वक्र,रुग्ण,भुग्न",,
कुञ्चित,वि।,वक्रम्,,,द्रव्यम्,,,,,,"अराल,वृजिन,जिह्म,ऊर्मिमत्,कुञ्चित,नत,आविद्ध,कुटिल,भुग्न,वेल्लित,वक्र,रुग्ण,भुग्न",,
नत,वि।,वक्रम्,,,द्रव्यम्,,,,,,"अराल,वृजिन,जिह्म,ऊर्मिमत्,कुञ्चित,नत,आविद्ध,कुटिल,भुग्न,वेल्लित,वक्र,रुग्ण,भुग्न",,
आविद्ध,वि।,वक्रम्,,,द्रव्यम्,,,,,,"अराल,वृजिन,जिह्म,ऊर्मिमत्,कुञ्चित,नत,आविद्ध,कुटिल,भुग्न,वेल्लित,वक्र,रुग्ण,भुग्न",,
कुटिल,वि।,वक्रम्,,,द्रव्यम्,,,,,,"अराल,वृजिन,जिह्म,ऊर्मिमत्,कुञ्चित,नत,आविद्ध,कुटिल,भुग्न,वेल्लित,वक्र,रुग्ण,भुग्न",,
भुग्न,वि।,वक्रम्,,,द्रव्यम्,,,,,,"अराल,वृजिन,जिह्म,ऊर्मिमत्,कुञ्चित,नत,आविद्ध,कुटिल,भुग्न,वेल्लित,वक्र,रुग्ण,भुग्न",,
वेल्लित,वि।,वक्रम्,,,द्रव्यम्,,,,,,"अराल,वृजिन,जिह्म,ऊर्मिमत्,कुञ्चित,नत,आविद्ध,कुटिल,भुग्न,वेल्लित,वक्र,रुग्ण,भुग्न",,
वक्र,वि।,वक्रम्,,,द्रव्यम्,,,,,,"अराल,वृजिन,जिह्म,ऊर्मिमत्,कुञ्चित,नत,आविद्ध,कुटिल,भुग्न,वेल्लित,वक्र,रुग्ण,भुग्न",,
ऋजु,वि।,अवक्रम्,,,द्रव्यम्,,,,,,"ऋजु,अजिह्म,प्रगुण",,
अजिह्म,वि।,अवक्रम्,,,द्रव्यम्,,,,,,"ऋजु,अजिह्म,प्रगुण",,
प्रगुण,वि।,अवक्रम्,,,द्रव्यम्,,,,,,"ऋजु,अजिह्म,प्रगुण",,
व्यस्त,वि।,आकुलः,,,द्रव्यम्,,,,,,"व्यस्त,अप्रगुण,आकुल,व्यग्र",,
अप्रगुण,वि।,आकुलः,,,द्रव्यम्,,,,,,"व्यस्त,अप्रगुण,आकुल,व्यग्र",,
आकुल,वि।,आकुलः,,,द्रव्यम्,,,,,,"व्यस्त,अप्रगुण,आकुल,व्यग्र",,
शाश्वत,वि।,नित्यम्,,,द्रव्यम्,कालः,,,,,"शाश्वत,ध्रुव,नित्य,सदातन,सनातन,निज,सना",,
ध्रुव,वि।,नित्यम्,,,द्रव्यम्,कालः,,,,,"शाश्वत,ध्रुव,नित्य,सदातन,सनातन,निज,सना",,
नित्य,वि।,नित्यम्,,,द्रव्यम्,कालः,,,,,"शाश्वत,ध्रुव,नित्य,सदातन,सनातन,निज,सना",,
सदातन,वि।,नित्यम्,,,द्रव्यम्,कालः,,,,,"शाश्वत,ध्रुव,नित्य,सदातन,सनातन,निज,सना",,
सनातन,वि।,नित्यम्,,,द्रव्यम्,कालः,,,,,"शाश्वत,ध्रुव,नित्य,सदातन,सनातन,निज,सना",,
स्थास्नु,वि।,अतिस्थिरः,,,द्रव्यम्,,,,,,"स्थास्नु,स्थिरतर,स्थेयस्",,
स्थिरतर,वि।,अतिस्थिरः,,,द्रव्यम्,,,,,,"स्थास्नु,स्थिरतर,स्थेयस्",,
स्थेयस्,वि।,अतिस्थिरः,,,द्रव्यम्,,,,,,"स्थास्नु,स्थिरतर,स्थेयस्",,
कूटस्थ,वि।,एकरूपतया_कालव्यापी,,,द्रव्यम्,,,,,,कूटस्थ,,
स्थावर,वि।,अचरम्,,,द्रव्यम्,पृथ्वी,,,,,"स्थावर,जङ्गमेतर",,
जङ्गमेतर,वि।,अचरम्,,,द्रव्यम्,पृथ्वी,,,,,"स्थावर,जङ्गमेतर",,
चरिष्णु,वि।,चरम्,,,द्रव्यम्,पृथ्वी,,,,,"चरिष्णु,जङ्गम,चर,त्रस,इङ्ग,चराचर,जगत्",,
जङ्गम,वि।,चरम्,,,द्रव्यम्,पृथ्वी,,,,,"चरिष्णु,जङ्गम,चर,त्रस,इङ्ग,चराचर,जगत्",,
चर,वि।,चरम्,,,द्रव्यम्,पृथ्वी,,,,,"चरिष्णु,जङ्गम,चर,त्रस,इङ्ग,चराचर,जगत्",,
त्रस,वि।,चरम्,,,द्रव्यम्,पृथ्वी,,,,,"चरिष्णु,जङ्गम,चर,त्रस,इङ्ग,चराचर,जगत्",,
इङ्ग,वि।,चरम्,,,द्रव्यम्,पृथ्वी,,,,,"चरिष्णु,जङ्गम,चर,त्रस,इङ्ग,चराचर,जगत्",,
चराचर,वि।,चरम्,,,द्रव्यम्,पृथ्वी,,,,,"चरिष्णु,जङ्गम,चर,त्रस,इङ्ग,चराचर,जगत्",,
चलन,वि।,चलनम्,,,क्रिया,,,,,,"चलन,कम्पन,कम्प्र,चल,लोल,चलाचल,चञ्चल,तरल,पारिप्लव,परिप्लव",,
कम्पन,वि।,चलनम्,,,क्रिया,,,,,,"चलन,कम्पन,कम्प्र,चल,लोल,चलाचल,चञ्चल,तरल,पारिप्लव,परिप्लव",,
कम्प्र,वि।,चलनम्,,,क्रिया,,,,,,"चलन,कम्पन,कम्प्र,चल,लोल,चलाचल,चञ्चल,तरल,पारिप्लव,परिप्लव",,
चल,वि।,चलनम्,,,क्रिया,,,,,,"चलन,कम्पन,कम्प्र,चल,लोल,चलाचल,चञ्चल,तरल,पारिप्लव,परिप्लव",,
लोल,वि।,चलनम्,,,क्रिया,,,,,,"चलन,कम्पन,कम्प्र,चल,लोल,चलाचल,चञ्चल,तरल,पारिप्लव,परिप्लव",,
चलाचल,वि।,चलनम्,,,क्रिया,,,,,,"चलन,कम्पन,कम्प्र,चल,लोल,चलाचल,चञ्चल,तरल,पारिप्लव,परिप्लव",,
चञ्चल,वि।,चलनम्,,,क्रिया,,,,,,"चलन,कम्पन,कम्प्र,चल,लोल,चलाचल,चञ्चल,तरल,पारिप्लव,परिप्लव",,
तरल,वि।,चलनम्,,,क्रिया,,,,,,"चलन,कम्पन,कम्प्र,चल,लोल,चलाचल,चञ्चल,तरल,पारिप्लव,परिप्लव",,
पारिप्लव,वि।,चलनम्,,,क्रिया,,,,,,"चलन,कम्पन,कम्प्र,चल,लोल,चलाचल,चञ्चल,तरल,पारिप्लव,परिप्लव",,
परिप्लव,वि।,चलनम्,,,क्रिया,,,,,,"चलन,कम्पन,कम्प्र,चल,लोल,चलाचल,चञ्चल,तरल,पारिप्लव,परिप्लव",,
अतिरिक्त,वि।,अधिकभूतः,,,द्रव्यम्,,,,,,"अतिरिक्त,समधिक",,
समधिक,वि।,अधिकभूतः,,,द्रव्यम्,,,,,,"अतिरिक्त,समधिक",,
दृढसन्धि,वि।,दृढसन्धानम्,,,द्रव्यम्,,,,,,"दृढसन्धि,संहत",,
संहत,वि।,दृढसन्धानम्,,,द्रव्यम्,,,,,,"दृढसन्धि,संहत",,
खक्खट,वि।,कठिनम्,,,द्रव्यम्,,,,,,"खक्खट,कठिन,क्रूर,कठोर,निष्ठुर,दृढ,जरठ,मूर्तिमत्,मूर्त,घन,जठर,कर्कश",,
कठिन,वि।,कठिनम्,,,द्रव्यम्,,,,,,"खक्खट,कठिन,क्रूर,कठोर,निष्ठुर,दृढ,जरठ,मूर्तिमत्,मूर्त,घन,जठर,कर्कश",,
क्रूर,वि।,कठिनम्,,,द्रव्यम्,,,,,,"खक्खट,कठिन,क्रूर,कठोर,निष्ठुर,दृढ,जरठ,मूर्तिमत्,मूर्त,घन,जठर,कर्कश",,
कठोर,वि।,कठिनम्,,,द्रव्यम्,,,,,,"खक्खट,कठिन,क्रूर,कठोर,निष्ठुर,दृढ,जरठ,मूर्तिमत्,मूर्त,घन,जठर,कर्कश",,
निष्ठुर,वि।,कठिनम्,,,द्रव्यम्,,,,,,"खक्खट,कठिन,क्रूर,कठोर,निष्ठुर,दृढ,जरठ,मूर्तिमत्,मूर्त,घन,जठर,कर्कश",,
दृढ,वि।,कठिनम्,,,द्रव्यम्,,,,,,"खक्खट,कठिन,क्रूर,कठोर,निष्ठुर,दृढ,जरठ,मूर्तिमत्,मूर्त,घन,जठर,कर्कश",,
जरठ,वि।,कठिनम्,,,द्रव्यम्,,,,,,"खक्खट,कठिन,क्रूर,कठोर,निष्ठुर,दृढ,जरठ,मूर्तिमत्,मूर्त,घन,जठर,कर्कश",,
मूर्तिमत्,वि।,कठिनम्,,,द्रव्यम्,,,,,,"खक्खट,कठिन,क्रूर,कठोर,निष्ठुर,दृढ,जरठ,मूर्तिमत्,मूर्त,घन,जठर,कर्कश",,
मूर्त,वि।,कठिनम्,,,द्रव्यम्,,,,,,"खक्खट,कठिन,क्रूर,कठोर,निष्ठुर,दृढ,जरठ,मूर्तिमत्,मूर्त,घन,जठर,कर्कश",,
प्रवृद्ध,वि।,प्रवृद्धम्,,,सामान्यम्,अवस्था,,,,,"प्रवृद्ध,प्रौढ,एधित,उच्छ्रित",,
प्रौढ,वि।,प्रवृद्धम्,,,सामान्यम्,अवस्था,,,,,"प्रवृद्ध,प्रौढ,एधित,उच्छ्रित",,
एधित,वि।,प्रवृद्धम्,,,सामान्यम्,अवस्था,,,,,"प्रवृद्ध,प्रौढ,एधित,उच्छ्रित",,
पुराण,वि।,पुरातनः,,,द्रव्यम्,,,,,,"पुराण,प्रतन,प्रत्न,पुरातन,चिरन्तन",,
प्रतन,वि।,पुरातनः,,,द्रव्यम्,,,,,,"पुराण,प्रतन,प्रत्न,पुरातन,चिरन्तन",,
प्रत्न,वि।,पुरातनः,,,द्रव्यम्,,,,,,"पुराण,प्रतन,प्रत्न,पुरातन,चिरन्तन",,
पुरातन,वि।,पुरातनः,,,द्रव्यम्,,,,,,"पुराण,प्रतन,प्रत्न,पुरातन,चिरन्तन",,
चिरन्तन,वि।,पुरातनः,,,द्रव्यम्,,,,,,"पुराण,प्रतन,प्रत्न,पुरातन,चिरन्तन",,
प्रत्यग्र,वि।,नूतनः,,,द्रव्यम्,,,,,,"प्रत्यग्र,अभिनव,नव्य,नवीन,नूतन,नव,नूत्न",,
अभिनव,वि।,नूतनः,,,द्रव्यम्,,,,,,"प्रत्यग्र,अभिनव,नव्य,नवीन,नूतन,नव,नूत्न",,
नव्य,वि।,नूतनः,,,द्रव्यम्,,,,,,"प्रत्यग्र,अभिनव,नव्य,नवीन,नूतन,नव,नूत्न",,
नवीन,वि।,नूतनः,,,द्रव्यम्,,,,,,"प्रत्यग्र,अभिनव,नव्य,नवीन,नूतन,नव,नूत्न",,
नूतन,वि।,नूतनः,,,द्रव्यम्,,,,,,"प्रत्यग्र,अभिनव,नव्य,नवीन,नूतन,नव,नूत्न",,
नव,वि।,नूतनः,,,द्रव्यम्,,,,,,"प्रत्यग्र,अभिनव,नव्य,नवीन,नूतन,नव,नूत्न",,
नूत्न,वि।,नूतनः,,,द्रव्यम्,,,,,,"प्रत्यग्र,अभिनव,नव्य,नवीन,नूतन,नव,नूत्न",,
सुकुमार,वि।,कोमलम्,,,द्रव्यम्,,,,,,"सुकुमार,कोमल,मृदुल,मृदु",,
कोमल,वि।,कोमलम्,,,द्रव्यम्,,,,,,"सुकुमार,कोमल,मृदुल,मृदु",,
मृदुल,वि।,कोमलम्,,,द्रव्यम्,,,,,,"सुकुमार,कोमल,मृदुल,मृदु",,
मृदु,वि।,कोमलम्,,,द्रव्यम्,,,,,,"सुकुमार,कोमल,मृदुल,मृदु",,
अन्वञ्च्,वि।,पश्चादर्थः,,,द्रव्यम्,कालः,,,,,"अन्वञ्च्,अन्वक्ष,अनुग,अनुपद",,
अन्वक्ष,वि।,पश्चादर्थः,,,द्रव्यम्,कालः,,,,,"अन्वञ्च्,अन्वक्ष,अनुग,अनुपद",,
अनुग,वि।,पश्चादर्थः,,,द्रव्यम्,कालः,,,,,"अन्वञ्च्,अन्वक्ष,अनुग,अनुपद",,
अनुपद,नपुं-अव्य।,पश्चादर्थः,,,द्रव्यम्,कालः,,,,,"अन्वञ्च्,अन्वक्ष,अनुग,अनुपद",,
प्रत्यक्ष,वि।,इन्द्रियज्ञानम्,,,द्रव्यम्,,,,,,"प्रत्यक्ष,ऐन्द्रियक",,
ऐन्द्रियक,वि।,इन्द्रियज्ञानम्,,,द्रव्यम्,,,,,,"प्रत्यक्ष,ऐन्द्रियक",,
अप्रत्यक्ष,वि।,इन्द्रियेणाज्ञातम्,,,द्रव्यम्,,,,,,"अप्रत्यक्ष,अतीन्द्रिय",,
अतीन्द्रिय,वि।,इन्द्रियेणाज्ञातम्,,,द्रव्यम्,,,,,,"अप्रत्यक्ष,अतीन्द्रिय",,
एकतान,वि।,एकाग्रः,,,द्रव्यम्,पृथ्वी,चलसजीवः,मनुष्यः,,,"एकतान,अनन्यवृत्ति,एकाग्र,एकायन,एकसर्ग,एकाग्र्य,एकायनगत",,
अनन्यवृत्ति,वि।,एकाग्रः,,,द्रव्यम्,पृथ्वी,चलसजीवः,मनुष्यः,,,"एकतान,अनन्यवृत्ति,एकाग्र,एकायन,एकसर्ग,एकाग्र्य,एकायनगत",,
एकाग्र,वि।,एकाग्रः,,,द्रव्यम्,पृथ्वी,चलसजीवः,मनुष्यः,,,"एकतान,अनन्यवृत्ति,एकाग्र,एकायन,एकसर्ग,एकाग्र्य,एकायनगत",,
एकायन,वि।,एकाग्रः,,,द्रव्यम्,पृथ्वी,चलसजीवः,मनुष्यः,,,"एकतान,अनन्यवृत्ति,एकाग्र,एकायन,एकसर्ग,एकाग्र्य,एकायनगत",,
एकसर्ग,वि।,एकाग्रः,,,द्रव्यम्,पृथ्वी,चलसजीवः,मनुष्यः,,,"एकतान,अनन्यवृत्ति,एकाग्र,एकायन,एकसर्ग,एकाग्र्य,एकायनगत",,
एकाग्र्य,वि।,एकाग्रः,,,द्रव्यम्,पृथ्वी,चलसजीवः,मनुष्यः,,,"एकतान,अनन्यवृत्ति,एकाग्र,एकायन,एकसर्ग,एकाग्र्य,एकायनगत",,
एकायनगत,वि।,एकाग्रः,,,द्रव्यम्,पृथ्वी,चलसजीवः,मनुष्यः,,,"एकतान,अनन्यवृत्ति,एकाग्र,एकायन,एकसर्ग,एकाग्र्य,एकायनगत",,
आदि,पुं।,आद्यः,,,गुणः,परिमाणः,,,,,"आदि,पूर्व,पौरस्त्य,प्रथम,आद्य,मूल",,
पूर्व,वि।,आद्यः,,,गुणः,परिमाणः,,,,,"आदि,पूर्व,पौरस्त्य,प्रथम,आद्य,मूल",,
पौरस्त्य,वि।,आद्यः,,,गुणः,परिमाणः,,,,,"आदि,पूर्व,पौरस्त्य,प्रथम,आद्य,मूल",,
प्रथम,वि।,आद्यः,,,गुणः,परिमाणः,,,,,"आदि,पूर्व,पौरस्त्य,प्रथम,आद्य,मूल",,
आद्य,वि।,आद्यः,,,गुणः,परिमाणः,,,,,"आदि,पूर्व,पौरस्त्य,प्रथम,आद्य,मूल",,
अन्त,पुं-नपुं।,अन्त्यम्,,,गुणः,परिमाणः,,,,,"अन्त,जघन्य,चरम,अन्त्य,पाश्चात्य,पश्चिम,निष्ठा",,
जघन्य,वि।,अन्त्यम्,,,गुणः,परिमाणः,,,,,"अन्त,जघन्य,चरम,अन्त्य,पाश्चात्य,पश्चिम,निष्ठा",,
चरम,वि।,अन्त्यम्,,,गुणः,परिमाणः,,,,,"अन्त,जघन्य,चरम,अन्त्य,पाश्चात्य,पश्चिम,निष्ठा",,
अन्त्य,वि।,अन्त्यम्,,,गुणः,परिमाणः,,,,,"अन्त,जघन्य,चरम,अन्त्य,पाश्चात्य,पश्चिम,निष्ठा",,
पाश्चात्य,वि।,अन्त्यम्,,,गुणः,परिमाणः,,,,,"अन्त,जघन्य,चरम,अन्त्य,पाश्चात्य,पश्चिम,निष्ठा",,
पश्चिम,वि।,अन्त्यम्,,,गुणः,परिमाणः,,,,,"अन्त,जघन्य,चरम,अन्त्य,पाश्चात्य,पश्चिम,निष्ठा",,
मोघ,वि।,निष्प्रयोजनम्,,,द्रव्यम्,,,,,,"मोघ,निरर्थक",,
निरर्थक,वि।,निष्प्रयोजनम्,,,द्रव्यम्,,,,,,"मोघ,निरर्थक",,
स्पष्ट,वि।,स्पष्टम्,,,द्रव्यम्,,,,,,"स्पष्ट,स्फुट,प्रव्यक्त,उल्बण",,
स्फुट,वि।,स्पष्टम्,,,द्रव्यम्,,,,,,"स्पष्ट,स्फुट,प्रव्यक्त,उल्बण",,
प्रव्यक्त,वि।,स्पष्टम्,,,द्रव्यम्,,,,,,"स्पष्ट,स्फुट,प्रव्यक्त,उल्बण",,
उल्बण,वि।,स्पष्टम्,,,द्रव्यम्,,,,,,"स्पष्ट,स्फुट,प्रव्यक्त,उल्बण",,
साधारण,वि।,साधारणम्,,,द्रव्यम्,,,,,,"साधारण,सामान्य",,
सामान्य,नपुं।,साधारणम्,,,द्रव्यम्,,,,,,"साधारण,सामान्य",,
एकाकिन्,वि।,असहायः,,,द्रव्यम्,,,,,,"एकाकिन्,एक,एकक",,
एक,वि।,असहायः,,,द्रव्यम्,,,,,,"एकाकिन्,एक,एकक",,
एकक,वि।,असहायः,,,द्रव्यम्,,,,,,"एकाकिन्,एक,एकक",,
भिन्नार्थक,वि।,भिन्नार्थकाः,,,गुणः,परिमाणः,,,,,"भिन्नार्थक,अन्यतर,एक,त्व,अन्य,इतर",,
अन्यतर,वि।,भिन्नार्थकाः,,,गुणः,परिमाणः,,,,,"भिन्नार्थक,अन्यतर,एक,त्व,अन्य,इतर",,
एक,वि।,भिन्नार्थकाः,,,गुणः,परिमाणः,,,,,"भिन्नार्थक,अन्यतर,एक,त्व,अन्य,इतर",,
त्व,वि।,भिन्नार्थकाः,,,गुणः,परिमाणः,,,,,"भिन्नार्थक,अन्यतर,एक,त्व,अन्य,इतर",,
अन्य,वि।,भिन्नार्थकाः,,,गुणः,परिमाणः,,,,,"भिन्नार्थक,अन्यतर,एक,त्व,अन्य,इतर",,
इतर,वि।,भिन्नार्थकाः,,,गुणः,परिमाणः,,,,,"भिन्नार्थक,अन्यतर,एक,त्व,अन्य,इतर",,
उच्चावच,वि।,अनेकप्रकारकम्,,,द्रव्यम्,,,,,,"उच्चावच,नैकभेद",,
नैकभेद,वि।,अनेकप्रकारकम्,,,द्रव्यम्,,,,,,"उच्चावच,नैकभेद",,
उच्चण्ड,वि।,अविलम्बितम्,,,द्रव्यम्,,,,,,"उच्चण्ड,अविलम्बित",,
अविलम्बित,वि।,अविलम्बितम्,,,द्रव्यम्,,,,,,"उच्चण्ड,अविलम्बित",,
अरुन्तुद,वि।,मर्मपीडकः,,,द्रव्यम्,पृथ्वी,चलसजीवः,मनुष्यः,,,"अरुन्तुद,मर्मस्पृश्",,
मर्मस्पृश्,वि।,मर्मपीडकः,,,द्रव्यम्,पृथ्वी,चलसजीवः,मनुष्यः,,,"अरुन्तुद,मर्मस्पृश्",,
अबाध,वि।,अबाधितम्,,,द्रव्यम्,,,,,,"अबाध,निरर्गल",,
निरर्गल,वि।,अबाधितम्,,,द्रव्यम्,,,,,,"अबाध,निरर्गल",,
प्रसव्य,वि।,प्रतिकूलम्,,,द्रव्यम्,,,,,,"प्रसव्य,प्रतिकूल,अपसव्य,अपष्ठु,प्रतीक,वाम",,
प्रतिकूल,वि।,प्रतिकूलम्,,,द्रव्यम्,,,,,,"प्रसव्य,प्रतिकूल,अपसव्य,अपष्ठु,प्रतीक,वाम",,
अपसव्य,वि।,प्रतिकूलम्,,,द्रव्यम्,,,,,,"प्रसव्य,प्रतिकूल,अपसव्य,अपष्ठु,प्रतीक,वाम",,
अपष्ठु,वि।,प्रतिकूलम्,,,द्रव्यम्,,,,,,"प्रसव्य,प्रतिकूल,अपसव्य,अपष्ठु,प्रतीक,वाम",,
सव्य,वि।,वामं_शरीरम्,,अवयवः,,,,,,,सव्य,,
अपसव्य,वि।,दक्षिणशरीरभागः,,अवयवः,,,,,,,अपसव्य,,
सङ्कट,पुं।,सङ्कीर्णम्,,,द्रव्यम्,,,,,,"सङ्कट,सम्बाध",,
सम्बाध,पुं।,सङ्कीर्णम्,,,द्रव्यम्,,,,,,"सङ्कट,सम्बाध",,
कलिल,वि।,दुष्प्रवेशः,,,द्रव्यम्,,,,,,"कलिल,गहन,कष्ट",,
गहन,वि।,दुष्प्रवेशः,,,द्रव्यम्,,,,,,"कलिल,गहन,कष्ट",,
सङ्कीर्ण,वि।,नानाजातीयसम्मिलितम्,,,द्रव्यम्,,,,,,"सङ्कीर्ण,सङ्कुल,आकीर्ण",,
सङ्कुल,वि।,नानाजातीयसम्मिलितम्,,,द्रव्यम्,,,,,,"सङ्कीर्ण,सङ्कुल,आकीर्ण",,
आकीर्ण,वि।,नानाजातीयसम्मिलितम्,,,द्रव्यम्,,,,,,"सङ्कीर्ण,सङ्कुल,आकीर्ण",,
मुण्डित,वि।,कृतमुन्डितम्,,,द्रव्यम्,,,,,,"मुण्डित,परिवापित",,
परिवापित,वि।,कृतमुन्डितम्,,,द्रव्यम्,,,,,,"मुण्डित,परिवापित",,
ग्रन्थित,वि।,ग्रन्थितम्,,,द्रव्यम्,,,,,,"ग्रन्थित,सन्दित,दृब्ध",,
सन्दित,वि।,ग्रन्थितम्,,,द्रव्यम्,,,,,,"ग्रन्थित,सन्दित,दृब्ध",,
दृब्ध,वि।,ग्रन्थितम्,,,द्रव्यम्,,,,,,"ग्रन्थित,सन्दित,दृब्ध",,
विसृत,वि।,लब्धप्रसरम्,,,द्रव्यम्,,,,,,"विसृत,विस्तृत,तत",,
विस्तृत,वि।,लब्धप्रसरम्,,,द्रव्यम्,,,,,,"विसृत,विस्तृत,तत",,
तत,वि।,लब्धप्रसरम्,,,द्रव्यम्,,,,,,"विसृत,विस्तृत,तत",,
अन्तर्गत,वि।,विस्मृतम्,,,द्रव्यम्,,,,,,"अन्तर्गत,विस्मृत",,
विस्मृत,वि।,विस्मृतम्,,,द्रव्यम्,,,,,,"अन्तर्गत,विस्मृत",,
प्राप्त,वि।,लब्धम्,,,द्रव्यम्,,,,,,"प्राप्त,प्रणिहित",,
प्रणिहित,वि।,लब्धम्,,,द्रव्यम्,,,,,,"प्राप्त,प्रणिहित",,
वेल्लित,वि।,ईषत्कम्पितः,,,द्रव्यम्,,,,,,"वेल्लित,प्रेङ्खित,आधूत,चलित,आकम्पित,धुत",,
प्रेङ्खित,वि।,ईषत्कम्पितः,,,द्रव्यम्,,,,,,"वेल्लित,प्रेङ्खित,आधूत,चलित,आकम्पित,धुत",,
आधूत,वि।,ईषत्कम्पितः,,,द्रव्यम्,,,,,,"वेल्लित,प्रेङ्खित,आधूत,चलित,आकम्पित,धुत",,
चलित,वि।,ईषत्कम्पितः,,,द्रव्यम्,,,,,,"वेल्लित,प्रेङ्खित,आधूत,चलित,आकम्पित,धुत",,
आकम्पित,वि।,ईषत्कम्पितः,,,द्रव्यम्,,,,,,"वेल्लित,प्रेङ्खित,आधूत,चलित,आकम्पित,धुत",,
धुत,वि।,ईषत्कम्पितः,,,द्रव्यम्,,,,,,"वेल्लित,प्रेङ्खित,आधूत,चलित,आकम्पित,धुत",,
नुत्त,वि।,प्रेरितः,,,द्रव्यम्,,,,,,"नुत्त,नुन्न,अस्त,निष्ठ्यूत,आविद्ध,क्षिप्त,ईरित",,
नुन्न,वि।,प्रेरितः,,,द्रव्यम्,,,,,,"नुत्त,नुन्न,अस्त,निष्ठ्यूत,आविद्ध,क्षिप्त,ईरित",,
अस्त,वि।,प्रेरितः,,,द्रव्यम्,,,,,,"नुत्त,नुन्न,अस्त,निष्ठ्यूत,आविद्ध,क्षिप्त,ईरित",,
निष्ठ्यूत,वि।,प्रेरितः,,,द्रव्यम्,,,,,,"नुत्त,नुन्न,अस्त,निष्ठ्यूत,आविद्ध,क्षिप्त,ईरित",,
आविद्ध,वि।,प्रेरितः,,,द्रव्यम्,,,,,,"नुत्त,नुन्न,अस्त,निष्ठ्यूत,आविद्ध,क्षिप्त,ईरित",,
क्षिप्त,वि।,प्रेरितः,,,द्रव्यम्,,,,,,"नुत्त,नुन्न,अस्त,निष्ठ्यूत,आविद्ध,क्षिप्त,ईरित",,
ईरित,वि।,प्रेरितः,,,द्रव्यम्,,,,,,"नुत्त,नुन्न,अस्त,निष्ठ्यूत,आविद्ध,क्षिप्त,ईरित",,
परिक्षिप्त,वि।,प्रकारादिना_वेष्टितः,,,द्रव्यम्,,,,,,"परिक्षिप्त,निवृत",,
निवृत,वि।,प्रकारादिना_वेष्टितः,,,द्रव्यम्,,,,,,"परिक्षिप्त,निवृत",,
मूषित,वि।,चोरितम्,,,द्रव्यम्,,,,,,"मूषित,मुषित",,
मुषित,वि।,चोरितम्,,,द्रव्यम्,,,,,,"मूषित,मुषित",,
प्रवृद्ध,वि।,प्रसृतम्,,,द्रव्यम्,,,,,,"प्रवृद्ध,प्रसृत",,
प्रसृत,वि।,प्रसृतम्,,,द्रव्यम्,,,,,,"प्रवृद्ध,प्रसृत",,
न्यस्त,वि।,निक्षिप्तः,,,द्रव्यम्,,,,,,"न्यस्त,निसृष्ट",,
निसृष्ट,वि।,निक्षिप्तः,,,द्रव्यम्,,,,,,"न्यस्त,निसृष्ट",,
गुणित,वि।,गुणितम्,,,गुणः,परिमाणः,,,,,"गुणित,आहत",,
आहत,वि।,गुणितम्,,,गुणः,परिमाणः,,,,,"गुणित,आहत",,
निदिग्ध,वि।,पुष्टिं_प्रापितः,,,द्रव्यम्,,,,,,"निदिग्ध,उपचित",,
उपचित,वि।,पुष्टिं_प्रापितः,,,द्रव्यम्,,,,,,"निदिग्ध,उपचित",,
गूढ,वि।,कृतगोपनः,,,द्रव्यम्,,,,,,"गूढ,गुप्त",,
गुप्त,वि।,कृतगोपनः,,,द्रव्यम्,,,,,,"गूढ,गुप्त",,
गुण्ठित,वि।,धूलिलिप्तः,,,द्रव्यम्,,,,,,"गुण्ठित,रूषित",,
रूषित,वि।,धूलिलिप्तः,,,द्रव्यम्,,,,,,"गुण्ठित,रूषित",,
द्रुत,वि।,प्रापितद्रवीभवः,,,द्रव्यम्,,,,,,"द्रुत,अवदीर्ण",,
अवदीर्ण,वि।,प्रापितद्रवीभवः,,,द्रव्यम्,,,,,,"द्रुत,अवदीर्ण",,
उद्गूर्ण,वि।,उत्तोलितशस्त्रादिः,,उपकरणम्,,,,,,,"उद्गूर्ण,उद्यत",,
उद्यत,वि।,उत्तोलितशस्त्रादिः,,उपकरणम्,,,,,,,"उद्गूर्ण,उद्यत",,
काचित,वि।,शिक्ये_स्तापितः,,,द्रव्यम्,,,,,,"काचित,शिक्यित",,
शिक्यित,वि।,शिक्ये_स्तापितः,,,द्रव्यम्,,,,,,"काचित,शिक्यित",,
घ्राण,वि।,आघ्रातः,,,द्रव्यम्,,,,,,"घ्राण,घ्रात",,
घ्रात,वि।,आघ्रातः,,,द्रव्यम्,,,,,,"घ्राण,घ्रात",,
दिग्ध,वि।,लिप्तम्,,,द्रव्यम्,,,,,,"दिग्ध,लिप्त",,
लिप्त,वि।,लिप्तम्,,,द्रव्यम्,,,,,,"दिग्ध,लिप्त",,
समुदक्त,वि।,कूपादेर्निष्कासितजलादिः,,,द्रव्यम्,,,,,,"समुदक्त,उद्धृत",,
उद्धृत,वि।,कूपादेर्निष्कासितजलादिः,,,द्रव्यम्,,,,,,"समुदक्त,उद्धृत",,
वेष्टित,वि।,नद्यादिवेष्टितम्,,,द्रव्यम्,,,,,,"वेष्टित,वलयित,संवीत,रुद्ध,आवृत",,
वलयित,वि।,नद्यादिवेष्टितम्,,,द्रव्यम्,,,,,,"वेष्टित,वलयित,संवीत,रुद्ध,आवृत",,
संवीत,वि।,नद्यादिवेष्टितम्,,,द्रव्यम्,,,,,,"वेष्टित,वलयित,संवीत,रुद्ध,आवृत",,
रुद्ध,वि।,नद्यादिवेष्टितम्,,,द्रव्यम्,,,,,,"वेष्टित,वलयित,संवीत,रुद्ध,आवृत",,
आवृत,वि।,नद्यादिवेष्टितम्,,,द्रव्यम्,,,,,,"वेष्टित,वलयित,संवीत,रुद्ध,आवृत",,
रुग्ण,वि।,वक्रम्,,,द्रव्यम्,,,,,,"अराल,वृजिन,जिह्म,ऊर्मिमत्,कुञ्चित,नत,आविद्ध,कुटिल,भुग्न,वेल्लित,वक्र,रुग्ण,भुग्न",,
भुग्न,वि।,वक्रम्,,,द्रव्यम्,,,,,,"अराल,वृजिन,जिह्म,ऊर्मिमत्,कुञ्चित,नत,आविद्ध,कुटिल,भुग्न,वेल्लित,वक्र,रुग्ण,भुग्न",,
निशित,वि।,शाणादिना_तीक्ष्णीकृतम्,,"उपकरणम्,आयुधम्",,,,,,,"निशित,क्ष्णुत,शात,तेजित",,
क्ष्णुत,वि।,शाणादिना_तीक्ष्णीकृतम्,,"उपकरणम्,आयुधम्",,,,,,,"निशित,क्ष्णुत,शात,तेजित",,
शात,नपुं।,शाणादिना_तीक्ष्णीकृतम्,,"उपकरणम्,आयुधम्",,,,,,,"निशित,क्ष्णुत,शात,तेजित",,
तेजित,वि।,शाणादिना_तीक्ष्णीकृतम्,,"उपकरणम्,आयुधम्",,,,,,,"निशित,क्ष्णुत,शात,तेजित",,
विनाशोन्मुख,वि।,विनाशोन्मुखम्,,,द्रव्यम्,,,,,,"विनाशोन्मुख,पक्व",,
पक्व,वि।,विनाशोन्मुखम्,,,द्रव्यम्,,,,,,"विनाशोन्मुख,पक्व",,
ह्रीण,वि।,सञ्जातलज्जः,,,द्रव्यम्,पृथ्वी,चलसजीवः,मनुष्यः,,,"ह्रीण,ह्रीत,लज्जित",,
ह्रीत,वि।,सञ्जातलज्जः,,,द्रव्यम्,पृथ्वी,चलसजीवः,मनुष्यः,,,"ह्रीण,ह्रीत,लज्जित",,
लज्जित,वि।,सञ्जातलज्जः,,,द्रव्यम्,पृथ्वी,चलसजीवः,मनुष्यः,,,"ह्रीण,ह्रीत,लज्जित",,
वृत,वि।,कृतावरणः,,,द्रव्यम्,पृथ्वी,चलसजीवः,मनुष्यः,,,"वृत,वृत्त,व्यावृत्त",,
वृत्त,वि।,कृतावरणः,,,द्रव्यम्,पृथ्वी,चलसजीवः,मनुष्यः,,,"वृत,वृत्त,व्यावृत्त",,
व्यावृत्त,वि।,कृतावरणः,,,द्रव्यम्,पृथ्वी,चलसजीवः,मनुष्यः,,,"वृत,वृत्त,व्यावृत्त",,
संयोजित,वि।,मेलितः,,,द्रव्यम्,,,,,,"संयोजित,उपाहित",,
उपाहित,वि।,मेलितः,,,द्रव्यम्,,,,,,"संयोजित,उपाहित",,
प्राप्य,वि।,प्राप्तुं_शक्यः,,,द्रव्यम्,,,,,,"प्राप्य,गम्य,समासाद्य",,
गम्य,वि।,प्राप्तुं_शक्यः,,,द्रव्यम्,,,,,,"प्राप्य,गम्य,समासाद्य",,
समासाद्य,वि।,प्राप्तुं_शक्यः,,,द्रव्यम्,,,,,,"प्राप्य,गम्य,समासाद्य",,
स्यन्न,वि।,प्रस्नुतम्,,,द्रव्यम्,,,,,,"स्यन्न,रीण,स्नुत,स्रुत",,
रीण,वि।,प्रस्नुतम्,,,द्रव्यम्,,,,,,"स्यन्न,रीण,स्नुत,स्रुत",,
स्नुत,वि।,प्रस्नुतम्,,,द्रव्यम्,,,,,,"स्यन्न,रीण,स्नुत,स्रुत",,
स्रुत,वि।,प्रस्नुतम्,,,द्रव्यम्,,,,,,"स्यन्न,रीण,स्नुत,स्रुत",,
सङ्गूढ,वि।,अङ्कान्तरेणैकीकृताङ्कादिः,,,द्रव्यम्,,,,,,"सङ्गूढ,सङ्कलित",,
सङ्कलित,वि।,अङ्कान्तरेणैकीकृताङ्कादिः,,,द्रव्यम्,,,,,,"सङ्गूढ,सङ्कलित",,
अवगीत,वि।,प्रसिद्धनिन्दः,,,द्रव्यम्,पृथ्वी,चलसजीवः,मनुष्यः,,,"अवगीत,ख्यातगर्हण",,
ख्यातगर्हण,वि।,प्रसिद्धनिन्दः,,,द्रव्यम्,पृथ्वी,चलसजीवः,मनुष्यः,,,"अवगीत,ख्यातगर्हण",,
विविध,वि।,नानारूपः,,,गुणः,रूपम्,,,,,"विविध,बहुविध,नानारूप,पृथग्विध",,
बहुविध,वि।,नानारूपः,,,गुणः,रूपम्,,,,,"विविध,बहुविध,नानारूप,पृथग्विध",,
नानारूप,वि।,नानारूपः,,,गुणः,रूपम्,,,,,"विविध,बहुविध,नानारूप,पृथग्विध",,
पृथग्विध,वि।,नानारूपः,,,गुणः,रूपम्,,,,,"विविध,बहुविध,नानारूप,पृथग्विध",,
अवरीण,वि।,निन्दितमात्रः,,,द्रव्यम्,पृथ्वी,चलसजीवः,मनुष्यः,,,"अवरीण,धिक्कृत",,
धिक्कृत,वि।,निन्दितमात्रः,,,द्रव्यम्,पृथ्वी,चलसजीवः,मनुष्यः,,,"अवरीण,धिक्कृत",,
अवध्वस्त,वि।,क्षिप्तसुधादिचूर्णः,,,द्रव्यम्,पृथ्वी,अचलनिर्जीवः,अचलनिर्जीववस्तु,,,"अवध्वस्त,अवचूर्णित",,
अवचूर्णित,वि।,क्षिप्तसुधादिचूर्णः,,,द्रव्यम्,पृथ्वी,अचलनिर्जीवः,अचलनिर्जीववस्तु,,,"अवध्वस्त,अवचूर्णित",,
अनायासकृत,वि।,क्वाथविशेषः,,"खाद्यम्,पानीयम्",,,,,,,"अनायासकृत,फाण्ट",,
फाण्ट,वि।,क्वाथविशेषः,,"खाद्यम्,पानीयम्",,,,,,,"अनायासकृत,फाण्ट",,
स्वनित,वि।,कृतशब्दः,,,गुणः,शब्दः,,,,,"स्वनित,ध्वनित",,
ध्वनित,वि।,कृतशब्दः,,,गुणः,शब्दः,,,,,"स्वनित,ध्वनित",,
बद्ध,वि।,बद्धः,,,द्रव्यम्,पृथ्वी,चलसजीवः,मनुष्यः,,,"बद्ध,कीलित,संयत,बद्ध,सम्दनित,मूत,उद्दित,सम्दित,सित",,
सम्दनित,वि।,बद्धः,,,द्रव्यम्,पृथ्वी,चलसजीवः,मनुष्यः,,,"बद्ध,कीलित,संयत,बद्ध,सम्दनित,मूत,उद्दित,सम्दित,सित",,
मूत,वि।,बद्धः,,,द्रव्यम्,पृथ्वी,चलसजीवः,मनुष्यः,,,"बद्ध,कीलित,संयत,बद्ध,सम्दनित,मूत,उद्दित,सम्दित,सित",,
उद्दित,वि।,बद्धः,,,द्रव्यम्,पृथ्वी,चलसजीवः,मनुष्यः,,,"बद्ध,कीलित,संयत,बद्ध,सम्दनित,मूत,उद्दित,सम्दित,सित",,
सम्दित,वि।,बद्धः,,,द्रव्यम्,पृथ्वी,चलसजीवः,मनुष्यः,,,"बद्ध,कीलित,संयत,बद्ध,सम्दनित,मूत,उद्दित,सम्दित,सित",,
सित,वि।,बद्धः,,,द्रव्यम्,पृथ्वी,चलसजीवः,मनुष्यः,,,"बद्ध,कीलित,संयत,बद्ध,सम्दनित,मूत,उद्दित,सम्दित,सित",,
निष्पक्व,वि।,साकल्येन_पक्वम्,,पक्वम्,,,,,,,"निष्पक्व,क्वथित",,
क्वथित,वि।,साकल्येन_पक्वम्,,पक्वम्,,,,,,,"निष्पक्व,क्वथित",,
शृत,वि।,क्षीरादिषु_कृतपाकः,,पक्वम्,,,,,,,शृत,,
निर्वाण,वि।,मुनिवह्न्यादौ_प्रयुक्तः,,,द्रव्यम्,,,,,,निर्वाण,,
निर्वात,वि।,गतानिलः,,,द्रव्यम्,पृथ्वी,अचलनिर्जीवः,स्थानम्,,,निर्वात,,
पक्व,वि।,परिणामं_प्राप्तः,,,द्रव्यम्,,,,,,"पक्व,परिणत",,
परिणत,वि।,परिणामं_प्राप्तः,,,द्रव्यम्,,,,,,"पक्व,परिणत",,
गून,वि।,गुतनिष्कासितपुरीषः,,,द्रव्यम्,पृथ्वी,अचलनिर्जीवः,अचलनिर्जीववस्तु,,,"गून,हन्न",,
हन्न,वि।,गुतनिष्कासितपुरीषः,,,द्रव्यम्,पृथ्वी,अचलनिर्जीवः,अचलनिर्जीववस्तु,,,"गून,हन्न",,
मीढ,वि।,उपस्थनिष्कासितमूत्रम्,,,द्रव्यम्,पृथ्वी,अचलनिर्जीवः,अचलनिर्जीववस्तु,,,"मीढ,मूत्रित",,
मूत्रित,वि।,उपस्थनिष्कासितमूत्रम्,,,द्रव्यम्,पृथ्वी,अचलनिर्जीवः,अचलनिर्जीववस्तु,,,"मीढ,मूत्रित",,
पुष्ट,वि।,पोषितम्,,,द्रव्यम्,,,,,,"पुष्ट,पुषित",,
पुषित,वि।,पोषितम्,,,द्रव्यम्,,,,,,"पुष्ट,पुषित",,
सोढ,वि।,क्षमां_प्रापितः,,,द्रव्यम्,पृथ्वी,चलसजीवः,मनुष्यः,,,"सोढ,क्षान्त",,
क्षान्त,वि।,क्षमां_प्रापितः,,,द्रव्यम्,पृथ्वी,चलसजीवः,मनुष्यः,,,"सोढ,क्षान्त",,
उद्वान्त,वि।,वमित्वा_त्यक्तान्नादिः,,खाद्यम्,,,,,,,"उद्वान्त,उद्गत",,
उद्गत,वि।,वमित्वा_त्यक्तान्नादिः,,खाद्यम्,,,,,,,"उद्वान्त,उद्गत",,
दान्त,वि।,दमितवृषभादिः,,,द्रव्यम्,पृथ्वी,चलसजीवः,मनुष्येतरः,जन्तुः,स्तनपायी,"दान्त,दमित",,
दमित,वि।,दमितवृषभादिः,,,द्रव्यम्,पृथ्वी,चलसजीवः,मनुष्येतरः,जन्तुः,स्तनपायी,"दान्त,दमित",,
शान्त,वि।,शमनं_प्रापितः,,,द्रव्यम्,,,,,,"शान्त,शमित",,
शमित,वि।,शमनं_प्रापितः,,,द्रव्यम्,,,,,,"शान्त,शमित",,
प्रार्थित,वि।,याचितः,,,द्रव्यम्,पृथ्वी,चलसजीवः,मनुष्यः,,,"प्रार्थित,अर्दित",,
अर्दित,वि।,याचितः,,,द्रव्यम्,पृथ्वी,चलसजीवः,मनुष्यः,,,"प्रार्थित,अर्दित",,
ज्ञप्त,वि।,बोधं_प्रापितः,,,द्रव्यम्,,,,,,"ज्ञप्त,ज्ञपित",,
ज्ञपित,वि।,बोधं_प्रापितः,,,द्रव्यम्,,,,,,"ज्ञप्त,ज्ञपित",,
छन्न,वि।,आच्छादितः,,,द्रव्यम्,,,,,,"छन्न,छादित",,
छादित,वि।,आच्छादितः,,,द्रव्यम्,,,,,,"छन्न,छादित",,
पूजित,वि।,पूजितः,,,द्रव्यम्,पृथ्वी,चलसजीवः,मनुष्यः,,,"पूजित,अञ्चित,वरिवसित,वरिवस्यित,उपासित,उपचरित,पुरस्कृत",,
अञ्चित,वि।,पूजितः,,,द्रव्यम्,पृथ्वी,चलसजीवः,मनुष्यः,,,"पूजित,अञ्चित,वरिवसित,वरिवस्यित,उपासित,उपचरित,पुरस्कृत",,
पूर्ण,वि।,पूर्णः,,,द्रव्यम्,,,,,,"पूर्ण,पूरित",,
पूरित,वि।,पूर्णः,,,द्रव्यम्,,,,,,"पूर्ण,पूरित",,
क्लिष्ट,वि।,प्राप्तक्लेशः,,,द्रव्यम्,पृथ्वी,चलसजीवः,मनुष्यः,,,"क्लिष्ट,क्लिशित",,
क्लिशित,वि।,प्राप्तक्लेशः,,,द्रव्यम्,पृथ्वी,चलसजीवः,मनुष्यः,,,"क्लिष्ट,क्लिशित",,
अवसित,वि।,समाप्तः,,,द्रव्यम्,,,,,,"अवसित,सित",,
सित,वि।,समाप्तः,,,द्रव्यम्,,,,,,"अवसित,सित",,
प्रुष्ट,वि।,दग्धः,,,द्रव्यम्,,,,,,"प्रुष्ट,प्लुष्ट,उषित,दग्ध",,
प्लुष्ट,वि।,दग्धः,,,द्रव्यम्,,,,,,"प्रुष्ट,प्लुष्ट,उषित,दग्ध",,
उषित,वि।,दग्धः,,,द्रव्यम्,,,,,,"प्रुष्ट,प्लुष्ट,उषित,दग्ध",,
दग्ध,वि।,दग्धः,,,द्रव्यम्,,,,,,"प्रुष्ट,प्लुष्ट,उषित,दग्ध",,
तष्ट,वि।,तनूकृतः,,,क्रिया,,,,,,"तष्ट,त्वष्ट,तनूकृत",,
त्वष्ट,वि।,तनूकृतः,,,क्रिया,,,,,,"तष्ट,त्वष्ट,तनूकृत",,
तनूकृत,वि।,तनूकृतः,,,क्रिया,,,,,,"तष्ट,त्वष्ट,तनूकृत",,
वेधित,वि।,छिद्रितः,,,द्रव्यम्,,,,,,"वेधित,छिद्रित,विद्ध",,
छिद्रित,वि।,छिद्रितः,,,द्रव्यम्,,,,,,"वेधित,छिद्रित,विद्ध",,
विद्ध,वि।,छिद्रितः,,,द्रव्यम्,,,,,,"वेधित,छिद्रित,विद्ध",,
विन्न,वि।,प्राप्तविचारः,,,द्रव्यम्,,,,,,"विन्न,वित्त,विचारित",,
वित्त,वि।,प्राप्तविचारः,,,द्रव्यम्,,,,,,"विन्न,वित्त,विचारित",,
विचारित,वि।,प्राप्तविचारः,,,द्रव्यम्,,,,,,"विन्न,वित्त,विचारित",,
निष्प्रभ,वि।,दीप्तिहीनः,,,द्रव्यम्,,,,,,"निष्प्रभ,विगत,अरोक",,
विगत,वि।,दीप्तिहीनः,,,द्रव्यम्,,,,,,"निष्प्रभ,विगत,अरोक",,
अरोक,वि।,दीप्तिहीनः,,,द्रव्यम्,,,,,,"निष्प्रभ,विगत,अरोक",,
विलीन,वि।,स्वतःप्राप्तद्रवीभावः,,,द्रव्यम्,,,,,,"विलीन,विद्रुत,द्रुत",,
विद्रुत,वि।,स्वतःप्राप्तद्रवीभावः,,,द्रव्यम्,,,,,,"विलीन,विद्रुत,द्रुत",,
द्रुत,वि।,स्वतःप्राप्तद्रवीभावः,,,द्रव्यम्,,,,,,"विलीन,विद्रुत,द्रुत",,
सिद्ध,वि।,सिद्धः,,,द्रव्यम्,,,,,,"सिद्ध,निर्वृत्त,निष्पन्न",,
निर्वृत्त,वि।,सिद्धः,,,द्रव्यम्,,,,,,"सिद्ध,निर्वृत्त,निष्पन्न",,
निष्पन्न,वि।,सिद्धः,,,द्रव्यम्,,,,,,"सिद्ध,निर्वृत्त,निष्पन्न",,
दारित,वि।,भेदं_प्रापितः,,,द्रव्यम्,पृथ्वी,चलसजीवः,मनुष्यः,,,"दारित,भिन्न,भेदित",,
भिन्न,वि।,भेदं_प्रापितः,,,द्रव्यम्,पृथ्वी,चलसजीवः,मनुष्यः,,,"दारित,भिन्न,भेदित",,
भेदित,वि।,भेदं_प्रापितः,,,द्रव्यम्,पृथ्वी,चलसजीवः,मनुष्यः,,,"दारित,भिन्न,भेदित",,
ऊत,वि।,तन्तुसन्तम्,,वस्त्रम्,,,,,,,"ऊत,स्यूत,उत",,
स्यूत,वि।,तन्तुसन्तम्,,वस्त्रम्,,,,,,,"ऊत,स्यूत,उत",,
उत,वि।,तन्तुसन्तम्,,वस्त्रम्,,,,,,,"ऊत,स्यूत,उत",,
अर्हित,वि।,नमस्कृतम्,,,द्रव्यम्,,,,,,"अर्हित,नमस्यित,नमसित,अपचायित,अर्चित,अपचित",,
नमस्यित,वि।,नमस्कृतम्,,,द्रव्यम्,,,,,,"अर्हित,नमस्यित,नमसित,अपचायित,अर्चित,अपचित",,
नमसित,वि।,नमस्कृतम्,,,द्रव्यम्,,,,,,"अर्हित,नमस्यित,नमसित,अपचायित,अर्चित,अपचित",,
अपचायित,वि।,नमस्कृतम्,,,द्रव्यम्,,,,,,"अर्हित,नमस्यित,नमसित,अपचायित,अर्चित,अपचित",,
अर्चित,वि।,नमस्कृतम्,,,द्रव्यम्,,,,,,"अर्हित,नमस्यित,नमसित,अपचायित,अर्चित,अपचित",,
अपचित,वि।,नमस्कृतम्,,,द्रव्यम्,,,,,,"अर्हित,नमस्यित,नमसित,अपचायित,अर्चित,अपचित",,
वरिवसित,वि।,पूजितः,,,द्रव्यम्,पृथ्वी,चलसजीवः,मनुष्यः,,,"पूजित,अञ्चित,वरिवसित,वरिवस्यित,उपासित,उपचरित,पुरस्कृत",,
वरिवस्यित,वि।,पूजितः,,,द्रव्यम्,पृथ्वी,चलसजीवः,मनुष्यः,,,"पूजित,अञ्चित,वरिवसित,वरिवस्यित,उपासित,उपचरित,पुरस्कृत",,
उपासित,वि।,पूजितः,,,द्रव्यम्,पृथ्वी,चलसजीवः,मनुष्यः,,,"पूजित,अञ्चित,वरिवसित,वरिवस्यित,उपासित,उपचरित,पुरस्कृत",,
उपचरित,वि।,पूजितः,,,द्रव्यम्,पृथ्वी,चलसजीवः,मनुष्यः,,,"पूजित,अञ्चित,वरिवसित,वरिवस्यित,उपासित,उपचरित,पुरस्कृत",,
सन्तापित,वि।,सन्तापितः,,,द्रव्यम्,,,,,,"सन्तापित,सन्तप्त,धूपित,धूपायित,दून",,
सन्तप्त,वि।,सन्तापितः,,,द्रव्यम्,,,,,,"सन्तापित,सन्तप्त,धूपित,धूपायित,दून",,
धूपित,वि।,सन्तापितः,,,द्रव्यम्,,,,,,"सन्तापित,सन्तप्त,धूपित,धूपायित,दून",,
धूपायित,वि।,सन्तापितः,,,द्रव्यम्,,,,,,"सन्तापित,सन्तप्त,धूपित,धूपायित,दून",,
दून,वि।,सन्तापितः,,,द्रव्यम्,,,,,,"सन्तापित,सन्तप्त,धूपित,धूपायित,दून",,
हृष्ट,वि।,प्रमुदितः,,,द्रव्यम्,पृथ्वी,चलसजीवः,मनुष्यः,,,"हृष्ट,मत्त,तृप्त,प्रह्लन्न,प्रमुदित,प्रीत,प्रतीत",,
मत्त,वि।,प्रमुदितः,,,द्रव्यम्,पृथ्वी,चलसजीवः,मनुष्यः,,,"हृष्ट,मत्त,तृप्त,प्रह्लन्न,प्रमुदित,प्रीत,प्रतीत",,
तृप्त,वि।,प्रमुदितः,,,द्रव्यम्,पृथ्वी,चलसजीवः,मनुष्यः,,,"हृष्ट,मत्त,तृप्त,प्रह्लन्न,प्रमुदित,प्रीत,प्रतीत",,
प्रह्लन्न,वि।,प्रमुदितः,,,द्रव्यम्,पृथ्वी,चलसजीवः,मनुष्यः,,,"हृष्ट,मत्त,तृप्त,प्रह्लन्न,प्रमुदित,प्रीत,प्रतीत",,
प्रमुदित,वि।,प्रमुदितः,,,द्रव्यम्,पृथ्वी,चलसजीवः,मनुष्यः,,,"हृष्ट,मत्त,तृप्त,प्रह्लन्न,प्रमुदित,प्रीत,प्रतीत",,
प्रीत,वि।,प्रमुदितः,,,द्रव्यम्,पृथ्वी,चलसजीवः,मनुष्यः,,,"हृष्ट,मत्त,तृप्त,प्रह्लन्न,प्रमुदित,प्रीत,प्रतीत",,
छिन्न,वि।,खण्डितम्,,,द्रव्यम्,,,,,,"छिन्न,छात,लून,कृत्त,दात,दित,छित,वृक्ण",,
छात,वि।,खण्डितम्,,,द्रव्यम्,,,,,,"छिन्न,छात,लून,कृत्त,दात,दित,छित,वृक्ण",,
लून,वि।,खण्डितम्,,,द्रव्यम्,,,,,,"छिन्न,छात,लून,कृत्त,दात,दित,छित,वृक्ण",,
कृत्त,वि।,खण्डितम्,,,द्रव्यम्,,,,,,"छिन्न,छात,लून,कृत्त,दात,दित,छित,वृक्ण",,
दात,वि।,खण्डितम्,,,द्रव्यम्,,,,,,"छिन्न,छात,लून,कृत्त,दात,दित,छित,वृक्ण",,
दित,वि।,खण्डितम्,,,द्रव्यम्,,,,,,"छिन्न,छात,लून,कृत्त,दात,दित,छित,वृक्ण",,
छित,वि।,खण्डितम्,,,द्रव्यम्,,,,,,"छिन्न,छात,लून,कृत्त,दात,दित,छित,वृक्ण",,
वृक्ण,वि।,खण्डितम्,,,द्रव्यम्,,,,,,"छिन्न,छात,लून,कृत्त,दात,दित,छित,वृक्ण",,
स्रस्त,वि।,च्युतम्,,,द्रव्यम्,,,,,,"स्रस्त,ध्वस्त,भ्रष्ट,स्कन्न,पन्न,च्युत,गलित",,
ध्वस्त,वि।,च्युतम्,,,द्रव्यम्,,,,,,"स्रस्त,ध्वस्त,भ्रष्ट,स्कन्न,पन्न,च्युत,गलित",,
भ्रष्ट,वि।,च्युतम्,,,द्रव्यम्,,,,,,"स्रस्त,ध्वस्त,भ्रष्ट,स्कन्न,पन्न,च्युत,गलित",,
स्कन्न,वि।,च्युतम्,,,द्रव्यम्,,,,,,"स्रस्त,ध्वस्त,भ्रष्ट,स्कन्न,पन्न,च्युत,गलित",,
पन्न,वि।,च्युतम्,,,द्रव्यम्,,,,,,"स्रस्त,ध्वस्त,भ्रष्ट,स्कन्न,पन्न,च्युत,गलित",,
च्युत,वि।,च्युतम्,,,द्रव्यम्,,,,,,"स्रस्त,ध्वस्त,भ्रष्ट,स्कन्न,पन्न,च्युत,गलित",,
गलित,वि।,च्युतम्,,,द्रव्यम्,,,,,,"स्रस्त,ध्वस्त,भ्रष्ट,स्कन्न,पन्न,च्युत,गलित",,
लब्ध,वि।,प्राप्तम्,,,द्रव्यम्,,,,,,"लब्ध,प्राप्त,विन्न,भावित,आसादित,भूत",,
प्राप्त,वि।,प्राप्तम्,,,द्रव्यम्,,,,,,"लब्ध,प्राप्त,विन्न,भावित,आसादित,भूत",,
विन्न,वि।,प्राप्तम्,,,द्रव्यम्,,,,,,"लब्ध,प्राप्त,विन्न,भावित,आसादित,भूत",,
भावित,वि।,प्राप्तम्,,,द्रव्यम्,,,,,,"लब्ध,प्राप्त,विन्न,भावित,आसादित,भूत",,
आसादित,वि।,प्राप्तम्,,,द्रव्यम्,,,,,,"लब्ध,प्राप्त,विन्न,भावित,आसादित,भूत",,
भूत,वि।,प्राप्तम्,,,द्रव्यम्,,,,,,"लब्ध,प्राप्त,विन्न,भावित,आसादित,भूत",,
अन्वेषित,वि।,गवेषितम्,,,द्रव्यम्,,,,,,"अन्वेषित,गवेषित,अन्विष्ट,मार्गित,मृगित",,
गवेषित,वि।,गवेषितम्,,,द्रव्यम्,,,,,,"अन्वेषित,गवेषित,अन्विष्ट,मार्गित,मृगित",,
अन्विष्ट,वि।,गवेषितम्,,,द्रव्यम्,,,,,,"अन्वेषित,गवेषित,अन्विष्ट,मार्गित,मृगित",,
मार्गित,वि।,गवेषितम्,,,द्रव्यम्,,,,,,"अन्वेषित,गवेषित,अन्विष्ट,मार्गित,मृगित",,
मृगित,वि।,गवेषितम्,,,द्रव्यम्,,,,,,"अन्वेषित,गवेषित,अन्विष्ट,मार्गित,मृगित",,
आर्द्र,वि।,क्लिन्नम्,,,द्रव्यम्,,,,,,"आर्द्र,सार्द्र,क्लिन्न,तिमित,स्तिमित,समुन्न,उत्त",,
सार्द्र,वि।,क्लिन्नम्,,,द्रव्यम्,,,,,,"आर्द्र,सार्द्र,क्लिन्न,तिमित,स्तिमित,समुन्न,उत्त",,
क्लिन्न,वि।,क्लिन्नम्,,,द्रव्यम्,,,,,,"आर्द्र,सार्द्र,क्लिन्न,तिमित,स्तिमित,समुन्न,उत्त",,
तिमित,वि।,क्लिन्नम्,,,द्रव्यम्,,,,,,"आर्द्र,सार्द्र,क्लिन्न,तिमित,स्तिमित,समुन्न,उत्त",,
स्तिमित,वि।,क्लिन्नम्,,,द्रव्यम्,,,,,,"आर्द्र,सार्द्र,क्लिन्न,तिमित,स्तिमित,समुन्न,उत्त",,
समुन्न,वि।,क्लिन्नम्,,,द्रव्यम्,,,,,,"आर्द्र,सार्द्र,क्लिन्न,तिमित,स्तिमित,समुन्न,उत्त",,
उत्त,वि।,क्लिन्नम्,,,द्रव्यम्,,,,,,"आर्द्र,सार्द्र,क्लिन्न,तिमित,स्तिमित,समुन्न,उत्त",,
त्रात,वि।,रक्षितम्,,,द्रव्यम्,,,,,,"त्रात,त्राण,रक्षित,अवित,गोपायित,गुप्त",,
त्राण,वि।,रक्षितम्,,,द्रव्यम्,,,,,,"त्रात,त्राण,रक्षित,अवित,गोपायित,गुप्त",,
रक्षित,वि।,रक्षितम्,,,द्रव्यम्,,,,,,"त्रात,त्राण,रक्षित,अवित,गोपायित,गुप्त",,
अवित,वि।,रक्षितम्,,,द्रव्यम्,,,,,,"त्रात,त्राण,रक्षित,अवित,गोपायित,गुप्त",,
गोपायित,वि।,रक्षितम्,,,द्रव्यम्,,,,,,"त्रात,त्राण,रक्षित,अवित,गोपायित,गुप्त",,
गुप्त,वि।,रक्षितम्,,,द्रव्यम्,,,,,,"त्रात,त्राण,रक्षित,अवित,गोपायित,गुप्त",,
अवगणित,वि।,अवमानितम्,,,द्रव्यम्,,,,,,"अवगणित,अवमत,अवज्ञात,अवमानित,परिभूत,हेला",,
अवमत,वि।,अवमानितम्,,,द्रव्यम्,,,,,,"अवगणित,अवमत,अवज्ञात,अवमानित,परिभूत,हेला",,
अवज्ञात,वि।,अवमानितम्,,,द्रव्यम्,,,,,,"अवगणित,अवमत,अवज्ञात,अवमानित,परिभूत,हेला",,
अवमानित,वि।,अवमानितम्,,,द्रव्यम्,,,,,,"अवगणित,अवमत,अवज्ञात,अवमानित,परिभूत,हेला",,
परिभूत,वि।,अवमानितम्,,,द्रव्यम्,,,,,,"अवगणित,अवमत,अवज्ञात,अवमानित,परिभूत,हेला",,
त्यक्त,वि।,उत्सृष्टम्,,,द्रव्यम्,,,,,,"त्यक्त,हीन,विधुत,समुज्झित,धूत,उत्सृष्ट",,
हीन,वि।,उत्सृष्टम्,,,द्रव्यम्,,,,,,"त्यक्त,हीन,विधुत,समुज्झित,धूत,उत्सृष्ट",,
विधुत,वि।,उत्सृष्टम्,,,द्रव्यम्,,,,,,"त्यक्त,हीन,विधुत,समुज्झित,धूत,उत्सृष्ट",,
समुज्झित,वि।,उत्सृष्टम्,,,द्रव्यम्,,,,,,"त्यक्त,हीन,विधुत,समुज्झित,धूत,उत्सृष्ट",,
धूत,वि।,उत्सृष्टम्,,,द्रव्यम्,,,,,,"त्यक्त,हीन,विधुत,समुज्झित,धूत,उत्सृष्ट",,
उत्सृष्ट,वि।,उत्सृष्टम्,,,द्रव्यम्,,,,,,"त्यक्त,हीन,विधुत,समुज्झित,धूत,उत्सृष्ट",,
उक्त,वि।,उक्तम्,,,द्रव्यम्,,,,,,"उक्त,भाषित,उदित,जल्पित,आख्यात,अभिहित,लपित",,
भाषित,वि।,उक्तम्,,,द्रव्यम्,,,,,,"उक्त,भाषित,उदित,जल्पित,आख्यात,अभिहित,लपित",,
उदित,वि।,उक्तम्,,,द्रव्यम्,,,,,,"उक्त,भाषित,उदित,जल्पित,आख्यात,अभिहित,लपित",,
जल्पित,वि।,उक्तम्,,,द्रव्यम्,,,,,,"उक्त,भाषित,उदित,जल्पित,आख्यात,अभिहित,लपित",,
आख्यात,वि।,उक्तम्,,,द्रव्यम्,,,,,,"उक्त,भाषित,उदित,जल्पित,आख्यात,अभिहित,लपित",,
अभिहित,वि।,उक्तम्,,,द्रव्यम्,,,,,,"उक्त,भाषित,उदित,जल्पित,आख्यात,अभिहित,लपित",,
लपित,वि।,उक्तम्,,,द्रव्यम्,,,,,,"उक्त,भाषित,उदित,जल्पित,आख्यात,अभिहित,लपित",,
बुद्ध,वि।,अवगतम्,,,द्रव्यम्,,,,,,"बुद्ध,बुधित,मनित,विदित,प्रतिपन्न,अवसित,अवगत",,
बुधित,वि।,अवगतम्,,,द्रव्यम्,,,,,,"बुद्ध,बुधित,मनित,विदित,प्रतिपन्न,अवसित,अवगत",,
मनित,वि।,अवगतम्,,,द्रव्यम्,,,,,,"बुद्ध,बुधित,मनित,विदित,प्रतिपन्न,अवसित,अवगत",,
विदित,वि।,अवगतम्,,,द्रव्यम्,,,,,,"बुद्ध,बुधित,मनित,विदित,प्रतिपन्न,अवसित,अवगत",,
प्रतिपन्न,वि।,अवगतम्,,,द्रव्यम्,,,,,,"बुद्ध,बुधित,मनित,विदित,प्रतिपन्न,अवसित,अवगत",,
अवसित,वि।,अवगतम्,,,द्रव्यम्,,,,,,"बुद्ध,बुधित,मनित,विदित,प्रतिपन्न,अवसित,अवगत",,
अवगत,वि।,अवगतम्,,,द्रव्यम्,,,,,,"बुद्ध,बुधित,मनित,विदित,प्रतिपन्न,अवसित,अवगत",,
ऊरीकृत,वि।,अङ्गीकृतम्,,,द्रव्यम्,,,,,,"ऊरीकृत,उररीकृत,अङ्गीकृत,आश्रुत,प्रतिज्ञात,सङ्गीर्ण,विदित,संश्रुत,समाहित,उपश्रुत,उपगत",,
उररीकृत,वि।,अङ्गीकृतम्,,,द्रव्यम्,,,,,,"ऊरीकृत,उररीकृत,अङ्गीकृत,आश्रुत,प्रतिज्ञात,सङ्गीर्ण,विदित,संश्रुत,समाहित,उपश्रुत,उपगत",,
अङ्गीकृत,वि।,अङ्गीकृतम्,,,द्रव्यम्,,,,,,"ऊरीकृत,उररीकृत,अङ्गीकृत,आश्रुत,प्रतिज्ञात,सङ्गीर्ण,विदित,संश्रुत,समाहित,उपश्रुत,उपगत",,
आश्रुत,वि।,अङ्गीकृतम्,,,द्रव्यम्,,,,,,"ऊरीकृत,उररीकृत,अङ्गीकृत,आश्रुत,प्रतिज्ञात,सङ्गीर्ण,विदित,संश्रुत,समाहित,उपश्रुत,उपगत",,
प्रतिज्ञात,वि।,अङ्गीकृतम्,,,द्रव्यम्,,,,,,"ऊरीकृत,उररीकृत,अङ्गीकृत,आश्रुत,प्रतिज्ञात,सङ्गीर्ण,विदित,संश्रुत,समाहित,उपश्रुत,उपगत",,
सङ्गीर्ण,वि।,अङ्गीकृतम्,,,द्रव्यम्,,,,,,"ऊरीकृत,उररीकृत,अङ्गीकृत,आश्रुत,प्रतिज्ञात,सङ्गीर्ण,विदित,संश्रुत,समाहित,उपश्रुत,उपगत",,
विदित,वि।,अङ्गीकृतम्,,,द्रव्यम्,,,,,,"ऊरीकृत,उररीकृत,अङ्गीकृत,आश्रुत,प्रतिज्ञात,सङ्गीर्ण,विदित,संश्रुत,समाहित,उपश्रुत,उपगत",,
संश्रुत,वि।,अङ्गीकृतम्,,,द्रव्यम्,,,,,,"ऊरीकृत,उररीकृत,अङ्गीकृत,आश्रुत,प्रतिज्ञात,सङ्गीर्ण,विदित,संश्रुत,समाहित,उपश्रुत,उपगत",,
समाहित,वि।,अङ्गीकृतम्,,,द्रव्यम्,,,,,,"ऊरीकृत,उररीकृत,अङ्गीकृत,आश्रुत,प्रतिज्ञात,सङ्गीर्ण,विदित,संश्रुत,समाहित,उपश्रुत,उपगत",,
उपश्रुत,वि।,अङ्गीकृतम्,,,द्रव्यम्,,,,,,"ऊरीकृत,उररीकृत,अङ्गीकृत,आश्रुत,प्रतिज्ञात,सङ्गीर्ण,विदित,संश्रुत,समाहित,उपश्रुत,उपगत",,
उपगत,वि।,अङ्गीकृतम्,,,द्रव्यम्,,,,,,"ऊरीकृत,उररीकृत,अङ्गीकृत,आश्रुत,प्रतिज्ञात,सङ्गीर्ण,विदित,संश्रुत,समाहित,उपश्रुत,उपगत",,
ईलित,वि।,स्तुतम्,,,द्रव्यम्,,,,,,"ईलित,शस्त,पणायित,पनायित,प्रणुत,पणित,पनित,गीर्ण,वर्णित,अभिष्टुत,ईडित,स्तुत",,
शस्त,वि।,स्तुतम्,,,द्रव्यम्,,,,,,"ईलित,शस्त,पणायित,पनायित,प्रणुत,पणित,पनित,गीर्ण,वर्णित,अभिष्टुत,ईडित,स्तुत",,
पणायित,वि।,स्तुतम्,,,द्रव्यम्,,,,,,"ईलित,शस्त,पणायित,पनायित,प्रणुत,पणित,पनित,गीर्ण,वर्णित,अभिष्टुत,ईडित,स्तुत",,
पनायित,वि।,स्तुतम्,,,द्रव्यम्,,,,,,"ईलित,शस्त,पणायित,पनायित,प्रणुत,पणित,पनित,गीर्ण,वर्णित,अभिष्टुत,ईडित,स्तुत",,
प्रणुत,वि।,स्तुतम्,,,द्रव्यम्,,,,,,"ईलित,शस्त,पणायित,पनायित,प्रणुत,पणित,पनित,गीर्ण,वर्णित,अभिष्टुत,ईडित,स्तुत",,
पणित,वि।,स्तुतम्,,,द्रव्यम्,,,,,,"ईलित,शस्त,पणायित,पनायित,प्रणुत,पणित,पनित,गीर्ण,वर्णित,अभिष्टुत,ईडित,स्तुत",,
पनित,वि।,स्तुतम्,,,द्रव्यम्,,,,,,"ईलित,शस्त,पणायित,पनायित,प्रणुत,पणित,पनित,गीर्ण,वर्णित,अभिष्टुत,ईडित,स्तुत",,
गीर्ण,वि।,स्तुतम्,,,द्रव्यम्,,,,,,"ईलित,शस्त,पणायित,पनायित,प्रणुत,पणित,पनित,गीर्ण,वर्णित,अभिष्टुत,ईडित,स्तुत",,
वर्णित,वि।,स्तुतम्,,,द्रव्यम्,,,,,,"ईलित,शस्त,पणायित,पनायित,प्रणुत,पणित,पनित,गीर्ण,वर्णित,अभिष्टुत,ईडित,स्तुत",,
अभिष्टुत,वि।,स्तुतम्,,,द्रव्यम्,,,,,,"ईलित,शस्त,पणायित,पनायित,प्रणुत,पणित,पनित,गीर्ण,वर्णित,अभिष्टुत,ईडित,स्तुत",,
ईडित,वि।,स्तुतम्,,,द्रव्यम्,,,,,,"ईलित,शस्त,पणायित,पनायित,प्रणुत,पणित,पनित,गीर्ण,वर्णित,अभिष्टुत,ईडित,स्तुत",,
स्तुत,वि।,स्तुतम्,,,द्रव्यम्,,,,,,"ईलित,शस्त,पणायित,पनायित,प्रणुत,पणित,पनित,गीर्ण,वर्णित,अभिष्टुत,ईडित,स्तुत",,
भक्षित,वि।,भक्षितम्,,,द्रव्यम्,पृथ्वी,अचलनिर्जीवः,अचलनिर्जीववस्तु,,,"भक्षित,चर्वित,लिप्त,प्रत्यवसित,गिलित,खादित,प्सात,अभ्यवहृत,अन्न,जग्ध,ग्रस्त,ग्लस्त,अशित,भुक्त",,
चर्वित,वि।,भक्षितम्,,,द्रव्यम्,पृथ्वी,अचलनिर्जीवः,अचलनिर्जीववस्तु,,,"भक्षित,चर्वित,लिप्त,प्रत्यवसित,गिलित,खादित,प्सात,अभ्यवहृत,अन्न,जग्ध,ग्रस्त,ग्लस्त,अशित,भुक्त",,
लिप्त,वि।,भक्षितम्,,,द्रव्यम्,पृथ्वी,अचलनिर्जीवः,अचलनिर्जीववस्तु,,,"भक्षित,चर्वित,लिप्त,प्रत्यवसित,गिलित,खादित,प्सात,अभ्यवहृत,अन्न,जग्ध,ग्रस्त,ग्लस्त,अशित,भुक्त",,
प्रत्यवसित,वि।,भक्षितम्,,,द्रव्यम्,पृथ्वी,अचलनिर्जीवः,अचलनिर्जीववस्तु,,,"भक्षित,चर्वित,लिप्त,प्रत्यवसित,गिलित,खादित,प्सात,अभ्यवहृत,अन्न,जग्ध,ग्रस्त,ग्लस्त,अशित,भुक्त",,
गिलित,वि।,भक्षितम्,,,द्रव्यम्,पृथ्वी,अचलनिर्जीवः,अचलनिर्जीववस्तु,,,"भक्षित,चर्वित,लिप्त,प्रत्यवसित,गिलित,खादित,प्सात,अभ्यवहृत,अन्न,जग्ध,ग्रस्त,ग्लस्त,अशित,भुक्त",,
खादित,वि।,भक्षितम्,,,द्रव्यम्,पृथ्वी,अचलनिर्जीवः,अचलनिर्जीववस्तु,,,"भक्षित,चर्वित,लिप्त,प्रत्यवसित,गिलित,खादित,प्सात,अभ्यवहृत,अन्न,जग्ध,ग्रस्त,ग्लस्त,अशित,भुक्त",,
प्सात,वि।,भक्षितम्,,,द्रव्यम्,पृथ्वी,अचलनिर्जीवः,अचलनिर्जीववस्तु,,,"भक्षित,चर्वित,लिप्त,प्रत्यवसित,गिलित,खादित,प्सात,अभ्यवहृत,अन्न,जग्ध,ग्रस्त,ग्लस्त,अशित,भुक्त",,
अभ्यवहृत,वि।,भक्षितम्,,,द्रव्यम्,पृथ्वी,अचलनिर्जीवः,अचलनिर्जीववस्तु,,,"भक्षित,चर्वित,लिप्त,प्रत्यवसित,गिलित,खादित,प्सात,अभ्यवहृत,अन्न,जग्ध,ग्रस्त,ग्लस्त,अशित,भुक्त",,
अन्न,वि।,भक्षितम्,,,द्रव्यम्,पृथ्वी,अचलनिर्जीवः,अचलनिर्जीववस्तु,,,"भक्षित,चर्वित,लिप्त,प्रत्यवसित,गिलित,खादित,प्सात,अभ्यवहृत,अन्न,जग्ध,ग्रस्त,ग्लस्त,अशित,भुक्त",,
जग्ध,वि।,भक्षितम्,,,द्रव्यम्,पृथ्वी,अचलनिर्जीवः,अचलनिर्जीववस्तु,,,"भक्षित,चर्वित,लिप्त,प्रत्यवसित,गिलित,खादित,प्सात,अभ्यवहृत,अन्न,जग्ध,ग्रस्त,ग्लस्त,अशित,भुक्त",,
ग्रस्त,वि।,भक्षितम्,,,द्रव्यम्,पृथ्वी,अचलनिर्जीवः,अचलनिर्जीववस्तु,,,"भक्षित,चर्वित,लिप्त,प्रत्यवसित,गिलित,खादित,प्सात,अभ्यवहृत,अन्न,जग्ध,ग्रस्त,ग्लस्त,अशित,भुक्त",,
ग्लस्त,वि।,भक्षितम्,,,द्रव्यम्,पृथ्वी,अचलनिर्जीवः,अचलनिर्जीववस्तु,,,"भक्षित,चर्वित,लिप्त,प्रत्यवसित,गिलित,खादित,प्सात,अभ्यवहृत,अन्न,जग्ध,ग्रस्त,ग्लस्त,अशित,भुक्त",,
अशित,वि।,भक्षितम्,,,द्रव्यम्,पृथ्वी,अचलनिर्जीवः,अचलनिर्जीववस्तु,,,"भक्षित,चर्वित,लिप्त,प्रत्यवसित,गिलित,खादित,प्सात,अभ्यवहृत,अन्न,जग्ध,ग्रस्त,ग्लस्त,अशित,भुक्त",,
भुक्त,वि।,भक्षितम्,,,द्रव्यम्,पृथ्वी,अचलनिर्जीवः,अचलनिर्जीववस्तु,,,"भक्षित,चर्वित,लिप्त,प्रत्यवसित,गिलित,खादित,प्सात,अभ्यवहृत,अन्न,जग्ध,ग्रस्त,ग्लस्त,अशित,भुक्त",,
क्षेपिष्ठ,वि।,अतिशयेन_क्षिप्रः,,,द्रव्यम्,,,,,,क्षेपिष्ठ,,
क्षोदिष्ठ,वि।,अतिशयेन_क्षुदः,,,द्रव्यम्,,,,,,क्षोदिष्ठ,,
प्रेष्ठ,वि।,अतिशयेन_प्रियः,,,द्रव्यम्,पृथ्वी,चलसजीवः,मनुष्यः,,,प्रेष्ठ,,
वरिष्ठ,वि।,अतिशयेन_पृथुः,,,द्रव्यम्,,,,,,वरिष्ठ,,
स्थविष्ठ,वि।,अतिशयेन_पीवरः,,,द्रव्यम्,,,,,,स्थविष्ठ,,
बंहिष्ठ,वि।,अतिशयेन_बहुलः,,,द्रव्यम्,,,,,,बंहिष्ठ,,
साधिष्ठ,वि।,अतिशयेन_बाढः,,,द्रव्यम्,,,,,,साधिष्ठ,,
द्राघिष्ठ,वि।,अतिशयेन_व्यायतः,,,द्रव्यम्,,,,,,द्राघिष्ठ,,
स्फेष्ठ,वि।,अतिशयेन_बहु,,,द्रव्यम्,,,,,,स्फेष्ठ,,
गरिष्ठ,वि।,अतिशयेन_गुरुः,,,द्रव्यम्,,,,,,गरिष्ठ,,
ह्रसिष्ठ,वि।,अतिशयेन_वामनः,,,द्रव्यम्,,,,,,ह्रसिष्ठ,,
वृन्दिष्ठ,वि।,अतिशयेन_वृन्दारकः,,,द्रव्यम्,,,,,,वृन्दिष्ठ,,
